codigo_institucion,nombre_institucion,codigo_programa,nombre_programa,tipo_certificado,jornada_1,jornada_2,jornada_3
3271,aaa academia fast english usa,6925,alto intermedio nivel c1,conocimientos académicos,diurna,nocturna,fin de semana
3271,aaa academia fast english usa,6926,avanzado nivel c2,conocimientos académicos,diurna,nocturna,fin de semana
3271,aaa academia fast english usa,6927,basico nivel a2,conocimientos académicos,diurna,nocturna,fin de semana
3271,aaa academia fast english usa,6928,"elemental nivel a1,",conocimientos académicos,diurna,nocturna,fin de semana
3271,aaa academia fast english usa,6929,intermedio nivel b2,conocimientos académicos,diurna,nocturna,fin de semana
3271,aaa academia fast english usa,6930,pre intermedio nivel b1,conocimientos académicos,diurna,nocturna,fin de semana
5423,academia  de artes aída,6931,auxiliar administrativo,técnico laboral,diurna,nocturna,N/A
5423,academia  de artes aída,6932,auxiliar contable y financiero,técnico laboral,diurna,nocturna,N/A
5423,academia  de artes aída,6933,fundamentación    musical,técnico laboral,diurna,nocturna,fin de semana
5423,academia  de artes aída,6934,instruccion de artesanias,técnico laboral,diurna,nocturna,fin de semana
5423,academia  de artes aída,6935,mercaderista e impulsador,técnico laboral,diurna,nocturna,N/A
6439,academia  de aviacion internacional s.a.s,14218,técnico laboral en despachador de aeronaves d.p.a,técnico laboral,diurna,nocturna,fin de semana
6439,academia  de aviacion internacional s.a.s,33871,técnico laboral en mantenimiento aereonautico,técnico laboral,diurna,nocturna,fin de semana
6439,academia  de aviacion internacional s.a.s,14219,técnico laboral en tripulante cabina de pasajeros,técnico laboral,diurna,nocturna,fin de semana
8970,academia aaa de automovilismo,42131,curso de formación de conductores categoría a1,capacitación en conducción,diurna,nocturna,fin de semana
8970,academia aaa de automovilismo,42132,curso de formación de conductores categoría a2,capacitación en conducción,diurna,nocturna,fin de semana
8970,academia aaa de automovilismo,42129,curso de formación de conductores categoría b1,capacitación en conducción,diurna,nocturna,fin de semana
8970,academia aaa de automovilismo,42130,curso de formación de conductores categoría c1,capacitación en conducción,diurna,nocturna,fin de semana
5437,academia de artes  y oficios  acadeartes,6936,tecnico laboral en confeccion industrial de ropa femenina,técnico laboral,nocturna,fin de semana,N/A
6794,academia de automovilismo autocali,15970,curso de formación de conductores categoría a1,capacitación en conducción,diurna,nocturna,fin de semana
6794,academia de automovilismo autocali,15972,curso de formación de conductores categoría a2,capacitación en conducción,diurna,nocturna,fin de semana
6794,academia de automovilismo autocali,15968,curso de formación de conductores categoría b1,capacitación en conducción,diurna,nocturna,fin de semana
6794,academia de automovilismo autocali,15971,curso de formación de conductores categoría b2,capacitación en conducción,diurna,nocturna,fin de semana
6794,academia de automovilismo autocali,15969,curso de formación de conductores categoría c1,capacitación en conducción,diurna,nocturna,fin de semana
6794,academia de automovilismo autocali,15973,curso de formación de conductores categoría c2,capacitación en conducción,diurna,nocturna,fin de semana
3272,academia de automovilismo j c del norte,6939,capacitacion de conduccion categoria  b2,capacitación en conducción,diurna,fin de semana,N/A
3272,academia de automovilismo j c del norte,6940,capacitacion de conduccion categoria  c2,capacitación en conducción,diurna,fin de semana,N/A
3272,academia de automovilismo j c del norte,6937,curso de formación de conductores categoría a2,capacitación en conducción,diurna,nocturna,fin de semana
3272,academia de automovilismo j c del norte,56001,curso de formación de conductores categoría a2,capacitación en conducción,diurna,nocturna,fin de semana
3272,academia de automovilismo j c del norte,6941,curso de formación de conductores categoría b1,capacitación en conducción,diurna,nocturna,fin de semana
3272,academia de automovilismo j c del norte,56002,curso de formación de conductores categoría b1,capacitación en conducción,diurna,nocturna,fin de semana
3272,academia de automovilismo j c del norte,6938,curso de formación de conductores categoría c1,capacitación en conducción,diurna,nocturna,fin de semana
3272,academia de automovilismo j c del norte,56003,curso de formación de conductores categoría c1,capacitación en conducción,diurna,nocturna,fin de semana
6552,academia de automovlilismo rally montecarlo,14892,curso de formación de conductores categoría a2,capacitación en conducción,diurna,fin de semana,N/A
6552,academia de automovlilismo rally montecarlo,14893,curso de formación de conductores categoría b1,capacitación en conducción,diurna,fin de semana,N/A
6552,academia de automovlilismo rally montecarlo,14894,curso de formación de conductores categoría c1,capacitación en conducción,diurna,fin de semana,N/A
2662,academia de belleza carrusel,6945,peluqueria,técnico laboral,diurna,nocturna,fin de semana
2662,academia de belleza carrusel,6942,técnico laboral en cosmetología y estética integral,técnico laboral,diurna,nocturna,fin de semana
2662,academia de belleza carrusel,6943,técnico laboral en cuidado estético de manos y pies,técnico laboral,diurna,nocturna,fin de semana
2662,academia de belleza carrusel,45301,técnico laboral en diseño de corte y barberia,técnico laboral,diurna,nocturna,fin de semana
2662,academia de belleza carrusel,6944,técnico laboral en maquillaje artístico y decorativo,técnico laboral,diurna,nocturna,fin de semana
2662,academia de belleza carrusel,6946,técnico laboral en peluqueria y cosmética capilar,técnico laboral,diurna,nocturna,fin de semana
4444,academia de belleza yvonne,6947,cuidado estetico de manos y pies,técnico laboral,diurna,nocturna,fin de semana
4444,academia de belleza yvonne,6948,maquillaje artistico y decorativo,técnico laboral,diurna,nocturna,fin de semana
4444,academia de belleza yvonne,6950,peluqueria,técnico laboral,diurna,nocturna,N/A
4444,academia de belleza yvonne,6949,peluqueria,técnico laboral,diurna,nocturna,fin de semana
4444,academia de belleza yvonne,50479,técnico laboral en barberia,técnico laboral,diurna,nocturna,fin de semana
4444,academia de belleza yvonne,32321,técnico laboral en cuidado estetico de manos y pies,técnico laboral,diurna,nocturna,fin de semana
4444,academia de belleza yvonne,32323,técnico laboral en maquillaje artistico y decorativo,técnico laboral,diurna,nocturna,fin de semana
4444,academia de belleza yvonne,54441,técnico laboral en maquillaje artistico y decorativo,técnico laboral,diurna,nocturna,fin de semana
4444,academia de belleza yvonne,50474,técnico laboral en peluqueria,técnico laboral,diurna,nocturna,fin de semana
3333,academia de comunicacion  jaime echeverry loaiza,6951,locución y comunicacionpara radio  prensa y television,técnico laboral,diurna,nocturna,fin de semana
3762,academia de conduccion el timon,6952,capacitacion en conduccion categoria a1,capacitación en conducción,diurna,sin definir,N/A
3762,academia de conduccion el timon,6953,capacitacion en conduccion categoria a2,capacitación en conducción,diurna,nocturna,fin de semana
3762,academia de conduccion el timon,6954,capacitacion en conduccion categoria b1,capacitación en conducción,diurna,sin definir,N/A
3762,academia de conduccion el timon,6955,capacitacion en conduccion categoria c1,capacitación en conducción,diurna,sin definir,N/A
6603,academia de conduccion santa isabel,16278,conocimientos académicos en conduccion categoria a2,capacitación en conducción,diurna,nocturna,fin de semana
6603,academia de conduccion santa isabel,16277,conocimientos académicos en conduccion categoria b1,capacitación en conducción,diurna,nocturna,fin de semana
6603,academia de conduccion santa isabel,16279,conocimientos académicos en conduccion categoria c1,capacitación en conducción,diurna,nocturna,fin de semana
3045,academia de diseño de modas diseñamos ltda,6956,auxiliar de diseño se modas,técnico laboral,diurna,nocturna,fin de semana
7903,academia de estetica y peluqueria colombo suiza,43964,técnico laboral en cosmetologia y estetica integral,técnico laboral,diurna,nocturna,fin de semana
7903,academia de estetica y peluqueria colombo suiza,33005,técnico laboral en cuidado estetico de manos y pies,técnico laboral,diurna,nocturna,fin de semana
7903,academia de estetica y peluqueria colombo suiza,44257,técnico laboral en maquillaje artistico y decorativo,técnico laboral,diurna,nocturna,fin de semana
7903,academia de estetica y peluqueria colombo suiza,33004,técnico laboral en peluqueria,técnico laboral,diurna,nocturna,fin de semana
7903,academia de estetica y peluqueria colombo suiza,43963,técnico laboral en peluqueria y barberia,técnico laboral,diurna,nocturna,fin de semana
6593,academia de formacion para el trabajo camilo torres,15061,técnico laboral en cosmetologia y estetica integral,técnico laboral,diurna,sin definir,N/A
7274,academia de locucion raadio y television artv,33885,técnico laboral en locucion,técnico laboral,diurna,nocturna,fin de semana
3093,academia gastronomica del valle agasval,6957,chef,técnico laboral,diurna,sin definir,N/A
3093,academia gastronomica del valle agasval,6958,chef carnicero parrillero,técnico laboral,diurna,sin definir,N/A
3093,academia gastronomica del valle agasval,6959,chef jefe,técnico laboral,diurna,nocturna,N/A
3093,academia gastronomica del valle agasval,6960,chef panadero repostero,técnico laboral,diurna,nocturna,N/A
3093,academia gastronomica del valle agasval,6961,cocinero chef,técnico laboral,diurna,sin definir,N/A
3093,academia gastronomica del valle agasval,60768,técnico laboral en cocina nacional e internacional,técnico laboral,diurna,nocturna,N/A
6540,academia latinoamericana de belleza,51056,técnico laboral en barberia,técnico laboral,diurna,nocturna,fin de semana
6540,academia latinoamericana de belleza,15978,técnico laboral en cuidado estetico de manos y pies,técnico laboral,diurna,nocturna,N/A
6540,academia latinoamericana de belleza,51057,técnico laboral en maquillaje artistico y decorativo,técnico laboral,diurna,nocturna,fin de semana
6540,academia latinoamericana de belleza,14842,técnico laboral en maquillaje artistico y decorativo,técnico laboral,diurna,fin de semana,N/A
6540,academia latinoamericana de belleza,14831,técnico laboral en peluqueria,técnico laboral,diurna,nocturna,fin de semana
2892,academia scotland yard,33825,auxiliar en investigacion judicial,técnico laboral,diurna,nocturna,fin de semana
2892,academia scotland yard,6965,auxiliar contable y financiero,técnico laboral,diurna,nocturna,fin de semana
2892,academia scotland yard,6966,auxiliar en ciudado de niños,técnico laboral,diurna,nocturna,fin de semana
2892,academia scotland yard,6968,investigación judicial,técnico laboral,diurna,nocturna,fin de semana
2892,academia scotland yard,44007,técnico laboral en auxiliar avaluador de bienes,técnico laboral,diurna,nocturna,fin de semana
2892,academia scotland yard,61479,técnico laboral en auxiliar de educacion para la primera infancia,técnico laboral,diurna,fin de semana,N/A
2892,academia scotland yard,44011,técnico laboral en auxiliar en avaluador de bienes,técnico laboral,diurna,nocturna,fin de semana
2892,academia scotland yard,6967,técnico laboral en auxiliar en enfermería,técnico laboral,diurna,nocturna,fin de semana
2892,academia scotland yard,56290,técnico laboral en auxiliar en investigacion judicial,técnico laboral,diurna,nocturna,fin de semana
2892,academia scotland yard,44008,técnico laboral en auxiliar en investigacion judicial,técnico laboral,diurna,nocturna,fin de semana
2892,academia scotland yard,65090,técnico laboral en avaluador de bienes,técnico laboral,diurna,nocturna,fin de semana
2892,academia scotland yard,65178,técnico laboral en investigador criminalístico y judicial,técnico laboral,diurna,nocturna,fin de semana
9710,acento internacional s.a.s,48705,conocimientos académicos en idioma aleman para adultos nivel a1,conocimientos académicos,diurna,nocturna,fin de semana
9710,acento internacional s.a.s,48706,conocimientos académicos en idioma aleman para adultos nivel a2,conocimientos académicos,diurna,nocturna,fin de semana
9710,acento internacional s.a.s,48707,conocimientos académicos en idioma frances para adultos nivel a1,conocimientos académicos,diurna,nocturna,fin de semana
9710,acento internacional s.a.s,48704,conocimientos académicos en idioma frances para adultos nivel a2,conocimientos académicos,diurna,nocturna,fin de semana
9710,acento internacional s.a.s,48703,conocimientos académicos en idioma ingles para jóvenes y adultos nivel a1,conocimientos académicos,diurna,nocturna,fin de semana
9710,acento internacional s.a.s,48708,conocimientos académicos en idioma ingles para jóvenes y adultos nivel a2,conocimientos académicos,diurna,nocturna,fin de semana
9710,acento internacional s.a.s,48702,conocimientos académicos en idioma ingles para jóvenes y adultos nivel b1,conocimientos académicos,diurna,nocturna,fin de semana
6437,akademos,17193,técnico laboral en agente de viajes,técnico laboral,diurna,nocturna,fin de semana
6437,akademos,14216,técnico laboral en auxiliar administrativo,técnico laboral,diurna,nocturna,fin de semana
6437,akademos,17210,"técnico laboral en auxiliar de banca, seguros y otros servicios financieros",técnico laboral,diurna,nocturna,fin de semana
6437,akademos,14214,técnico laboral en auxiliar en vendedores de mostrador,técnico laboral,diurna,nocturna,fin de semana
6437,akademos,14215,técnico laboral en auxiliaren atencion a la primera infancia,técnico laboral,diurna,nocturna,fin de semana
6437,akademos,17194,técnico laboral en oficial en construccion,técnico laboral,diurna,nocturna,fin de semana
6605,alianza colombo francesa de cali,32440,conocimientos académicos en frances adultos nivel b2,conocimientos académicos,diurna,fin de semana,N/A
6605,alianza colombo francesa de cali,15126,conocimientos académicos en frances lengua extranjera,conocimientos académicos,diurna,nocturna,fin de semana
6605,alianza colombo francesa de cali,61227,conocimientos académicos en frances nivel a1,conocimientos académicos,diurna,nocturna,fin de semana
6605,alianza colombo francesa de cali,49724,conocimientos académicos en frances nivel a1,conocimientos académicos,diurna,nocturna,fin de semana
6605,alianza colombo francesa de cali,49732,conocimientos académicos en frances nivel a2,conocimientos académicos,diurna,nocturna,fin de semana
6605,alianza colombo francesa de cali,61228,conocimientos académicos en frances nivel a2,conocimientos académicos,diurna,nocturna,fin de semana
6605,alianza colombo francesa de cali,49730,conocimientos académicos en frances nivel b1,conocimientos académicos,diurna,nocturna,fin de semana
6605,alianza colombo francesa de cali,61229,conocimientos académicos en frances nivel b1,conocimientos académicos,diurna,nocturna,fin de semana
6605,alianza colombo francesa de cali,49770,conocimientos académicos en frances nivel b2,conocimientos académicos,diurna,nocturna,fin de semana
6605,alianza colombo francesa de cali,61232,conocimientos académicos en frances nivel b2,conocimientos académicos,diurna,nocturna,fin de semana
6605,alianza colombo francesa de cali,61235,conocimientos académicos en frances nivel c1,conocimientos académicos,diurna,nocturna,fin de semana
6605,alianza colombo francesa de cali,49769,conocimientos académicos en frances nivel c1,conocimientos académicos,diurna,nocturna,fin de semana
6605,alianza colombo francesa de cali,32438,conocimientos académicos en frances niños nivel a2,conocimientos académicos,diurna,fin de semana,N/A
6605,alianza colombo francesa de cali,32439,conocimientos académicos en frances para jovenes nivel b2,conocimientos académicos,diurna,fin de semana,N/A
3646,apropsena-centro de formacion tecnica y empresarial,6969,administración de eventos y ferias,técnico laboral,nocturna,sin definir,N/A
3646,apropsena-centro de formacion tecnica y empresarial,6970,asesoría servicios financieros,técnico laboral,nocturna,sin definir,N/A
3646,apropsena-centro de formacion tecnica y empresarial,6971,auxiliar contable y administrativo,técnico laboral,nocturna,sin definir,N/A
3646,apropsena-centro de formacion tecnica y empresarial,6972,confecciones,técnico laboral,nocturna,sin definir,N/A
3646,apropsena-centro de formacion tecnica y empresarial,15057,conocimientos académicos en conduccion categoria a2,capacitación en conducción,diurna,nocturna,fin de semana
3646,apropsena-centro de formacion tecnica y empresarial,6973,"electricidad, instalaciones internas y comerciales",técnico laboral,nocturna,sin definir,N/A
3646,apropsena-centro de formacion tecnica y empresarial,6974,empresariado mypimes,técnico laboral,nocturna,sin definir,N/A
3646,apropsena-centro de formacion tecnica y empresarial,6975,mantenimiento de computadores,técnico laboral,nocturna,sin definir,N/A
3646,apropsena-centro de formacion tecnica y empresarial,6976,mercadeo productos y servicios,técnico laboral,nocturna,sin definir,N/A
3646,apropsena-centro de formacion tecnica y empresarial,6977,sonido profesional,técnico laboral,nocturna,sin definir,N/A
3646,apropsena-centro de formacion tecnica y empresarial,6978,ventas de productos y servicios,técnico laboral,nocturna,sin definir,N/A
3647,asociacion educativa  vida  y  salud - asevis,52578,técnico laboral en actividad fisica y deporte,técnico laboral,diurna,nocturna,fin de semana
3647,asociacion educativa  vida  y  salud - asevis,52580,técnico laboral en auxiliar administrativo,técnico laboral,diurna,nocturna,fin de semana
3647,asociacion educativa  vida  y  salud - asevis,46716,técnico laboral en auxiliar administrativo en salud,técnico laboral,diurna,nocturna,fin de semana
3647,asociacion educativa  vida  y  salud - asevis,52581,técnico laboral en auxiliar contable y financiero,técnico laboral,diurna,nocturna,fin de semana
3647,asociacion educativa  vida  y  salud - asevis,61414,técnico laboral en auxiliar en enfermería,técnico laboral,diurna,nocturna,fin de semana
3647,asociacion educativa  vida  y  salud - asevis,6979,técnico laboral en auxiliar en enfermería,técnico laboral,diurna,sin definir,N/A
3647,asociacion educativa  vida  y  salud - asevis,65235,técnico laboral en auxiliar en soporte de aplicaciones informáticas,técnico laboral,diurna,fin de semana,N/A
3647,asociacion educativa  vida  y  salud - asevis,52579,técnico laboral en seguridad y salud en el trabajo,técnico laboral,diurna,nocturna,fin de semana
3977,asociacion educativa para la participacion y convivencia ciudadanas  edupar,6980,orientacion de la convivencia familiar y comunitaria,técnico laboral,nocturna,fin de semana,N/A
3977,asociacion educativa para la participacion y convivencia ciudadanas  edupar,6981,promoción del desarrollo social y comunitario,técnico laboral,nocturna,fin de semana,N/A
9579,asociación de padres y amigos de niños con síndrome de down - asopanid,56050,conocimientos académicos en baile y danza folclórica colombiana,conocimientos académicos,diurna,sin definir,N/A
9579,asociación de padres y amigos de niños con síndrome de down - asopanid,52750,técnico laboral en  elaboración de productos de panadería y pastelería,técnico laboral,diurna,sin definir,N/A
3648,aula   informatica,6983,auxiliar en diseño gráfico,técnico laboral,diurna,nocturna,fin de semana
3648,aula   informatica,6982,tecnico laboral en auxiliar administrativo,técnico laboral,diurna,nocturna,fin de semana
3648,aula   informatica,6984,técnico laboral en auxiliar en sistemas informáticos,técnico laboral,diurna,nocturna,fin de semana
4995,aula centro de educación y formación,7150,auxiliar en salud oral,técnico laboral,diurna,nocturna,fin de semana
4995,aula centro de educación y formación,65736,técnico laboral en auxiliar contable y administrativo,técnico laboral,diurna,nocturna,fin de semana
4995,aula centro de educación y formación,65738,técnico laboral en auxiliar de información y servicio al cliente,técnico laboral,diurna,nocturna,fin de semana
4995,aula centro de educación y formación,67909,técnico laboral en auxiliar de mercadeo,técnico laboral,diurna,nocturna,fin de semana
4995,aula centro de educación y formación,65737,técnico laboral en mecanico de motos,técnico laboral,diurna,nocturna,fin de semana
4995,aula centro de educación y formación,7151,técnico laboral en mecánica dental,técnico laboral,diurna,fin de semana,N/A
4995,aula centro de educación y formación,44014,técnico laboral en reparacion y mantenimiento de equipos para la salud y automatizacion industrial,técnico laboral,diurna,nocturna,fin de semana
3276,berlitz capri,6985,idioma  japones,conocimientos académicos,diurna,nocturna,fin de semana
3276,berlitz capri,6986,idioma alemán,conocimientos académicos,diurna,nocturna,fin de semana
3276,berlitz capri,6987,idioma alemán,conocimientos académicos,diurna,nocturna,fin de semana
3276,berlitz capri,6988,idioma español,conocimientos académicos,diurna,nocturna,fin de semana
3276,berlitz capri,6989,idioma español,conocimientos académicos,diurna,nocturna,fin de semana
3276,berlitz capri,6990,idioma frances,conocimientos académicos,diurna,nocturna,fin de semana
3276,berlitz capri,6991,idioma francés,conocimientos académicos,diurna,nocturna,fin de semana
3276,berlitz capri,6992,idioma italiano,conocimientos académicos,diurna,nocturna,fin de semana
3276,berlitz capri,6993,idioma italiano,conocimientos académicos,diurna,nocturna,fin de semana
3276,berlitz capri,6994,idioma japonés,conocimientos académicos,diurna,nocturna,fin de semana
3276,berlitz capri,6995,idioma mandarín,conocimientos académicos,diurna,nocturna,fin de semana
3276,berlitz capri,6996,idioma mandarín,conocimientos académicos,diurna,nocturna,fin de semana
3276,berlitz capri,6997,"ingles elemental nivel a1, básico nivel a2, pre intermedio nivel b1, intermedio nivel b2, alto intermedio nivel c1, avanzado nivel c2",conocimientos académicos,diurna,nocturna,fin de semana
3276,berlitz capri,6998,"ingles elemental nivel a1, básico nivel a2, pre intermedio nivelb1, intermedio nivel b2, alto intermedio nivel c1, avanzado nivel c2",conocimientos académicos,diurna,nocturna,fin de semana
8864,berlitz colombia s.a,54611,conocimientos académicos en frances b1,conocimientos académicos,diurna,nocturna,fin de semana
8864,berlitz colombia s.a,54612,conocimientos académicos en frances nivel a1 y a2,conocimientos académicos,diurna,nocturna,fin de semana
8864,berlitz colombia s.a,54610,conocimientos académicos en frances nivel b2,conocimientos académicos,diurna,nocturna,fin de semana
8864,berlitz colombia s.a,40957,conocimientos académicos en ingles nivel a1,conocimientos académicos,diurna,nocturna,fin de semana
8864,berlitz colombia s.a,40956,conocimientos académicos en ingles nivel a2,conocimientos académicos,diurna,nocturna,fin de semana
8864,berlitz colombia s.a,40958,conocimientos académicos en ingles nivel b1,conocimientos académicos,diurna,nocturna,N/A
8864,berlitz colombia s.a,40954,conocimientos académicos en ingles nivel b1,conocimientos académicos,diurna,nocturna,fin de semana
8864,berlitz colombia s.a,40955,conocimientos académicos en ingles nivel b2,conocimientos académicos,diurna,nocturna,fin de semana
8864,berlitz colombia s.a,40951,conocimientos académicos en ingles nivel b2,conocimientos académicos,diurna,nocturna,fin de semana
8864,berlitz colombia s.a,54608,conocimientos académicos en ingles nivel c1,conocimientos académicos,diurna,nocturna,fin de semana
8864,berlitz colombia s.a,40952,"conocimientos académicos en ingles nivel pre a1, a1 y a2",conocimientos académicos,diurna,nocturna,fin de semana
8864,berlitz colombia s.a,54607,conocimientos académicos en portugues nivel a1 y a2,conocimientos académicos,diurna,nocturna,fin de semana
8864,berlitz colombia s.a,54600,conocimientos académicos en portugues nivel b1,conocimientos académicos,diurna,nocturna,fin de semana
8864,berlitz colombia s.a,54601,conocimientos académicos en portugues nivel b2,conocimientos académicos,diurna,nocturna,fin de semana
8958,british academy,41948,conocimientos académicos en ingles nivel a2,conocimientos académicos,diurna,nocturna,fin de semana
8958,british academy,41950,conocimientos académicos en ingles nivel b1,conocimientos académicos,diurna,nocturna,fin de semana
8958,british academy,41949,conocimientos académicos en ingles nivel b2,conocimientos académicos,diurna,nocturna,fin de semana
3278,british english,6999,ingles  avanzado c2,conocimientos académicos,diurna,nocturna,fin de semana
3278,british english,7000,ingles  intermedio b2,conocimientos académicos,diurna,nocturna,fin de semana
3278,british english,7001,ingles  pre-intermedio b1,conocimientos académicos,diurna,nocturna,fin de semana
3278,british english,7002,ingles  principiante a1,conocimientos académicos,diurna,nocturna,fin de semana
3278,british english,7003,ingles a1 principiante,conocimientos académicos,diurna,nocturna,fin de semana
3278,british english,7004,ingles b1 pre intermedio,conocimientos académicos,diurna,nocturna,fin de semana
3278,british english,7005,ingles b2 intermedio,conocimientos académicos,diurna,nocturna,fin de semana
3278,british english,7006,ingles basico  a2,conocimientos académicos,diurna,nocturna,fin de semana
3278,british english,7007,ingles basico a2,conocimientos académicos,diurna,nocturna,fin de semana
3278,british english,7008,ingles c1 pre-avanzado,conocimientos académicos,diurna,nocturna,fin de semana
3278,british english,7009,ingles c2 avanzado,conocimientos académicos,diurna,nocturna,fin de semana
3278,british english,7010,ingles pre-avanzado c1,conocimientos académicos,diurna,nocturna,fin de semana
10926,bugatti cea,59201,curso de formación de conductores categoría a2,capacitación en conducción,diurna,nocturna,fin de semana
10926,bugatti cea,59200,curso de formación de conductores categoría b1,capacitación en conducción,diurna,nocturna,fin de semana
10926,bugatti cea,59199,curso de formación de conductores categoría c1,capacitación en conducción,diurna,nocturna,fin de semana
6765,c.e.a. escuela  de automovilismo ferrarcea,18173,conocimientos académicos en conduccion categoria c2,capacitación en conducción,diurna,nocturna,fin de semana
6765,c.e.a. escuela  de automovilismo ferrarcea,15817,curso de formación de conductores categoría a1,capacitación en conducción,diurna,nocturna,fin de semana
6765,c.e.a. escuela  de automovilismo ferrarcea,15815,curso de formación de conductores categoría a2,capacitación en conducción,diurna,nocturna,fin de semana
6765,c.e.a. escuela  de automovilismo ferrarcea,15814,curso de formación de conductores categoría b1,capacitación en conducción,diurna,nocturna,fin de semana
6765,c.e.a. escuela  de automovilismo ferrarcea,15816,curso de formación de conductores categoría c1,capacitación en conducción,diurna,nocturna,fin de semana
2704,"caja de compensacion familiar del valle del cauca ""comfandi""",7013,joyeria,técnico laboral,diurna,fin de semana,N/A
2704,"caja de compensacion familiar del valle del cauca ""comfandi""",7014,peluquería,técnico laboral,diurna,nocturna,fin de semana
2704,"caja de compensacion familiar del valle del cauca ""comfandi""",47544,técnico laboral en asesor de mercadeo y ventas,técnico laboral,diurna,nocturna,fin de semana
2704,"caja de compensacion familiar del valle del cauca ""comfandi""",7012,técnico laboral en asistente en diseño de modas,técnico laboral,diurna,nocturna,fin de semana
2704,"caja de compensacion familiar del valle del cauca ""comfandi""",57047,técnico laboral en atencion a la primera infancia,técnico laboral,diurna,nocturna,fin de semana
2704,"caja de compensacion familiar del valle del cauca ""comfandi""",59657,técnico laboral en auxiliar en enfermería,técnico laboral,diurna,nocturna,fin de semana
2704,"caja de compensacion familiar del valle del cauca ""comfandi""",46721,técnico laboral en auxiliar en sistemas informaticos,técnico laboral,diurna,nocturna,N/A
2704,"caja de compensacion familiar del valle del cauca ""comfandi""",46740,técnico laboral en auxiliar en sistemas informaticos,técnico laboral,diurna,nocturna,fin de semana
2704,"caja de compensacion familiar del valle del cauca ""comfandi""",7011,técnico laboral en chef,técnico laboral,diurna,nocturna,fin de semana
2704,"caja de compensacion familiar del valle del cauca ""comfandi""",32441,técnico laboral en mercadeo e impulso,técnico laboral,diurna,nocturna,fin de semana
6792,cea  automodelo,15961,conocimientos académicos en conduccion categoria a1,capacitación en conducción,diurna,nocturna,fin de semana
6792,cea  automodelo,15959,conocimientos académicos en conduccion categoria a2,capacitación en conducción,diurna,nocturna,fin de semana
6792,cea  automodelo,15960,conocimientos académicos en conduccion categoria b1,capacitación en conducción,diurna,nocturna,fin de semana
6792,cea  automodelo,15962,conocimientos académicos en conduccion categoria c1,capacitación en conducción,diurna,nocturna,fin de semana
6792,cea  automodelo,45295,curso de formación de conductores categoría a1,capacitación en conducción,diurna,nocturna,fin de semana
6792,cea  automodelo,45296,curso de formación de conductores categoría a2,capacitación en conducción,diurna,nocturna,fin de semana
6792,cea  automodelo,45297,curso de formación de conductores categoría b1,capacitación en conducción,diurna,nocturna,fin de semana
6792,cea  automodelo,45294,curso de formación de conductores categoría c1,capacitación en conducción,diurna,nocturna,fin de semana
6792,cea  automodelo,47382,curso de formación de conductores categoría c2,capacitación en conducción,diurna,nocturna,fin de semana
6792,cea  automodelo,47383,curso de formación de conductores categoría c3,capacitación en conducción,diurna,nocturna,fin de semana
6467,cea  santiago de cali s.a.s,14404,conocimientos académicos en formacion de instructores b1,capacitación en conducción,diurna,nocturna,fin de semana
6467,cea  santiago de cali s.a.s,14402,conocimientos académicos en formacion de instructores c1,capacitación en conducción,diurna,nocturna,fin de semana
6467,cea  santiago de cali s.a.s,14403,conocimientos académicos en formador de instructores a2,capacitación en conducción,diurna,nocturna,fin de semana
6467,cea  santiago de cali s.a.s,14401,conocimientos académicos en formador de instructores c2,capacitación en conducción,diurna,nocturna,fin de semana
6467,cea  santiago de cali s.a.s,61399,curso de formación de conductores categoría a1,capacitación en conducción,diurna,nocturna,fin de semana
6467,cea  santiago de cali s.a.s,14407,curso de formación de conductores categoría a2,capacitación en conducción,diurna,nocturna,fin de semana
6467,cea  santiago de cali s.a.s,14406,curso de formación de conductores categoría b1,capacitación en conducción,diurna,nocturna,fin de semana
6467,cea  santiago de cali s.a.s,61400,curso de formación de conductores categoría b2,capacitación en conducción,diurna,nocturna,fin de semana
6467,cea  santiago de cali s.a.s,14408,curso de formación de conductores categoría c1,capacitación en conducción,diurna,nocturna,fin de semana
6467,cea  santiago de cali s.a.s,14405,curso de formación de conductores categoría c2,capacitación en conducción,diurna,nocturna,fin de semana
6560,cea academia automundial,14919,curso de formación de conductores categoría a1,capacitación en conducción,diurna,nocturna,fin de semana
6560,cea academia automundial,14920,curso de formación de conductores categoría a2,capacitación en conducción,diurna,nocturna,fin de semana
6560,cea academia automundial,14921,curso de formación de conductores categoría b1,capacitación en conducción,diurna,nocturna,fin de semana
6560,cea academia automundial,14922,curso de formación de conductores categoría c1,capacitación en conducción,diurna,nocturna,fin de semana
6595,cea academia de automovilismo el gran chofer,15066,conocimientos académicos en conduccion categoria b1,capacitación en conducción,diurna,nocturna,fin de semana
6595,cea academia de automovilismo el gran chofer,15065,curso de formación de conductores categoría a1,capacitación en conducción,diurna,nocturna,fin de semana
6595,cea academia de automovilismo el gran chofer,15064,curso de formación de conductores categoría a2,capacitación en conducción,diurna,nocturna,fin de semana
6595,cea academia de automovilismo el gran chofer,15067,curso de formación de conductores categoría b1,capacitación en conducción,diurna,nocturna,fin de semana
6595,cea academia de automovilismo el gran chofer,15063,curso de formación de conductores categoría c1,capacitación en conducción,diurna,nocturna,fin de semana
6589,cea academia de automovilismo maserati,15032,curso de formación de conductores categoría a1,capacitación en conducción,diurna,nocturna,fin de semana
6589,cea academia de automovilismo maserati,15033,curso de formación de conductores categoría a2,capacitación en conducción,diurna,nocturna,fin de semana
6589,cea academia de automovilismo maserati,15034,curso de formación de conductores categoría b1,capacitación en conducción,diurna,nocturna,fin de semana
6589,cea academia de automovilismo maserati,38644,curso de formación de conductores categoría b2,capacitación en conducción,diurna,nocturna,fin de semana
6589,cea academia de automovilismo maserati,15035,curso de formación de conductores categoría c1,capacitación en conducción,diurna,nocturna,fin de semana
6589,cea academia de automovilismo maserati,15031,curso de formación de conductores categoría c2,capacitación en conducción,diurna,nocturna,fin de semana
6590,cea academia de conduccion junior,56880,curso de formación de conductores categoría a1,capacitación en conducción,diurna,nocturna,fin de semana
6590,cea academia de conduccion junior,50087,curso de formación de conductores categoría a2,capacitación en conducción,diurna,nocturna,N/A
6590,cea academia de conduccion junior,56010,curso de formación de conductores categoría b1,capacitación en conducción,diurna,nocturna,N/A
6590,cea academia de conduccion junior,15042,curso de formación de conductores categoría b1,capacitación en conducción,diurna,nocturna,fin de semana
6590,cea academia de conduccion junior,15043,curso de formación de conductores categoría c1,capacitación en conducción,diurna,nocturna,fin de semana
6590,cea academia de conduccion junior,56012,curso de formación de conductores categoría c1,capacitación en conducción,diurna,nocturna,N/A
6591,cea academia de conduccion olimpica de cali,15050,conocimientos académicos en conduccion categoria a1,capacitación en conducción,diurna,nocturna,fin de semana
6591,cea academia de conduccion olimpica de cali,15054,conocimientos académicos en conduccion categoria b2,capacitación en conducción,diurna,nocturna,fin de semana
6591,cea academia de conduccion olimpica de cali,15055,conocimientos académicos en conduccion categoria c2,capacitación en conducción,diurna,nocturna,fin de semana
6591,cea academia de conduccion olimpica de cali,15044,conocimientos académicos en formador de instructores a1,capacitación en conducción,diurna,nocturna,fin de semana
6591,cea academia de conduccion olimpica de cali,15045,conocimientos académicos en formador de instructores a2,capacitación en conducción,diurna,nocturna,fin de semana
6591,cea academia de conduccion olimpica de cali,15046,conocimientos académicos en formador de instructores b1,capacitación en conducción,diurna,nocturna,fin de semana
6591,cea academia de conduccion olimpica de cali,15047,conocimientos académicos en formador de instructores b2,capacitación en conducción,diurna,nocturna,fin de semana
6591,cea academia de conduccion olimpica de cali,15048,conocimientos académicos en formador de instructores c1,capacitación en conducción,diurna,nocturna,fin de semana
6591,cea academia de conduccion olimpica de cali,15049,conocimientos académicos en formador de instructores c2,capacitación en conducción,diurna,nocturna,fin de semana
6591,cea academia de conduccion olimpica de cali,15051,curso de formación de conductores categoría a2,capacitación en conducción,diurna,nocturna,fin de semana
6591,cea academia de conduccion olimpica de cali,39382,curso de formación de conductores categoría a2,capacitación en conducción,diurna,nocturna,N/A
6591,cea academia de conduccion olimpica de cali,39383,curso de formación de conductores categoría b1,capacitación en conducción,diurna,nocturna,N/A
6591,cea academia de conduccion olimpica de cali,15052,curso de formación de conductores categoría b1,capacitación en conducción,diurna,nocturna,fin de semana
6591,cea academia de conduccion olimpica de cali,39381,curso de formación de conductores categoría c1,capacitación en conducción,diurna,nocturna,N/A
6591,cea academia de conduccion olimpica de cali,15053,curso de formación de conductores categoría c1,capacitación en conducción,diurna,nocturna,fin de semana
6592,cea academia de conduccion sena,15056,conocimientos académicos en conduccion categoria a1,capacitación en conducción,diurna,nocturna,fin de semana
6592,cea academia de conduccion sena,56014,curso de formación de conductores categoría a1,capacitación en conducción,diurna,nocturna,fin de semana
6592,cea academia de conduccion sena,15058,curso de formación de conductores categoría a2,capacitación en conducción,diurna,nocturna,fin de semana
6592,cea academia de conduccion sena,56016,curso de formación de conductores categoría a2,capacitación en conducción,diurna,nocturna,fin de semana
6592,cea academia de conduccion sena,56017,curso de formación de conductores categoría b1,capacitación en conducción,diurna,nocturna,fin de semana
6592,cea academia de conduccion sena,15059,curso de formación de conductores categoría b1,capacitación en conducción,diurna,nocturna,fin de semana
6592,cea academia de conduccion sena,56015,curso de formación de conductores categoría c1,capacitación en conducción,diurna,nocturna,fin de semana
6592,cea academia de conduccion sena,15060,curso de formación de conductores categoría c1,capacitación en conducción,diurna,nocturna,fin de semana
11521,cea aguablanca,65245,curso de formación de conductores categoría a2,capacitación en conducción,diurna,nocturna,fin de semana
11521,cea aguablanca,65246,curso de formación de conductores categoría b1,capacitación en conducción,diurna,nocturna,fin de semana
11521,cea aguablanca,65247,curso de formación de conductores categoría b2,capacitación en conducción,diurna,nocturna,fin de semana
11521,cea aguablanca,65248,curso de formación de conductores categoría c1,capacitación en conducción,diurna,nocturna,fin de semana
11521,cea aguablanca,65249,curso de formación de conductores categoría c2,capacitación en conducción,diurna,nocturna,fin de semana
10190,cea blas car,56357,curso de formación de conductores categoría a2,capacitación en conducción,diurna,nocturna,fin de semana
10190,cea blas car,56356,curso de formación de conductores categoría b1,capacitación en conducción,diurna,nocturna,fin de semana
10190,cea blas car,61279,curso de formación de conductores categoría b2,capacitación en conducción,diurna,nocturna,fin de semana
10190,cea blas car,56361,curso de formación de conductores categoría b3,capacitación en conducción,diurna,nocturna,fin de semana
10190,cea blas car,56358,curso de formación de conductores categoría c1,capacitación en conducción,diurna,nocturna,fin de semana
10190,cea blas car,56360,curso de formación de conductores categoría c2,capacitación en conducción,diurna,nocturna,fin de semana
10190,cea blas car,56359,curso de formación de conductores categoría c3,capacitación en conducción,diurna,nocturna,fin de semana
10190,cea blas car,56377,curso de formación de instructores en técnicas de conducción categoría a1,capacitación en conducción,diurna,nocturna,fin de semana
10190,cea blas car,56374,curso de formación de instructores en técnicas de conducción categoría a2,capacitación en conducción,diurna,nocturna,fin de semana
10190,cea blas car,56376,curso de formación de instructores en técnicas de conducción categoría b1,capacitación en conducción,diurna,nocturna,fin de semana
10190,cea blas car,56372,curso de formación de instructores en técnicas de conducción categoría b2,capacitación en conducción,diurna,nocturna,fin de semana
10190,cea blas car,56373,curso de formación de instructores en técnicas de conducción categoría b3,capacitación en conducción,diurna,nocturna,fin de semana
10190,cea blas car,56371,curso de formación de instructores en técnicas de conducción categoría c1,capacitación en conducción,diurna,nocturna,fin de semana
10190,cea blas car,56375,curso de formación de instructores en técnicas de conducción categoría c2,capacitación en conducción,diurna,nocturna,fin de semana
10190,cea blas car,56370,curso de formación de instructores en técnicas de conducción categoría c3,capacitación en conducción,diurna,nocturna,fin de semana
7907,cea cali conduce s.a.s,34084,curso de formación de conductores categoría a1,capacitación en conducción,diurna,nocturna,fin de semana
7907,cea cali conduce s.a.s,33251,curso de formación de conductores categoría a2,capacitación en conducción,diurna,nocturna,fin de semana
7907,cea cali conduce s.a.s,33250,curso de formación de conductores categoría b1,capacitación en conducción,diurna,nocturna,fin de semana
7907,cea cali conduce s.a.s,34085,curso de formación de conductores categoría c1,capacitación en conducción,diurna,nocturna,fin de semana
9106,cea cali vial,43303,curso de formación de conductores categoría a2,capacitación en conducción,diurna,nocturna,fin de semana
9106,cea cali vial,43302,curso de formación de conductores categoría b1,capacitación en conducción,diurna,nocturna,fin de semana
9106,cea cali vial,43301,curso de formación de conductores categoría c1,capacitación en conducción,diurna,nocturna,fin de semana
11010,cea champions car,61392,curso de formación de conductores categoría a1,capacitación en conducción,diurna,nocturna,fin de semana
11010,cea champions car,61393,curso de formación de conductores categoría a2,capacitación en conducción,diurna,nocturna,fin de semana
11010,cea champions car,61394,curso de formación de conductores categoría b1,capacitación en conducción,diurna,nocturna,fin de semana
11010,cea champions car,61395,curso de formación de conductores categoría c1,capacitación en conducción,diurna,nocturna,fin de semana
6571,cea colseguros,14966,curso de formación de conductores categoría a1,capacitación en conducción,diurna,nocturna,fin de semana
6571,cea colseguros,14976,curso de formación de conductores categoría a2,capacitación en conducción,diurna,nocturna,fin de semana
6571,cea colseguros,14977,curso de formación de conductores categoría b1,capacitación en conducción,diurna,nocturna,fin de semana
6571,cea colseguros,14978,curso de formación de conductores categoría c1,capacitación en conducción,diurna,nocturna,fin de semana
11008,cea conduvalle,61690,curso de formación de conductores categoría a1,capacitación en conducción,diurna,nocturna,fin de semana
11008,cea conduvalle,61691,curso de formación de conductores categoría a2,capacitación en conducción,diurna,nocturna,fin de semana
11008,cea conduvalle,61692,curso de formación de conductores categoría b1,capacitación en conducción,diurna,nocturna,fin de semana
11008,cea conduvalle,61693,curso de formación de conductores categoría c1,capacitación en conducción,diurna,nocturna,fin de semana
6771,cea escuela de automovilismo suramericana,15849,curso de formación de conductores categoría a1,capacitación en conducción,diurna,nocturna,fin de semana
6771,cea escuela de automovilismo suramericana,15851,curso de formación de conductores categoría a2,capacitación en conducción,diurna,nocturna,fin de semana
6771,cea escuela de automovilismo suramericana,15853,curso de formación de conductores categoría b1,capacitación en conducción,diurna,nocturna,fin de semana
6771,cea escuela de automovilismo suramericana,15856,curso de formación de conductores categoría c1,capacitación en conducción,diurna,nocturna,fin de semana
6772,cea escuela de conduccion my roj,17520,conocimientos académicos en conduccion categoria b3,capacitación en conducción,diurna,fin de semana,N/A
6772,cea escuela de conduccion my roj,17521,conocimientos académicos en conduccion categoria c3,capacitación en conducción,diurna,fin de semana,N/A
6772,cea escuela de conduccion my roj,15867,curso de formación de conductores categoría a1,capacitación en conducción,diurna,nocturna,fin de semana
6772,cea escuela de conduccion my roj,15868,curso de formación de conductores categoría a2,capacitación en conducción,diurna,nocturna,fin de semana
6772,cea escuela de conduccion my roj,15869,curso de formación de conductores categoría b1,capacitación en conducción,diurna,nocturna,fin de semana
6772,cea escuela de conduccion my roj,15865,curso de formación de conductores categoría b2,capacitación en conducción,diurna,nocturna,fin de semana
6772,cea escuela de conduccion my roj,49031,curso de formación de conductores categoría b3,capacitación en conducción,diurna,nocturna,fin de semana
6772,cea escuela de conduccion my roj,15870,curso de formación de conductores categoría c1,capacitación en conducción,diurna,nocturna,fin de semana
6772,cea escuela de conduccion my roj,15866,curso de formación de conductores categoría c2,capacitación en conducción,diurna,nocturna,fin de semana
6772,cea escuela de conduccion my roj,49032,curso de formación de conductores categoría c3,capacitación en conducción,diurna,nocturna,fin de semana
6772,cea escuela de conduccion my roj,65335,curso de formación de conductores categoría c3,capacitación en conducción,diurna,nocturna,fin de semana
6772,cea escuela de conduccion my roj,38645,curso de formación de instructores en técnicas de conducción categoría a1,capacitación en conducción,diurna,nocturna,fin de semana
6772,cea escuela de conduccion my roj,38646,curso de formación de instructores en técnicas de conducción categoría a2,capacitación en conducción,diurna,nocturna,fin de semana
6772,cea escuela de conduccion my roj,38647,curso de formación de instructores en técnicas de conducción categoría b1,capacitación en conducción,diurna,nocturna,fin de semana
6772,cea escuela de conduccion my roj,38648,curso de formación de instructores en técnicas de conducción categoría b2,capacitación en conducción,diurna,nocturna,fin de semana
6772,cea escuela de conduccion my roj,38649,curso de formación de instructores en técnicas de conducción categoría b3,capacitación en conducción,diurna,nocturna,fin de semana
6772,cea escuela de conduccion my roj,38650,curso de formación de instructores en técnicas de conducción categoría c1,capacitación en conducción,diurna,nocturna,fin de semana
6772,cea escuela de conduccion my roj,38652,curso de formación de instructores en técnicas de conducción categoría c2,capacitación en conducción,diurna,nocturna,fin de semana
6772,cea escuela de conduccion my roj,38651,curso de formación de instructores en técnicas de conducción categoría c3,capacitación en conducción,diurna,nocturna,fin de semana
6597,cea latinoamericana,15072,conocimientos académicos en conduccion categoria a2,capacitación en conducción,diurna,nocturna,fin de semana
6597,cea latinoamericana,15071,conocimientos académicos en conduccion categoria b1,capacitación en conducción,diurna,nocturna,fin de semana
6597,cea latinoamericana,15074,conocimientos académicos en conduccion categoria b2,capacitación en conducción,diurna,nocturna,fin de semana
6597,cea latinoamericana,15070,conocimientos académicos en conduccion categoria c1,capacitación en conducción,diurna,nocturna,fin de semana
6597,cea latinoamericana,15073,conocimientos académicos en conduccion categoria c2,capacitación en conducción,diurna,nocturna,fin de semana
6597,cea latinoamericana,44824,curso de formación de conductores categoría a2,capacitación en conducción,diurna,nocturna,fin de semana
6597,cea latinoamericana,44823,curso de formación de conductores categoría b1,capacitación en conducción,diurna,nocturna,fin de semana
6597,cea latinoamericana,44826,curso de formación de conductores categoría b2,capacitación en conducción,diurna,nocturna,fin de semana
6597,cea latinoamericana,44820,curso de formación de conductores categoría c1,capacitación en conducción,diurna,nocturna,fin de semana
6597,cea latinoamericana,44827,curso de formación de conductores categoría c2,capacitación en conducción,diurna,nocturna,fin de semana
11762,cea los amigos mp,67786,curso de formación de conductores categoría a2,capacitación en conducción,diurna,nocturna,fin de semana
11762,cea los amigos mp,67783,curso de formación de conductores categoría b1,capacitación en conducción,diurna,nocturna,fin de semana
11762,cea los amigos mp,67790,curso de formación de conductores categoría c1,capacitación en conducción,diurna,nocturna,fin de semana
6795,cea montoya cart,16591,conocimientos académicos en conduccion categoria a2,capacitación en conducción,diurna,nocturna,fin de semana
6795,cea montoya cart,16592,conocimientos académicos en conduccion categoria b1,capacitación en conducción,diurna,nocturna,fin de semana
6795,cea montoya cart,16593,conocimientos académicos en conduccion categoria c1,capacitación en conducción,diurna,nocturna,fin de semana
6795,cea montoya cart,43297,curso de formación de conductores categoría a2,capacitación en conducción,diurna,nocturna,fin de semana
6795,cea montoya cart,43299,curso de formación de conductores categoría b1,capacitación en conducción,diurna,nocturna,fin de semana
6795,cea montoya cart,43298,curso de formación de conductores categoría c1,capacitación en conducción,diurna,nocturna,fin de semana
10591,cea premier sede cali,56131,curso de formación de conductores categoría a2,capacitación en conducción,diurna,nocturna,fin de semana
10591,cea premier sede cali,56130,curso de formación de conductores categoría b1,capacitación en conducción,diurna,nocturna,fin de semana
10591,cea premier sede cali,56132,curso de formación de conductores categoría c1,capacitación en conducción,diurna,nocturna,fin de semana
11519,cea salomia,65236,curso de formación de conductores categoría a1,capacitación en conducción,diurna,nocturna,fin de semana
11519,cea salomia,65237,curso de formación de conductores categoría a2,capacitación en conducción,diurna,nocturna,fin de semana
11519,cea salomia,65238,curso de formación de conductores categoría b1,capacitación en conducción,diurna,nocturna,fin de semana
11519,cea salomia,65239,curso de formación de conductores categoría c1,capacitación en conducción,diurna,nocturna,fin de semana
6599,cea touring & automovil club de colombia acc,15076,curso de formación de conductores categoría a1,capacitación en conducción,diurna,nocturna,fin de semana
6599,cea touring & automovil club de colombia acc,15079,curso de formación de conductores categoría a2,capacitación en conducción,diurna,nocturna,fin de semana
6599,cea touring & automovil club de colombia acc,15077,curso de formación de conductores categoría b1,capacitación en conducción,diurna,nocturna,fin de semana
6599,cea touring & automovil club de colombia acc,15080,curso de formación de conductores categoría c1,capacitación en conducción,diurna,nocturna,fin de semana
10592,cedenorte institución técnica,57307,técnico laboral en auxiliar administrativo,técnico laboral,diurna,nocturna,fin de semana
10592,cedenorte institución técnica,57310,técnico laboral en auxiliar en clinica veterinaria,técnico laboral,diurna,nocturna,fin de semana
10592,cedenorte institución técnica,57311,técnico laboral en auxiliar en deportes y entrenamiento físico,técnico laboral,diurna,nocturna,fin de semana
10592,cedenorte institución técnica,57308,técnico laboral en mécanica de motos,técnico laboral,diurna,nocturna,fin de semana
10592,cedenorte institución técnica,57309,técnico laboral en operación ganadera y equina,técnico laboral,diurna,nocturna,fin de semana
3650,cenro de estudios academicos c.e.a.,7015,auxiliar contable y financiero,técnico laboral,nocturna,fin de semana,N/A
3650,cenro de estudios academicos c.e.a.,7016,auxiliar preescolar,técnico laboral,nocturna,fin de semana,N/A
3650,cenro de estudios academicos c.e.a.,7017,diseño gráfico,técnico laboral,nocturna,fin de semana,N/A
3650,cenro de estudios academicos c.e.a.,7018,"ocupaciones religiosas, ministro de culto",técnico laboral,nocturna,fin de semana,N/A
3650,cenro de estudios academicos c.e.a.,7019,secretariado ejecutivo,técnico laboral,nocturna,fin de semana,N/A
3650,cenro de estudios academicos c.e.a.,7020,sistemas,técnico laboral,nocturna,fin de semana,N/A
2686,centro  asistente  veterinario el corcel,7021,asistente de veterinaria,técnico laboral,diurna,nocturna,fin de semana
2686,centro  asistente  veterinario el corcel,65521,"técnico laboral en ""asistente de veterinaria""",técnico laboral,diurna,fin de semana,N/A
10598,centro colombo alemán cali,56195,conocimientos académicos en aleman como lengua extranjera nivel a1,conocimientos académicos,diurna,nocturna,fin de semana
10598,centro colombo alemán cali,56199,conocimientos académicos en aleman como lengua extranjera nivel a2,conocimientos académicos,diurna,nocturna,fin de semana
10598,centro colombo alemán cali,56197,conocimientos académicos en aleman como lengua extranjera nivel b1,conocimientos académicos,diurna,nocturna,fin de semana
10598,centro colombo alemán cali,56196,conocimientos académicos en aleman como lengua extranjera nivel b2,conocimientos académicos,diurna,nocturna,fin de semana
10598,centro colombo alemán cali,56198,conocimientos académicos en aleman como lengua extranjera nivel c1,conocimientos académicos,diurna,nocturna,fin de semana
7213,centro cultural colombo aleman,32444,conocimientos académicos en aleman como lengua extranjera nivel a1,conocimientos académicos,diurna,nocturna,fin de semana
7213,centro cultural colombo aleman,32442,conocimientos académicos en aleman como lengua extranjera nivel a2,conocimientos académicos,diurna,nocturna,fin de semana
7213,centro cultural colombo aleman,32443,conocimientos académicos en aleman como lengua extranjera nivel b1,conocimientos académicos,diurna,nocturna,fin de semana
7213,centro cultural colombo aleman,32445,conocimientos académicos en aleman como lengua extranjera nivel b2,conocimientos académicos,diurna,nocturna,fin de semana
7213,centro cultural colombo aleman,18170,conocimientos académicos en aleman como lengua extranjera nivel c1,conocimientos académicos,diurna,nocturna,fin de semana
3286,centro cultural colombo americano sede norte,7026,conocimientos academicos de ingles nivel a2,conocimientos académicos,diurna,nocturna,fin de semana
3286,centro cultural colombo americano sede norte,7027,conocimientos academicos de ingles nivel b1,conocimientos académicos,diurna,nocturna,fin de semana
3286,centro cultural colombo americano sede norte,64541,conocimientos académicos en ingles nivel b2,conocimientos académicos,diurna,nocturna,fin de semana
3286,centro cultural colombo americano sede norte,7025,inglés para adultos,conocimientos académicos,diurna,fin de semana,N/A
3070,centro cultural colombo americano sede sur,7023,conocimientos academicos de ingles nivel a2,conocimientos académicos,diurna,nocturna,fin de semana
3070,centro cultural colombo americano sede sur,7024,conocimientos academicos de ingles nivel b1,conocimientos académicos,diurna,nocturna,fin de semana
3070,centro cultural colombo americano sede sur,56572,conocimientos académicos de ingles b1,conocimientos académicos,diurna,nocturna,fin de semana
3070,centro cultural colombo americano sede sur,56571,conocimientos académicos de ingles b1,conocimientos académicos,diurna,nocturna,fin de semana
3070,centro cultural colombo americano sede sur,56570,conocimientos académicos de ingles nivel a2,conocimientos académicos,diurna,nocturna,fin de semana
3070,centro cultural colombo americano sede sur,56569,conocimientos académicos de ingles nivel a2,conocimientos académicos,diurna,nocturna,N/A
3070,centro cultural colombo americano sede sur,64546,conocimientos académicos en ingles nivel b2,conocimientos académicos,diurna,nocturna,fin de semana
3070,centro cultural colombo americano sede sur,64550,conocimientos académicos en ingles nivel b2,conocimientos académicos,diurna,nocturna,fin de semana
3070,centro cultural colombo americano sede sur,64549,conocimientos académicos en ingles nivel b2,conocimientos académicos,diurna,nocturna,fin de semana
3070,centro cultural colombo americano sede sur,7022,inglés para adultos no renovado expiró,conocimientos académicos,diurna,fin de semana,N/A
3668,centro de  capacitacion  puerta del sol,7028,auxiliar contable y financiero,técnico laboral,nocturna,fin de semana,N/A
3668,centro de  capacitacion  puerta del sol,7033,auxiliar en sistemas  informáticos,técnico laboral,nocturna,fin de semana,N/A
3668,centro de  capacitacion  puerta del sol,7029,electricidad residencial,técnico laboral,nocturna,fin de semana,N/A
3668,centro de  capacitacion  puerta del sol,7030,electrónica,técnico laboral,nocturna,fin de semana,N/A
3668,centro de  capacitacion  puerta del sol,7031,mercaderista e impulsador,técnico laboral,nocturna,fin de semana,N/A
3668,centro de  capacitacion  puerta del sol,7032,secretariado y oficinista general,técnico laboral,nocturna,fin de semana,N/A
3668,centro de  capacitacion  puerta del sol,31562,técnico laboral en auxiliar contable y financiero,técnico laboral,nocturna,fin de semana,N/A
9363,centro de aprendizaje y capacitacion cenacap,49553,"conocimientos académicos en instalaciones electricas especiales, en energia solar fotovoltaica, termica y termoelectrica",conocimientos académicos,nocturna,fin de semana,N/A
9363,centro de aprendizaje y capacitacion cenacap,49552,conocimientos académicos en mantenimiento electrico,conocimientos académicos,nocturna,fin de semana,N/A
9363,centro de aprendizaje y capacitacion cenacap,49549,"conocimientos académicos en mantenimiento, repacion y conexión de bobinados electricos",conocimientos académicos,nocturna,fin de semana,N/A
9363,centro de aprendizaje y capacitacion cenacap,49551,conocimientos académicos en ¿instalacion y mantenimiento de instalaciones electricas interiores,conocimientos académicos,nocturna,fin de semana,N/A
9363,centro de aprendizaje y capacitacion cenacap,49550,conocimientos académicos en ¿instalacion y mantenimiento de redes de energia electrica,conocimientos académicos,nocturna,fin de semana,N/A
9363,centro de aprendizaje y capacitacion cenacap,53619,técnico laboral en electricidad industrial,técnico laboral,diurna,nocturna,fin de semana
3669,centro de asistencia computarizada automotriz,7034,servicio automotriz,técnico laboral,diurna,nocturna,fin de semana
3669,centro de asistencia computarizada automotriz,7035,transmisiones automaticas electronicas,conocimientos académicos,diurna,nocturna,fin de semana
3669,centro de asistencia computarizada automotriz,39591,técnico laboral en servicio automotriz,técnico laboral,diurna,nocturna,N/A
3659,centro de capacitacion  don bosco,7036,auxiliar contable,técnico laboral,diurna,nocturna,N/A
3659,centro de capacitacion  don bosco,7046,auxiliar de sistemas informaticos,técnico laboral,diurna,nocturna,N/A
3659,centro de capacitacion  don bosco,7039,auxiliar en diseño gráfico,técnico laboral,diurna,nocturna,N/A
3659,centro de capacitacion  don bosco,7037,cocina,técnico laboral,diurna,nocturna,N/A
3659,centro de capacitacion  don bosco,7040,ebanista,técnico laboral,diurna,nocturna,N/A
3659,centro de capacitacion  don bosco,7041,electricidad industrial,técnico laboral,diurna,nocturna,N/A
3659,centro de capacitacion  don bosco,7043,mecánica de vehiculos automotores a gasolina y gas,técnico laboral,diurna,nocturna,N/A
3659,centro de capacitacion  don bosco,7045,mecánica vehículos automotores,técnico laboral,diurna,nocturna,N/A
3659,centro de capacitacion  don bosco,7044,operador de maquinas herramientas en metalmecanica,técnico laboral,diurna,nocturna,N/A
3659,centro de capacitacion  don bosco,7038,operador de maquinas para confeccion de ropa,técnico laboral,diurna,nocturna,N/A
3659,centro de capacitacion  don bosco,7042,peluqueria,técnico laboral,diurna,nocturna,N/A
3659,centro de capacitacion  don bosco,7047,soldadura por arco electrico en platina,técnico laboral,diurna,nocturna,N/A
3659,centro de capacitacion  don bosco,56267,técnico laboral en  auxiliar de instrumentación y automatización industrial,técnico laboral,diurna,fin de semana,N/A
3659,centro de capacitacion  don bosco,56266,técnico laboral en ajustador y operador de maquinas herramientas,técnico laboral,diurna,fin de semana,N/A
3659,centro de capacitacion  don bosco,55982,técnico laboral en asistencia y soporte de las tecnologías de la información,técnico laboral,diurna,fin de semana,N/A
3659,centro de capacitacion  don bosco,41265,técnico laboral en auxiliar administrativo,técnico laboral,diurna,fin de semana,N/A
3659,centro de capacitacion  don bosco,56265,técnico laboral en auxiliar contable,técnico laboral,diurna,fin de semana,N/A
3659,centro de capacitacion  don bosco,41264,técnico laboral en auxiliar de archivo,técnico laboral,diurna,fin de semana,N/A
3659,centro de capacitacion  don bosco,41266,técnico laboral en auxiliar en almacen y bodega,técnico laboral,diurna,fin de semana,N/A
3659,centro de capacitacion  don bosco,41276,técnico laboral en auxiliar en recursos humanos,técnico laboral,diurna,fin de semana,N/A
3659,centro de capacitacion  don bosco,56262,técnico laboral en cocina,técnico laboral,diurna,fin de semana,N/A
3659,centro de capacitacion  don bosco,56256,técnico laboral en electricista de sistema de energía eléctrica,técnico laboral,diurna,fin de semana,N/A
3659,centro de capacitacion  don bosco,56257,técnico laboral en mecánica de vehículos automotores,técnico laboral,diurna,fin de semana,N/A
3659,centro de capacitacion  don bosco,56260,técnico laboral en operador de maquinas para confeccion de ropa,técnico laboral,diurna,fin de semana,N/A
3659,centro de capacitacion  don bosco,56268,técnico laboral en soldadura,técnico laboral,diurna,fin de semana,N/A
2713,centro de capacitacion cencac,7061,agente de ventas y publicidad,técnico laboral,diurna,nocturna,fin de semana
2713,centro de capacitacion cencac,7048,auxiliar administrativo,técnico laboral,diurna,nocturna,fin de semana
2713,centro de capacitacion cencac,7051,auxiliar administrativo en salud,técnico laboral,diurna,nocturna,fin de semana
2713,centro de capacitacion cencac,7052,auxiliar contable y financiero,técnico laboral,diurna,nocturna,fin de semana
2713,centro de capacitacion cencac,7053,auxiliar de enfermeria,técnico laboral,diurna,sin definir,N/A
2713,centro de capacitacion cencac,7054,auxiliar en banca y servicios financieros,técnico laboral,diurna,nocturna,fin de semana
2713,centro de capacitacion cencac,7055,auxiliar en salud oral,técnico laboral,diurna,nocturna,fin de semana
2713,centro de capacitacion cencac,7056,auxiliar en salud publica,técnico laboral,diurna,nocturna,fin de semana
2713,centro de capacitacion cencac,7050,auxiliar en servicios farmaceuticos,técnico laboral,diurna,nocturna,fin de semana
2713,centro de capacitacion cencac,7063,auxiliar en sistemas  informáticos,técnico laboral,diurna,nocturna,fin de semana
2713,centro de capacitacion cencac,7058,cocina (gastronomía y culinaria),técnico laboral,diurna,nocturna,fin de semana
2713,centro de capacitacion cencac,7059,"inspector sanidad, salud y seguridad ocupacional",técnico laboral,diurna,nocturna,fin de semana
2713,centro de capacitacion cencac,7060,mantenimiento y reparación de computadores,técnico laboral,diurna,nocturna,fin de semana
2713,centro de capacitacion cencac,7062,secretariado gerencial y contable,técnico laboral,diurna,nocturna,fin de semana
2713,centro de capacitacion cencac,7057,tecnico laboral en recepcion hotelera,técnico laboral,diurna,nocturna,fin de semana
2713,centro de capacitacion cencac,56234,técnico laboral en asistencia y soporte de tecnologías de la información,técnico laboral,diurna,nocturna,N/A
2713,centro de capacitacion cencac,61448,técnico laboral en auxiliar administrativo,técnico laboral,diurna,nocturna,N/A
2713,centro de capacitacion cencac,53751,técnico laboral en auxiliar contable de tesoreria y financiero,técnico laboral,diurna,nocturna,N/A
2713,centro de capacitacion cencac,61452,técnico laboral en auxiliar de seguridad en el trabajo,técnico laboral,diurna,nocturna,fin de semana
2713,centro de capacitacion cencac,7049,técnico laboral en auxiliar en atencion a la primera infancia,técnico laboral,diurna,sin definir,N/A
2713,centro de capacitacion cencac,59195,técnico laboral en auxiliar en deporte y actividad física,técnico laboral,diurna,nocturna,N/A
2713,centro de capacitacion cencac,15958,técnico laboral en auxiliar en mecanica dental,técnico laboral,diurna,nocturna,fin de semana
2713,centro de capacitacion cencac,56235,técnico laboral en auxiliar en producción gráfica,técnico laboral,diurna,nocturna,N/A
2713,centro de capacitacion cencac,41235,técnico laboral en auxiliar en seguridad ocupacional,técnico laboral,diurna,fin de semana,N/A
2713,centro de capacitacion cencac,57312,técnico laboral en cocina internacional,técnico laboral,diurna,nocturna,fin de semana
2713,centro de capacitacion cencac,41237,técnico laboral en cuidado estetico de manos y pies,técnico laboral,diurna,fin de semana,N/A
2713,centro de capacitacion cencac,65250,técnico laboral en estilista integral en peluqueria,técnico laboral,diurna,nocturna,N/A
2713,centro de capacitacion cencac,61455,técnico laboral en manicurista y pedicurista,técnico laboral,diurna,nocturna,fin de semana
2713,centro de capacitacion cencac,17043,técnico laboral en mezcla edicion grabacion y produccion de sonido,técnico laboral,diurna,sin definir,N/A
2713,centro de capacitacion cencac,53752,técnico laboral en respresentante de ventas y publicidad,técnico laboral,diurna,fin de semana,N/A
6791,centro de capacitacion cencac 2,59194,técnico laboral en  agente de transito,técnico laboral,diurna,nocturna,N/A
6791,centro de capacitacion cencac 2,56381,técnico laboral en asistencia en veterinaria,técnico laboral,diurna,nocturna,N/A
6791,centro de capacitacion cencac 2,17040,técnico laboral en asistente en primera infancia,técnico laboral,diurna,nocturna,N/A
6791,centro de capacitacion cencac 2,15957,técnico laboral en auxiliar  administrativo,técnico laboral,diurna,nocturna,N/A
6791,centro de capacitacion cencac 2,65241,técnico laboral en auxiliar contable,técnico laboral,diurna,nocturna,N/A
6791,centro de capacitacion cencac 2,65240,técnico laboral en auxiliar de seguridad en el trabajo,técnico laboral,diurna,nocturna,N/A
6791,centro de capacitacion cencac 2,31575,técnico laboral en auxiliar en enfermería,técnico laboral,diurna,nocturna,N/A
6791,centro de capacitacion cencac 2,31574,técnico laboral en auxiliar en salud oral,técnico laboral,diurna,nocturna,N/A
6791,centro de capacitacion cencac 2,17042,técnico laboral en cocina internacional,técnico laboral,diurna,nocturna,fin de semana
6791,centro de capacitacion cencac 2,51995,técnico laboral en cosmetologia y estetica integral,técnico laboral,diurna,nocturna,fin de semana
6791,centro de capacitacion cencac 2,59193,técnico laboral en investigador criminalistico y judicial,técnico laboral,diurna,nocturna,N/A
6791,centro de capacitacion cencac 2,41961,técnico laboral en peluqueria,técnico laboral,diurna,nocturna,N/A
6791,centro de capacitacion cencac 2,59920,técnico laboral en vestuario y confección,técnico laboral,diurna,nocturna,N/A
2720,centro de capacitacion cencap,7064,auxiliar administrativo énfasis en ventas,técnico laboral,diurna,nocturna,fin de semana
2720,centro de capacitacion cencap,7065,auxiliar contable y financiero,técnico laboral,diurna,nocturna,fin de semana
2720,centro de capacitacion cencap,7066,"auxiliar de bodega, almacén y centros de distribución",técnico laboral,diurna,nocturna,fin de semana
2720,centro de capacitacion cencap,7067,cocina (gastronomía y culinaria),técnico laboral,diurna,nocturna,fin de semana
2720,centro de capacitacion cencap,7068,ensable y mantenimiento de equipos de cómputo,técnico laboral,diurna,nocturna,fin de semana
2720,centro de capacitacion cencap,7069,mercaderista e impulsador,técnico laboral,diurna,nocturna,fin de semana
2706,centro de capacitacion corporacion educativa pbro. octavio salazar cuartas,7070,auxiliar administrativo énfasis en ventas,técnico laboral,diurna,nocturna,fin de semana
2706,centro de capacitacion corporacion educativa pbro. octavio salazar cuartas,7071,auxiliar contable y financiero,técnico laboral,diurna,sin definir,N/A
2706,centro de capacitacion corporacion educativa pbro. octavio salazar cuartas,7072,"auxiliar de bodega, almacén y centros de distribución",técnico laboral,diurna,nocturna,fin de semana
2706,centro de capacitacion corporacion educativa pbro. octavio salazar cuartas,7073,cocina (gastronomía y culinaria),técnico laboral,diurna,nocturna,fin de semana
2706,centro de capacitacion corporacion educativa pbro. octavio salazar cuartas,7074,ensamble y mantenimiento de equipos de cómputo,técnico laboral,diurna,nocturna,fin de semana
2706,centro de capacitacion corporacion educativa pbro. octavio salazar cuartas,7075,mercaderista e impulsador,técnico laboral,diurna,nocturna,fin de semana
9455,centro de capacitacion crear futuro,46722,técnico laboral en auxiliar contable y financiero,técnico laboral,diurna,nocturna,fin de semana
9455,centro de capacitacion crear futuro,52431,técnico laboral en auxiliar en mercadeo y ventas,técnico laboral,diurna,nocturna,fin de semana
9455,centro de capacitacion crear futuro,46727,técnico laboral en auxiliar en sistemas informaticos,técnico laboral,diurna,nocturna,fin de semana
9455,centro de capacitacion crear futuro,52430,técnico laboral en en diseño grafico digital,técnico laboral,diurna,nocturna,fin de semana
9455,centro de capacitacion crear futuro,46726,"técnico laboral en mantenimiento del sistema electrico, electronico y de confort de vehiculos automotores",técnico laboral,diurna,nocturna,fin de semana
9455,centro de capacitacion crear futuro,46724,técnico laboral en mantenimiento y repacion de automotores gasolina y gas,técnico laboral,diurna,nocturna,fin de semana
9455,centro de capacitacion crear futuro,46725,técnico laboral en mantenimiento y reparacion de automotores diesel,técnico laboral,diurna,nocturna,fin de semana
9455,centro de capacitacion crear futuro,46723,técnico laboral en mantenimiento y reparacion de motocicletas,técnico laboral,diurna,nocturna,fin de semana
9455,centro de capacitacion crear futuro,67105,técnico laboral en mecanico autotronica,técnico laboral,diurna,nocturna,fin de semana
9455,centro de capacitacion crear futuro,67112,técnico laboral en mecanico de motocicletas,técnico laboral,diurna,nocturna,fin de semana
9455,centro de capacitacion crear futuro,67108,técnico laboral en mecanico diesel de quipo automotor pesado,técnico laboral,diurna,nocturna,N/A
9455,centro de capacitacion crear futuro,67110,técnico laboral en servicio automotriz,técnico laboral,diurna,nocturna,N/A
3653,centro de capacitacion fundacion ernesto mejia amaya,7081,mantenimiento y reparación de motocicletas,técnico laboral,diurna,nocturna,N/A
3653,centro de capacitacion fundacion ernesto mejia amaya,7076,manejo de maquinaria de confección,técnico laboral,diurna,nocturna,N/A
3653,centro de capacitacion fundacion ernesto mejia amaya,7077,mantenimiento de motores a gasolina con énfasis en conversión a gas natural,técnico laboral,diurna,nocturna,N/A
3653,centro de capacitacion fundacion ernesto mejia amaya,7078,mantenimiento de motores a gasolina y gas con énfasis en electricidad automotriz,técnico laboral,diurna,nocturna,N/A
3653,centro de capacitacion fundacion ernesto mejia amaya,7079,mantenimiento de sistemas de alimentación en motores a gasolina y gas,técnico laboral,diurna,nocturna,N/A
3653,centro de capacitacion fundacion ernesto mejia amaya,7080,mantenimiento de sistemas de transmisión de potencia y seguridad en vehículos automotores,técnico laboral,diurna,nocturna,N/A
3653,centro de capacitacion fundacion ernesto mejia amaya,7082,mantenimiento de vehiculos a gasolina y gas,técnico laboral,diurna,nocturna,N/A
3653,centro de capacitacion fundacion ernesto mejia amaya,19612,"técnico laboral en  mantenimiento de los sistemas electrico, electronico y de confort de vehiculos automotores",técnico laboral,diurna,nocturna,N/A
3653,centro de capacitacion fundacion ernesto mejia amaya,33954,técnico laboral en mantenimiento y reparacion de vehiculos automotores diesel,técnico laboral,diurna,nocturna,fin de semana
2890,centro de capacitacion ocupacional porvenir limitada,7084,auxiliar en salud oral,técnico laboral,diurna,nocturna,fin de semana
2890,centro de capacitacion ocupacional porvenir limitada,56514,técnico laboral en actividad física y entrenamiento deportivo,técnico laboral,diurna,nocturna,fin de semana
2890,centro de capacitacion ocupacional porvenir limitada,16564,técnico laboral en asistente en educacion para la primera infancia,técnico laboral,diurna,nocturna,fin de semana
2890,centro de capacitacion ocupacional porvenir limitada,38061,técnico laboral en auxiliar administrativo,técnico laboral,diurna,nocturna,fin de semana
2890,centro de capacitacion ocupacional porvenir limitada,15186,técnico laboral en auxiliar en clinica veterinaria,técnico laboral,diurna,nocturna,fin de semana
2890,centro de capacitacion ocupacional porvenir limitada,7083,técnico laboral en auxiliar en enfermería,técnico laboral,diurna,nocturna,fin de semana
2890,centro de capacitacion ocupacional porvenir limitada,7085,técnico laboral en auxiliar en salud pública,técnico laboral,diurna,nocturna,fin de semana
2890,centro de capacitacion ocupacional porvenir limitada,7086,técnico laboral en auxiliar en servicios farmacéuticos,técnico laboral,diurna,nocturna,fin de semana
2890,centro de capacitacion ocupacional porvenir limitada,34051,técnico laboral en cosmetologia y estetica integral,técnico laboral,diurna,nocturna,fin de semana
2890,centro de capacitacion ocupacional porvenir limitada,38060,técnico laboral en seguridad y salud en el trabajo,técnico laboral,diurna,nocturna,fin de semana
3287,centro de capacitacion sue,7091,cocina,técnico laboral,diurna,sin definir,N/A
3109,"centro de capacitacion tecnica industrial ""pedro antonio molina""",7092,asistente administrativo,técnico laboral,nocturna,fin de semana,N/A
3109,"centro de capacitacion tecnica industrial ""pedro antonio molina""",7093,asistente contable y financiero,técnico laboral,nocturna,fin de semana,N/A
3109,"centro de capacitacion tecnica industrial ""pedro antonio molina""",7094,auxiliar de servicio de salud en psicología con énfasis en orientacion familiar,técnico laboral,nocturna,fin de semana,N/A
3109,"centro de capacitacion tecnica industrial ""pedro antonio molina""",7095,digitación,técnico laboral,nocturna,fin de semana,N/A
3109,"centro de capacitacion tecnica industrial ""pedro antonio molina""",7096,electricidad industrial,técnico laboral,nocturna,fin de semana,N/A
3109,"centro de capacitacion tecnica industrial ""pedro antonio molina""",7097,mecánica industrial,técnico laboral,nocturna,fin de semana,N/A
2684,centro de capacitacion y educacion dirigida cced y cia ltda sede norte,7098,administración de negocios pymes,conocimientos académicos,diurna,nocturna,N/A
2684,centro de capacitacion y educacion dirigida cced y cia ltda sede norte,7099,asistente administrativo con énfasis en sistemas,técnico laboral,diurna,nocturna,N/A
2684,centro de capacitacion y educacion dirigida cced y cia ltda sede norte,7100,auxiliar contable y financiero,técnico laboral,diurna,nocturna,fin de semana
2684,centro de capacitacion y educacion dirigida cced y cia ltda sede norte,7101,contabilidad y sistemas,conocimientos académicos,diurna,nocturna,N/A
2684,centro de capacitacion y educacion dirigida cced y cia ltda sede norte,7102,"mercadeo, ventas e informática",técnico laboral,diurna,nocturna,N/A
2684,centro de capacitacion y educacion dirigida cced y cia ltda sede norte,7103,secretariado administrativo y gerencial,técnico laboral,diurna,nocturna,fin de semana
2684,centro de capacitacion y educacion dirigida cced y cia ltda sede norte,7104,secretariado bilingüe con énfasis en sistemas,técnico laboral,diurna,nocturna,fin de semana
2684,centro de capacitacion y educacion dirigida cced y cia ltda sede norte,7105,sistemas y administración de redes,técnico laboral,diurna,nocturna,fin de semana
2684,centro de capacitacion y educacion dirigida cced y cia ltda sede norte,7106,"técnico laboral en agente de mercadeo, ventas y publicidad.",técnico laboral,diurna,nocturna,fin de semana
2684,centro de capacitacion y educacion dirigida cced y cia ltda sede norte,7107,técnico laboral en auxiliar administrativo,técnico laboral,diurna,nocturna,fin de semana
2684,centro de capacitacion y educacion dirigida cced y cia ltda sede norte,7108,técnico laboral en auxiliar de personal,técnico laboral,diurna,nocturna,fin de semana
2684,centro de capacitacion y educacion dirigida cced y cia ltda sede norte,7109,técnico laboral en banca y finanzas,técnico laboral,diurna,nocturna,fin de semana
2684,centro de capacitacion y educacion dirigida cced y cia ltda sede norte,7110,técnico laboral en secretaria auxiliar contable,técnico laboral,diurna,nocturna,fin de semana
2684,centro de capacitacion y educacion dirigida cced y cia ltda sede norte,7111,técnico laboral en secretaria ejecutiva,técnico laboral,diurna,nocturna,fin de semana
2683,centro de capacitacion y educacion dirigida cced y cia ltda sede sur,7112,administración de negocios pymes,técnico laboral,diurna,nocturna,sin definir
2683,centro de capacitacion y educacion dirigida cced y cia ltda sede sur,7114,auxiliar contable y financiero,técnico laboral,diurna,nocturna,fin de semana
2683,centro de capacitacion y educacion dirigida cced y cia ltda sede sur,7115,contabilidad y sistemas,conocimientos académicos,diurna,nocturna,fin de semana
2683,centro de capacitacion y educacion dirigida cced y cia ltda sede sur,7116,"mercadeo, ventas e informática",conocimientos académicos,diurna,nocturna,fin de semana
2683,centro de capacitacion y educacion dirigida cced y cia ltda sede sur,7118,secretariado bilingüe con énfasis en sistemas,técnico laboral,diurna,nocturna,sin definir
2683,centro de capacitacion y educacion dirigida cced y cia ltda sede sur,7117,secretariado gerencial,técnico laboral,diurna,nocturna,fin de semana
2683,centro de capacitacion y educacion dirigida cced y cia ltda sede sur,7119,sistemas y administración de redes,técnico laboral,diurna,nocturna,fin de semana
2683,centro de capacitacion y educacion dirigida cced y cia ltda sede sur,7113,tecnico laboral en auxiliar administrativo,técnico laboral,diurna,nocturna,fin de semana
2683,centro de capacitacion y educacion dirigida cced y cia ltda sede sur,7120,"técnico laboral en agente de mercadeo, ventas y publicidad",técnico laboral,diurna,nocturna,fin de semana
2683,centro de capacitacion y educacion dirigida cced y cia ltda sede sur,7121,técnico laboral en auxiliar administrativo,técnico laboral,diurna,nocturna,fin de semana
2683,centro de capacitacion y educacion dirigida cced y cia ltda sede sur,7122,técnico laboral en auxiliar de personal,técnico laboral,diurna,nocturna,fin de semana
2683,centro de capacitacion y educacion dirigida cced y cia ltda sede sur,41967,técnico laboral en auxiliar sistemas informaticos,técnico laboral,diurna,nocturna,N/A
2683,centro de capacitacion y educacion dirigida cced y cia ltda sede sur,7123,técnico laboral en banca y finanzas,técnico laboral,diurna,nocturna,fin de semana
2683,centro de capacitacion y educacion dirigida cced y cia ltda sede sur,34058,técnico laboral en representante de ventas y publicidad,técnico laboral,diurna,nocturna,fin de semana
2683,centro de capacitacion y educacion dirigida cced y cia ltda sede sur,7124,técnico laboral en secretaria auxiliar contable,técnico laboral,diurna,nocturna,fin de semana
2683,centro de capacitacion y educacion dirigida cced y cia ltda sede sur,7125,técnico laboral en secretaria ejecutiva,técnico laboral,diurna,nocturna,fin de semana
2683,centro de capacitacion y educacion dirigida cced y cia ltda sede sur,18508,técnico laboral en secretariado gerencial,técnico laboral,diurna,nocturna,fin de semana
3288,centro de diagnostico automotor del valle,7127,curso de formación de conductores categoría a2,capacitación en conducción,diurna,nocturna,fin de semana
3288,centro de diagnostico automotor del valle,7126,curso de formación de conductores categoría b1,capacitación en conducción,diurna,nocturna,fin de semana
3288,centro de diagnostico automotor del valle,7129,curso de formación de conductores categoría b2,capacitación en conducción,diurna,nocturna,N/A
3288,centro de diagnostico automotor del valle,7128,curso de formación de conductores categoría c1,capacitación en conducción,diurna,nocturna,fin de semana
3288,centro de diagnostico automotor del valle,7130,"instructor de tránsito automoviles, camperos, camionetas y microbuses de servicio particular",capacitación en conducción,diurna,nocturna,fin de semana
3288,centro de diagnostico automotor del valle,7131,"instructor de tránsito automoviles, camperos, camionetas y microbuses de servicio publico",capacitación en conducción,diurna,nocturna,fin de semana
3288,centro de diagnostico automotor del valle,7132,"instructor de tránsito camiones rígidos, busetas, buses para el servicio público - particular",capacitación en conducción,diurna,nocturna,fin de semana
3288,centro de diagnostico automotor del valle,7133,instructor de tránsito vehículos  articulados para el servicio público,capacitación en conducción,diurna,nocturna,fin de semana
3288,centro de diagnostico automotor del valle,7134,instructor de tránsito y transporte motos y motocicletas,capacitación en conducción,diurna,nocturna,fin de semana
3657,centro de educacion   diversificada,7135,asistente administrativo,técnico laboral,nocturna,sin definir,N/A
3657,centro de educacion   diversificada,7136,asistente contable y financiero,técnico laboral,nocturna,sin definir,N/A
3657,centro de educacion   diversificada,7137,sistemas,técnico laboral,nocturna,sin definir,N/A
3656,"centro de educacion e investigacion para el  desarrollo  urbano y rural- ""cedecur""",7138,formación integral para el desarrollo humano,conocimientos académicos,fin de semana,sin definir,N/A
3656,"centro de educacion e investigacion para el  desarrollo  urbano y rural- ""cedecur""",7139,seguridad alimentaria,conocimientos académicos,fin de semana,sin definir,N/A
3819,centro de enseñanza  automovilistica j.c.,7142,"capacitacion en conduccion categoria  b2 (camiones rigidos, busetas  y buses para el servicio particular)",capacitación en conducción,diurna,nocturna,fin de semana
3819,centro de enseñanza  automovilistica j.c.,35677,curso de formación de conductores categoría a1,capacitación en conducción,diurna,nocturna,fin de semana
3819,centro de enseñanza  automovilistica j.c.,56727,curso de formación de conductores categoría a1,capacitación en conducción,diurna,nocturna,N/A
3819,centro de enseñanza  automovilistica j.c.,7140,curso de formación de conductores categoría a2,capacitación en conducción,diurna,nocturna,fin de semana
3819,centro de enseñanza  automovilistica j.c.,7141,curso de formación de conductores categoría b1,capacitación en conducción,diurna,nocturna,fin de semana
3819,centro de enseñanza  automovilistica j.c.,7143,curso de formación de conductores categoría c1,capacitación en conducción,diurna,nocturna,fin de semana
6867,centro de enseñanza automovilismo los balcanes,16353,curso de formación de conductores categoría a2,capacitación en conducción,diurna,nocturna,fin de semana
6867,centro de enseñanza automovilismo los balcanes,16354,curso de formación de conductores categoría b1,capacitación en conducción,diurna,nocturna,fin de semana
6867,centro de enseñanza automovilismo los balcanes,41272,curso de formación de conductores categoría b2,capacitación en conducción,diurna,nocturna,fin de semana
6867,centro de enseñanza automovilismo los balcanes,16352,curso de formación de conductores categoría c1,capacitación en conducción,diurna,nocturna,fin de semana
6867,centro de enseñanza automovilismo los balcanes,41271,curso de formación de conductores categoría c2,capacitación en conducción,diurna,nocturna,fin de semana
5447,centro de enseñanza automovilistica  occidente,17810,conocimientos académicos en instructor de conduccion categoria a1,capacitación en conducción,diurna,fin de semana,N/A
5447,centro de enseñanza automovilistica  occidente,17811,conocimientos académicos en instructor de conduccion categoria a2,capacitación en conducción,diurna,fin de semana,N/A
5447,centro de enseñanza automovilistica  occidente,17812,conocimientos académicos en instructor de conduccion categoria b1,capacitación en conducción,diurna,fin de semana,N/A
5447,centro de enseñanza automovilistica  occidente,17813,conocimientos académicos en instructor de conduccion categoria c1,capacitación en conducción,diurna,fin de semana,N/A
5447,centro de enseñanza automovilistica  occidente,41000,curso de formación de conductores categoría a1,capacitación en conducción,diurna,nocturna,fin de semana
5447,centro de enseñanza automovilistica  occidente,41001,curso de formación de conductores categoría a2,capacitación en conducción,diurna,nocturna,fin de semana
5447,centro de enseñanza automovilistica  occidente,41002,curso de formación de conductores categoría b1,capacitación en conducción,diurna,nocturna,fin de semana
5447,centro de enseñanza automovilistica  occidente,41003,curso de formación de conductores categoría b2,capacitación en conducción,diurna,nocturna,fin de semana
5447,centro de enseñanza automovilistica  occidente,41004,curso de formación de conductores categoría b3,capacitación en conducción,diurna,nocturna,fin de semana
5447,centro de enseñanza automovilistica  occidente,41005,curso de formación de conductores categoría c1,capacitación en conducción,diurna,nocturna,fin de semana
5447,centro de enseñanza automovilistica  occidente,41006,curso de formación de conductores categoría c2,capacitación en conducción,diurna,nocturna,fin de semana
5447,centro de enseñanza automovilistica  occidente,41007,curso de formación de conductores categoría c3,capacitación en conducción,diurna,nocturna,fin de semana
5447,centro de enseñanza automovilistica  occidente,40918,curso de formación de instructores en técnicas de conducción categoría a1,capacitación en conducción,diurna,nocturna,fin de semana
5447,centro de enseñanza automovilistica  occidente,40919,curso de formación de instructores en técnicas de conducción categoría a2,capacitación en conducción,diurna,nocturna,fin de semana
5447,centro de enseñanza automovilistica  occidente,40917,curso de formación de instructores en técnicas de conducción categoría b1,capacitación en conducción,diurna,nocturna,fin de semana
5447,centro de enseñanza automovilistica  occidente,40920,curso de formación de instructores en técnicas de conducción categoría b2,capacitación en conducción,diurna,nocturna,fin de semana
5447,centro de enseñanza automovilistica  occidente,40921,curso de formación de instructores en técnicas de conducción categoría b3,capacitación en conducción,diurna,nocturna,fin de semana
5447,centro de enseñanza automovilistica  occidente,40922,curso de formación de instructores en técnicas de conducción categoría c1,capacitación en conducción,diurna,nocturna,fin de semana
5447,centro de enseñanza automovilistica  occidente,40923,curso de formación de instructores en técnicas de conducción categoría c2,capacitación en conducción,diurna,nocturna,fin de semana
5447,centro de enseñanza automovilistica  occidente,40924,curso de formación de instructores en técnicas de conducción categoría c3,capacitación en conducción,diurna,nocturna,fin de semana
5447,centro de enseñanza automovilistica  occidente,7144,"instructor  de conduccion de automoviles, camperos, camionetas y microbuses de servicio particular",capacitación en conducción,diurna,nocturna,fin de semana
10643,centro de enseñanza automovilistica  valle racing 46 s.a.s,56605,curso de formación de conductores categoría a1,capacitación en conducción,diurna,nocturna,fin de semana
10643,centro de enseñanza automovilistica  valle racing 46 s.a.s,56606,curso de formación de conductores categoría a2,capacitación en conducción,diurna,nocturna,fin de semana
10643,centro de enseñanza automovilistica  valle racing 46 s.a.s,56607,curso de formación de conductores categoría b1,capacitación en conducción,diurna,nocturna,fin de semana
10643,centro de enseñanza automovilistica  valle racing 46 s.a.s,56608,curso de formación de conductores categoría b2,capacitación en conducción,diurna,nocturna,fin de semana
10643,centro de enseñanza automovilistica  valle racing 46 s.a.s,56609,curso de formación de conductores categoría b3,capacitación en conducción,diurna,nocturna,fin de semana
10643,centro de enseñanza automovilistica  valle racing 46 s.a.s,56610,curso de formación de conductores categoría c1,capacitación en conducción,diurna,nocturna,fin de semana
10643,centro de enseñanza automovilistica  valle racing 46 s.a.s,56611,curso de formación de conductores categoría c2,capacitación en conducción,diurna,nocturna,fin de semana
10643,centro de enseñanza automovilistica  valle racing 46 s.a.s,56613,curso de formación de conductores categoría c3,capacitación en conducción,diurna,nocturna,fin de semana
10643,centro de enseñanza automovilistica  valle racing 46 s.a.s,56598,curso de formación de instructores en técnicas de conducción categoría a1,capacitación en conducción,diurna,nocturna,fin de semana
10643,centro de enseñanza automovilistica  valle racing 46 s.a.s,56597,curso de formación de instructores en técnicas de conducción categoría a2,capacitación en conducción,diurna,nocturna,fin de semana
10643,centro de enseñanza automovilistica  valle racing 46 s.a.s,56603,curso de formación de instructores en técnicas de conducción categoría b1,capacitación en conducción,diurna,nocturna,fin de semana
10643,centro de enseñanza automovilistica  valle racing 46 s.a.s,56604,curso de formación de instructores en técnicas de conducción categoría b2,capacitación en conducción,diurna,nocturna,fin de semana
10643,centro de enseñanza automovilistica  valle racing 46 s.a.s,56602,curso de formación de instructores en técnicas de conducción categoría b3,capacitación en conducción,diurna,nocturna,fin de semana
10643,centro de enseñanza automovilistica  valle racing 46 s.a.s,56601,curso de formación de instructores en técnicas de conducción categoría c1,capacitación en conducción,diurna,nocturna,fin de semana
10643,centro de enseñanza automovilistica  valle racing 46 s.a.s,56600,curso de formación de instructores en técnicas de conducción categoría c2,capacitación en conducción,diurna,nocturna,fin de semana
10643,centro de enseñanza automovilistica  valle racing 46 s.a.s,56599,curso de formación de instructores en técnicas de conducción categoría c3,capacitación en conducción,diurna,nocturna,fin de semana
11073,centro de enseñanza automovilistica 7 de agosto,60503,curso de formación de conductores categoría a1,capacitación en conducción,diurna,nocturna,fin de semana
11073,centro de enseñanza automovilistica 7 de agosto,60504,curso de formación de conductores categoría a2,capacitación en conducción,diurna,nocturna,fin de semana
11073,centro de enseñanza automovilistica 7 de agosto,60505,curso de formación de conductores categoría b1,capacitación en conducción,diurna,nocturna,fin de semana
11073,centro de enseñanza automovilistica 7 de agosto,60506,curso de formación de conductores categoría c1,capacitación en conducción,diurna,nocturna,fin de semana
8597,centro de enseñanza automovilistica andes cars,41975,curso de formación de conductores categoría a1,capacitación en conducción,diurna,nocturna,fin de semana
8597,centro de enseñanza automovilistica andes cars,60794,curso de formación de conductores categoría a2,capacitación en conducción,diurna,nocturna,fin de semana
8597,centro de enseñanza automovilistica andes cars,38675,curso de formación de conductores categoría a2,capacitación en conducción,diurna,nocturna,fin de semana
8597,centro de enseñanza automovilistica andes cars,38674,curso de formación de conductores categoría b1,capacitación en conducción,diurna,nocturna,fin de semana
8597,centro de enseñanza automovilistica andes cars,60795,curso de formación de conductores categoría b1,capacitación en conducción,diurna,nocturna,fin de semana
8597,centro de enseñanza automovilistica andes cars,65242,curso de formación de conductores categoría c1,capacitación en conducción,diurna,nocturna,fin de semana
8597,centro de enseñanza automovilistica andes cars,41976,curso de formación de conductores categoría c1,capacitación en conducción,diurna,nocturna,fin de semana
10679,centro de enseñanza automovilistica avenida ciudad de cali s.a.s,56884,curso de formación de conductores categoría a2,capacitación en conducción,diurna,nocturna,fin de semana
10679,centro de enseñanza automovilistica avenida ciudad de cali s.a.s,56881,curso de formación de conductores categoría b1,capacitación en conducción,diurna,nocturna,fin de semana
10679,centro de enseñanza automovilistica avenida ciudad de cali s.a.s,56882,curso de formación de conductores categoría c1,capacitación en conducción,diurna,nocturna,fin de semana
10679,centro de enseñanza automovilistica avenida ciudad de cali s.a.s,56883,curso de formación de conductores categoría c2,capacitación en conducción,diurna,nocturna,fin de semana
10635,centro de enseñanza automovilistica cali al volante s.a.s,56548,curso de formación de conductores categoría a2,capacitación en conducción,diurna,nocturna,fin de semana
10635,centro de enseñanza automovilistica cali al volante s.a.s,56549,curso de formación de conductores categoría b1,capacitación en conducción,diurna,nocturna,fin de semana
10635,centro de enseñanza automovilistica cali al volante s.a.s,56551,curso de formación de conductores categoría c1,capacitación en conducción,diurna,nocturna,fin de semana
11097,centro de enseñanza automovilistica carss club s.a.s,60765,curso de formación de conductores categoría a2,capacitación en conducción,diurna,nocturna,fin de semana
11097,centro de enseñanza automovilistica carss club s.a.s,60766,curso de formación de conductores categoría b1,capacitación en conducción,diurna,nocturna,fin de semana
11097,centro de enseñanza automovilistica carss club s.a.s,60767,curso de formación de conductores categoría c1,capacitación en conducción,diurna,nocturna,fin de semana
6789,centro de enseñanza automovilistica del valle,15946,conocimientos académicos en conduccion categoria a1,capacitación en conducción,diurna,nocturna,fin de semana
6789,centro de enseñanza automovilistica del valle,15945,curso de formación de conductores categoría a2,capacitación en conducción,diurna,nocturna,fin de semana
6789,centro de enseñanza automovilistica del valle,15944,curso de formación de conductores categoría b1,capacitación en conducción,diurna,nocturna,fin de semana
6789,centro de enseñanza automovilistica del valle,15939,curso de formación de conductores categoría c1,capacitación en conducción,diurna,nocturna,fin de semana
9566,centro de enseñanza automovilistica educando cali sas,55332,curso de formación de conductores categoría a1,capacitación en conducción,diurna,nocturna,N/A
9566,centro de enseñanza automovilistica educando cali sas,49917,curso de formación de conductores categoría a1,capacitación en conducción,diurna,nocturna,fin de semana
9566,centro de enseñanza automovilistica educando cali sas,50875,curso de formación de conductores categoría a2,capacitación en conducción,diurna,nocturna,N/A
9566,centro de enseñanza automovilistica educando cali sas,50876,curso de formación de conductores categoría b1,capacitación en conducción,diurna,nocturna,N/A
9566,centro de enseñanza automovilistica educando cali sas,55331,curso de formación de conductores categoría b2,capacitación en conducción,diurna,nocturna,N/A
9566,centro de enseñanza automovilistica educando cali sas,50874,curso de formación de conductores categoría b2,capacitación en conducción,diurna,nocturna,N/A
9566,centro de enseñanza automovilistica educando cali sas,50873,curso de formación de conductores categoría c1,capacitación en conducción,diurna,nocturna,N/A
9566,centro de enseñanza automovilistica educando cali sas,55330,curso de formación de conductores categoría c1,capacitación en conducción,diurna,nocturna,N/A
9566,centro de enseñanza automovilistica educando cali sas,55329,curso de formación de conductores categoría c2,capacitación en conducción,diurna,nocturna,N/A
9566,centro de enseñanza automovilistica educando cali sas,50872,curso de formación de conductores categoría c2,capacitación en conducción,diurna,nocturna,N/A
9561,centro de enseñanza automovilistica nascar club,47349,curso de formación de conductores categoría a2,capacitación en conducción,diurna,nocturna,fin de semana
9561,centro de enseñanza automovilistica nascar club,47378,curso de formación de conductores categoría b1,capacitación en conducción,diurna,nocturna,fin de semana
9561,centro de enseñanza automovilistica nascar club,47380,curso de formación de conductores categoría c1,capacitación en conducción,diurna,nocturna,fin de semana
9561,centro de enseñanza automovilistica nascar club,47379,curso de formación de conductores categoría c2,capacitación en conducción,diurna,nocturna,fin de semana
9561,centro de enseñanza automovilistica nascar club,47381,curso de formación de conductores categoría c3,capacitación en conducción,diurna,nocturna,fin de semana
9561,centro de enseñanza automovilistica nascar club,63546,curso de formación de instructores en técnicas de conducción categoría a2,capacitación en conducción,diurna,nocturna,fin de semana
9561,centro de enseñanza automovilistica nascar club,63547,curso de formación de instructores en técnicas de conducción categoría b1,capacitación en conducción,diurna,nocturna,fin de semana
9561,centro de enseñanza automovilistica nascar club,63548,curso de formación de instructores en técnicas de conducción categoría c1,capacitación en conducción,diurna,nocturna,fin de semana
9561,centro de enseñanza automovilistica nascar club,63549,curso de formación de instructores en técnicas de conducción categoría c2,capacitación en conducción,diurna,nocturna,fin de semana
9561,centro de enseñanza automovilistica nascar club,63550,curso de formación de instructores en técnicas de conducción categoría c3,capacitación en conducción,diurna,nocturna,fin de semana
10640,centro de enseñanza automovilistica rally sports s.a.s,56585,curso de formación de conductores categoría a2,capacitación en conducción,diurna,nocturna,fin de semana
10640,centro de enseñanza automovilistica rally sports s.a.s,56587,curso de formación de conductores categoría b1,capacitación en conducción,diurna,nocturna,fin de semana
10640,centro de enseñanza automovilistica rally sports s.a.s,56586,curso de formación de conductores categoría c1,capacitación en conducción,diurna,nocturna,fin de semana
10209,centro de enseñanza automovilistica timones del sur s.a.s,52710,curso de formación de conductores categoría a2,capacitación en conducción,diurna,nocturna,fin de semana
10209,centro de enseñanza automovilistica timones del sur s.a.s,52707,curso de formación de conductores categoría b1,capacitación en conducción,diurna,nocturna,fin de semana
10209,centro de enseñanza automovilistica timones del sur s.a.s,52708,curso de formación de conductores categoría c1,capacitación en conducción,diurna,nocturna,fin de semana
10633,centro de enseñanza automovilistica valle vial s.a.s,56536,curso de formación de conductores categoría a1,capacitación en conducción,diurna,nocturna,fin de semana
10633,centro de enseñanza automovilistica valle vial s.a.s,56537,curso de formación de conductores categoría a2,capacitación en conducción,diurna,nocturna,fin de semana
10633,centro de enseñanza automovilistica valle vial s.a.s,56540,curso de formación de conductores categoría b1,capacitación en conducción,diurna,nocturna,fin de semana
10633,centro de enseñanza automovilistica valle vial s.a.s,56539,curso de formación de conductores categoría b2,capacitación en conducción,diurna,nocturna,fin de semana
10633,centro de enseñanza automovilistica valle vial s.a.s,56538,curso de formación de conductores categoría c1,capacitación en conducción,diurna,nocturna,fin de semana
10633,centro de enseñanza automovilistica valle vial s.a.s,56541,curso de formación de conductores categoría c2,capacitación en conducción,diurna,nocturna,fin de semana
6769,centro de enseñanza automovilistica victoria,15837,conocimientos académicos en conduccion categoria b2,capacitación en conducción,diurna,nocturna,fin de semana
6769,centro de enseñanza automovilistica victoria,15844,curso de formación de conductores categoría a1,capacitación en conducción,diurna,nocturna,fin de semana
6769,centro de enseñanza automovilistica victoria,57077,curso de formación de conductores categoría a1,capacitación en conducción,diurna,nocturna,fin de semana
6769,centro de enseñanza automovilistica victoria,57076,curso de formación de conductores categoría a2,capacitación en conducción,diurna,nocturna,fin de semana
6769,centro de enseñanza automovilistica victoria,15839,curso de formación de conductores categoría a2,capacitación en conducción,diurna,nocturna,fin de semana
6769,centro de enseñanza automovilistica victoria,15838,curso de formación de conductores categoría b1,capacitación en conducción,diurna,nocturna,fin de semana
6769,centro de enseñanza automovilistica victoria,57081,curso de formación de conductores categoría b1,capacitación en conducción,diurna,nocturna,fin de semana
6769,centro de enseñanza automovilistica victoria,57079,curso de formación de conductores categoría b2,capacitación en conducción,diurna,nocturna,fin de semana
6769,centro de enseñanza automovilistica victoria,57078,curso de formación de conductores categoría c1,capacitación en conducción,diurna,nocturna,fin de semana
6769,centro de enseñanza automovilistica victoria,15836,curso de formación de conductores categoría c1,capacitación en conducción,diurna,nocturna,fin de semana
6769,centro de enseñanza automovilistica victoria,15843,curso de formación de conductores categoría c2,capacitación en conducción,diurna,nocturna,fin de semana
6769,centro de enseñanza automovilistica victoria,57080,curso de formación de conductores categoría c2,capacitación en conducción,diurna,nocturna,fin de semana
10644,centro de enseñanza automovilistico juan kart,56620,curso de formación de conductores categoría a2,capacitación en conducción,diurna,nocturna,fin de semana
10644,centro de enseñanza automovilistico juan kart,56619,curso de formación de conductores categoría b1,capacitación en conducción,diurna,nocturna,fin de semana
10644,centro de enseñanza automovilistico juan kart,56618,curso de formación de conductores categoría c1,capacitación en conducción,diurna,nocturna,fin de semana
10634,centro de enseñanza automovilística autopits,56547,curso de formación de conductores categoría a1,capacitación en conducción,diurna,nocturna,fin de semana
10634,centro de enseñanza automovilística autopits,56544,curso de formación de conductores categoría a2,capacitación en conducción,diurna,nocturna,fin de semana
10634,centro de enseñanza automovilística autopits,56545,curso de formación de conductores categoría b1,capacitación en conducción,diurna,nocturna,fin de semana
10634,centro de enseñanza automovilística autopits,56546,curso de formación de conductores categoría c1,capacitación en conducción,diurna,nocturna,fin de semana
10590,centro de enseñanza automovilística cea kar school,56124,curso de formación de conductores categoría a1,capacitación en conducción,diurna,nocturna,fin de semana
10590,centro de enseñanza automovilística cea kar school,56127,curso de formación de conductores categoría a2,capacitación en conducción,diurna,nocturna,fin de semana
10590,centro de enseñanza automovilística cea kar school,56128,curso de formación de conductores categoría b1,capacitación en conducción,diurna,nocturna,fin de semana
10590,centro de enseñanza automovilística cea kar school,56129,curso de formación de conductores categoría c1,capacitación en conducción,diurna,nocturna,fin de semana
10576,centro de enseñanza automovilística ceapp,55987,curso de formación de conductores categoría a2,capacitación en conducción,diurna,nocturna,fin de semana
10576,centro de enseñanza automovilística ceapp,55986,curso de formación de conductores categoría b1,capacitación en conducción,diurna,nocturna,fin de semana
10576,centro de enseñanza automovilística ceapp,55988,curso de formación de conductores categoría c1,capacitación en conducción,diurna,nocturna,fin de semana
10639,centro de enseñanza automovilística dakar s.a.s,56616,curso de formación de conductores categoría a2,capacitación en conducción,diurna,nocturna,fin de semana
10639,centro de enseñanza automovilística dakar s.a.s,56617,curso de formación de conductores categoría b1,capacitación en conducción,diurna,nocturna,fin de semana
10639,centro de enseñanza automovilística dakar s.a.s,56614,curso de formación de conductores categoría c1,capacitación en conducción,diurna,nocturna,fin de semana
10638,centro de enseñanza automovilística farallones s.a.s,56582,curso de formación de conductores categoría a1,capacitación en conducción,diurna,nocturna,fin de semana
10638,centro de enseñanza automovilística farallones s.a.s,56583,curso de formación de conductores categoría a2,capacitación en conducción,diurna,nocturna,fin de semana
10638,centro de enseñanza automovilística farallones s.a.s,56581,curso de formación de conductores categoría b1,capacitación en conducción,diurna,nocturna,fin de semana
10638,centro de enseñanza automovilística farallones s.a.s,56580,curso de formación de conductores categoría c1,capacitación en conducción,diurna,nocturna,fin de semana
10638,centro de enseñanza automovilística farallones s.a.s,56584,curso de formación de conductores categoría c2,capacitación en conducción,diurna,nocturna,fin de semana
6553,centro de enseñanza automovilística la sultana,15861,curso de formación de conductores categoría a1,capacitación en conducción,diurna,nocturna,fin de semana
6553,centro de enseñanza automovilística la sultana,15859,curso de formación de conductores categoría a2,capacitación en conducción,diurna,nocturna,fin de semana
6553,centro de enseñanza automovilística la sultana,14895,curso de formación de conductores categoría b1,capacitación en conducción,diurna,fin de semana,N/A
6553,centro de enseñanza automovilística la sultana,15862,curso de formación de conductores categoría c1,capacitación en conducción,diurna,nocturna,fin de semana
11009,centro de enseñanza automovilística libertad,61436,curso de formación de conductores categoría a1,capacitación en conducción,diurna,nocturna,fin de semana
11009,centro de enseñanza automovilística libertad,61437,curso de formación de conductores categoría a2,capacitación en conducción,diurna,nocturna,fin de semana
11009,centro de enseñanza automovilística libertad,61439,curso de formación de conductores categoría b1,capacitación en conducción,diurna,nocturna,fin de semana
11009,centro de enseñanza automovilística libertad,61442,curso de formación de conductores categoría c1,capacitación en conducción,diurna,nocturna,fin de semana
11169,centro de enseñanza automovilística sobre ruedas ea,61585,curso de formación de conductores categoría a2,capacitación en conducción,diurna,nocturna,fin de semana
11169,centro de enseñanza automovilística sobre ruedas ea,61586,curso de formación de conductores categoría b1,capacitación en conducción,diurna,nocturna,fin de semana
11169,centro de enseñanza automovilística sobre ruedas ea,61587,curso de formación de conductores categoría c1,capacitación en conducción,diurna,nocturna,fin de semana
10642,centro de enseñanza automovilística turbo express,56596,curso de formación de conductores categoría a2,capacitación en conducción,diurna,nocturna,fin de semana
10642,centro de enseñanza automovilística turbo express,56594,curso de formación de conductores categoría b1,capacitación en conducción,diurna,nocturna,fin de semana
10642,centro de enseñanza automovilística turbo express,56595,curso de formación de conductores categoría c1,capacitación en conducción,diurna,nocturna,fin de semana
10655,centro de enseñanza automovilístico  sprint,56666,curso de formación de conductores categoría a1,capacitación en conducción,diurna,nocturna,fin de semana
10655,centro de enseñanza automovilístico  sprint,56667,curso de formación de conductores categoría a2,capacitación en conducción,diurna,nocturna,fin de semana
10655,centro de enseñanza automovilístico  sprint,56665,curso de formación de conductores categoría b1,capacitación en conducción,diurna,nocturna,fin de semana
10655,centro de enseñanza automovilístico  sprint,56659,curso de formación de conductores categoría b2,capacitación en conducción,diurna,nocturna,fin de semana
10655,centro de enseñanza automovilístico  sprint,56662,curso de formación de conductores categoría b3,capacitación en conducción,diurna,nocturna,fin de semana
10655,centro de enseñanza automovilístico  sprint,56664,curso de formación de conductores categoría c1,capacitación en conducción,diurna,nocturna,fin de semana
10655,centro de enseñanza automovilístico  sprint,56661,curso de formación de conductores categoría c2,capacitación en conducción,diurna,nocturna,fin de semana
10655,centro de enseñanza automovilístico  sprint,56658,curso de formación de conductores categoría c3,capacitación en conducción,diurna,nocturna,fin de semana
5435,centro de estetica  y peluqueria  francesca cobo,7145,cuidado estetico de manos y pies,técnico laboral,diurna,nocturna,fin de semana
5435,centro de estetica  y peluqueria  francesca cobo,7146,maquillaje artistico y decorativo,técnico laboral,diurna,nocturna,fin de semana
5435,centro de estetica  y peluqueria  francesca cobo,7147,peluqueria,técnico laboral,diurna,nocturna,fin de semana
6715,centro de estetica y escuela de capacitacion tecnica splendor center,15530,técnico laboral en cosmetologia y estetica integral,técnico laboral,diurna,nocturna,fin de semana
6715,centro de estetica y escuela de capacitacion tecnica splendor center,46707,técnico laboral en educacion para la primera infancia,técnico laboral,diurna,nocturna,fin de semana
6901,centro de estimulacion para el aprendizaje -ceartes estimulo,63520,conocimientos académicos en elaboracion de productos artesanales,conocimientos académicos,diurna,sin definir,N/A
6901,centro de estimulacion para el aprendizaje -ceartes estimulo,16483,conocimientos académicos en elaboracion de productos artesanales,conocimientos académicos,diurna,sin definir,N/A
3665,centro de estudios  tecnicos  santiago de  cali,7148,auxiliar en atencion integral a la primera infancia,técnico laboral,fin de semana,sin definir,N/A
5202,centro de estudios avanzados el tao de la salud belleza y estética  ltda,7149,auxiliar en enfermeria,técnico laboral,diurna,nocturna,N/A
5202,centro de estudios avanzados el tao de la salud belleza y estética  ltda,13898,técnico laboral en cosmetologia y estetica integral,técnico laboral,diurna,nocturna,N/A
8961,"centro de estudios en salud, innovacion y desarrollo- cesid s.a.s",41974,técnico laboral en atencion integral a la primera infancia,técnico laboral,diurna,nocturna,fin de semana
8961,"centro de estudios en salud, innovacion y desarrollo- cesid s.a.s",43965,técnico laboral en operador logistico,técnico laboral,diurna,nocturna,fin de semana
7809,"centro de estudios tributarios, administrativos y financieros - cetaf siglo xxi",42133,técnico laboral en auxiliar administrativo,técnico laboral,diurna,nocturna,fin de semana
7809,"centro de estudios tributarios, administrativos y financieros - cetaf siglo xxi",42134,técnico laboral en auxiliar contable y financiero,técnico laboral,diurna,nocturna,fin de semana
7809,"centro de estudios tributarios, administrativos y financieros - cetaf siglo xxi",42135,técnico laboral en auxiliar en banca y servicios financieros,técnico laboral,diurna,nocturna,fin de semana
7809,"centro de estudios tributarios, administrativos y financieros - cetaf siglo xxi",42136,técnico laboral en secretariado gerencial y contable,técnico laboral,diurna,nocturna,fin de semana
8015,centro de formacion integral ferroviario-cefif,33886,técnico laboral en maquinista de locomotora,técnico laboral,diurna,nocturna,fin de semana
3658,centro de formacion juvenil  del  valle,7152,artes manuales con énfasis en lijado y trabajo en madera,técnico laboral,diurna,sin definir,N/A
3658,centro de formacion juvenil  del  valle,15214,conocimientos académicos en estrategias terapeuticas para el tratamiento de niños y adolescentes,conocimientos académicos,diurna,nocturna,fin de semana
3658,centro de formacion juvenil  del  valle,7153,electricidad,técnico laboral,diurna,sin definir,N/A
3658,centro de formacion juvenil  del  valle,7154,metalistería,técnico laboral,diurna,sin definir,N/A
3658,centro de formacion juvenil  del  valle,7155,panadería,técnico laboral,diurna,sin definir,N/A
3658,centro de formacion juvenil  del  valle,7156,sistemas,técnico laboral,diurna,sin definir,N/A
7510,centro de idioma japones hikarien,43002,conocimientos académicos en idioma japones nivel a1,conocimientos académicos,diurna,nocturna,fin de semana
7510,centro de idioma japones hikarien,61290,conocimientos académicos en idioma japones nivel a1,conocimientos académicos,diurna,nocturna,fin de semana
7510,centro de idioma japones hikarien,61291,conocimientos académicos en idioma japones nivel a2,conocimientos académicos,diurna,nocturna,fin de semana
7510,centro de idioma japones hikarien,43003,conocimientos académicos en idioma japones nivel a2,conocimientos académicos,diurna,nocturna,fin de semana
7510,centro de idioma japones hikarien,46671,conocimientos académicos en idioma japones nivel b1,conocimientos académicos,diurna,nocturna,fin de semana
7510,centro de idioma japones hikarien,61289,conocimientos académicos en idioma japones nivel b1,conocimientos académicos,diurna,nocturna,fin de semana
7510,centro de idioma japones hikarien,43004,conocimientos académicos en idioma japones nivel b1,conocimientos académicos,diurna,nocturna,fin de semana
7510,centro de idioma japones hikarien,19923,conocimientos académicos en japones nivel a1,conocimientos académicos,diurna,nocturna,fin de semana
7510,centro de idioma japones hikarien,19925,conocimientos académicos en japones nivel a2,conocimientos académicos,diurna,nocturna,fin de semana
7510,centro de idioma japones hikarien,19924,conocimientos académicos en japones nivel a2,conocimientos académicos,diurna,nocturna,fin de semana
2679,centro de investigaciones multidisciplinarias para el desarrollo cimder,7157,participacion ciudadana y comunitaria para la promocion de la atencion primaria en salud,conocimientos académicos,diurna,sin definir,N/A
2679,centro de investigaciones multidisciplinarias para el desarrollo cimder,7158,"política pública de infancia y adolescencia, capacitación para su formacion y gestion",conocimientos académicos,diurna,nocturna,N/A
2691,centro de juventudes trabajadoras hermanas juanistas,7159,técnico laboral en auxiliar en enfermería,técnico laboral,diurna,nocturna,N/A
3661,centro docente  santiago de  cali  no. 1,7161,asistente contable y financiero,técnico laboral,nocturna,fin de semana,N/A
3661,centro docente  santiago de  cali  no. 1,7160,asistente contable y financiero,técnico laboral,nocturna,fin de semana,N/A
3661,centro docente  santiago de  cali  no. 1,7162,asistente contable y financiero,técnico laboral,nocturna,fin de semana,N/A
3661,centro docente  santiago de  cali  no. 1,7163,auxiliar de oficina,técnico laboral,nocturna,fin de semana,N/A
3661,centro docente  santiago de  cali  no. 1,7165,auxiliar en cuidado de niños,técnico laboral,nocturna,fin de semana,N/A
3661,centro docente  santiago de  cali  no. 1,7164,auxiliar en cuidado de niños,técnico laboral,nocturna,fin de semana,N/A
3661,centro docente  santiago de  cali  no. 1,7166,auxiliares de oficina,técnico laboral,diurna,nocturna,fin de semana
3661,centro docente  santiago de  cali  no. 1,7168,guardia de seguridad,conocimientos académicos,nocturna,fin de semana,N/A
3661,centro docente  santiago de  cali  no. 1,7167,guardia de seguridad,conocimientos académicos,nocturna,fin de semana,N/A
3661,centro docente  santiago de  cali  no. 1,7169,guardia de seguridad,conocimientos académicos,nocturna,fin de semana,N/A
3661,centro docente  santiago de  cali  no. 1,7170,manipulación de alimentos,conocimientos académicos,nocturna,fin de semana,N/A
3661,centro docente  santiago de  cali  no. 1,7171,manipulación de alimentos,conocimientos académicos,nocturna,fin de semana,N/A
3661,centro docente  santiago de  cali  no. 1,7172,manipulación de alimentos,conocimientos académicos,nocturna,fin de semana,N/A
3661,centro docente  santiago de  cali  no. 1,7173,operadores de maquina de coser,técnico laboral,diurna,nocturna,fin de semana
3661,centro docente  santiago de  cali  no. 1,7174,secretarios,técnico laboral,diurna,nocturna,fin de semana
3661,centro docente  santiago de  cali  no. 1,7175,secretarios,técnico laboral,nocturna,fin de semana,N/A
3661,centro docente  santiago de  cali  no. 1,7177,sistemas,técnico laboral,nocturna,fin de semana,N/A
3661,centro docente  santiago de  cali  no. 1,7176,sistemas,técnico laboral,nocturna,fin de semana,N/A
3661,centro docente  santiago de  cali  no. 1,7178,sistemas,técnico laboral,nocturna,fin de semana,N/A
3651,centro educativo de tecnicas laborales - cetel,7181,auxiliar contable y financiero,técnico laboral,diurna,nocturna,fin de semana
3651,centro educativo de tecnicas laborales - cetel,7183,ensamblador e inspector de equipos y componentes electrónicos con énfasis en mantenimiento y reparación de computadores,técnico laboral,fin de semana,sin definir,N/A
3651,centro educativo de tecnicas laborales - cetel,7185,reparador de equipos electrónicos con énfasis en electrónica digital y redes de telecomunicación,técnico laboral,diurna,nocturna,N/A
3651,centro educativo de tecnicas laborales - cetel,7186,secretariado gerencia,técnico laboral,diurna,nocturna,N/A
3651,centro educativo de tecnicas laborales - cetel,7187,seguridad electrónica,técnico laboral,diurna,nocturna,N/A
3651,centro educativo de tecnicas laborales - cetel,7179,tecnico laboral en asistente comercio exterior,técnico laboral,diurna,nocturna,N/A
3651,centro educativo de tecnicas laborales - cetel,7184,tecnico laboral en auxiliar  en sistemas informaticos,técnico laboral,diurna,nocturna,N/A
3651,centro educativo de tecnicas laborales - cetel,7180,tecnico laboral en auxiliar administrativo,técnico laboral,diurna,nocturna,N/A
3651,centro educativo de tecnicas laborales - cetel,7182,tecnico laboral en auxiliar en diseño grafico,técnico laboral,fin de semana,sin definir,N/A
3651,centro educativo de tecnicas laborales - cetel,35533,técnico laboral en asistente en comercio exterior,técnico laboral,diurna,nocturna,fin de semana
3651,centro educativo de tecnicas laborales - cetel,15687,técnico laboral en auxilia en atencion integral a la primera infancia,técnico laboral,diurna,nocturna,fin de semana
3651,centro educativo de tecnicas laborales - cetel,35536,técnico laboral en auxiliar administrativo,técnico laboral,nocturna,fin de semana,N/A
3651,centro educativo de tecnicas laborales - cetel,51852,técnico laboral en auxiliar de talento humano,técnico laboral,diurna,nocturna,fin de semana
3651,centro educativo de tecnicas laborales - cetel,44010,técnico laboral en auxiliar en atencion integral a la primera infancia,técnico laboral,diurna,nocturna,fin de semana
3651,centro educativo de tecnicas laborales - cetel,35534,técnico laboral en auxiliar en diseño grafico,técnico laboral,diurna,nocturna,fin de semana
3651,centro educativo de tecnicas laborales - cetel,15689,técnico laboral en auxiliar en mercadeo,técnico laboral,diurna,nocturna,fin de semana
3651,centro educativo de tecnicas laborales - cetel,35535,técnico laboral en auxiliar en sistemas informaticos,técnico laboral,diurna,nocturna,fin de semana
3651,centro educativo de tecnicas laborales - cetel,51795,técnico laboral en mercadeo digital,técnico laboral,diurna,nocturna,fin de semana
6624,centro educativo industrial luis madina,15216,técnico laboral en curso basico de soldadura,técnico laboral,diurna,sin definir,N/A
6624,centro educativo industrial luis madina,15217,técnico laboral en curso basico operacion de herramientas ofimaticas,técnico laboral,diurna,sin definir,N/A
6624,centro educativo industrial luis madina,15218,técnico laboral en curso basico: mecanica de patioen taller automotriz,técnico laboral,diurna,sin definir,N/A
6624,centro educativo industrial luis madina,15220,técnico laboral en instalacion residencial y comercial de artefactos electricos,técnico laboral,diurna,sin definir,N/A
6624,centro educativo industrial luis madina,15219,técnico laboral en mecanica industrial,técnico laboral,diurna,sin definir,N/A
3760,centro educativo lesaru,7842,conocimientos academicoss en inglés,conocimientos académicos,diurna,fin de semana,N/A
3760,centro educativo lesaru,39139,conocimientos académicos en frances nivel b2,conocimientos académicos,diurna,nocturna,fin de semana
3760,centro educativo lesaru,37770,conocimientos académicos en ingles b2,conocimientos académicos,diurna,nocturna,fin de semana
3760,centro educativo lesaru,39138,conocimientos académicos en ingles nivel b2,conocimientos académicos,diurna,nocturna,fin de semana
3760,centro educativo lesaru,37771,conocimientos académicos frances nivel b2,conocimientos académicos,diurna,nocturna,fin de semana
3760,centro educativo lesaru,39134,técnico laboral en asistencia logistica,técnico laboral,diurna,nocturna,fin de semana
3760,centro educativo lesaru,39135,técnico laboral en auxiliar administrativo,técnico laboral,diurna,nocturna,fin de semana
3760,centro educativo lesaru,39136,técnico laboral en auxiliar contable y financiero,técnico laboral,diurna,nocturna,fin de semana
3760,centro educativo lesaru,39137,técnico laboral en seguridad ocupacional,técnico laboral,diurna,nocturna,fin de semana
3067,centro internacional de entrenamiento salamandra s.a.s,7194,auxiliar administrativo en salud,técnico laboral,diurna,nocturna,N/A
3067,centro internacional de entrenamiento salamandra s.a.s,7196,auxiliar en salud pública,técnico laboral,diurna,nocturna,N/A
3067,centro internacional de entrenamiento salamandra s.a.s,7197,auxiliar en servicios farmacéuticos,técnico laboral,diurna,nocturna,N/A
3067,centro internacional de entrenamiento salamandra s.a.s,41263,técnico laboral en auxiliar de atencion integral a la primera infancia,técnico laboral,diurna,nocturna,fin de semana
3067,centro internacional de entrenamiento salamandra s.a.s,7195,técnico laboral en auxiliar en enfermería,técnico laboral,diurna,nocturna,fin de semana
3067,centro internacional de entrenamiento salamandra s.a.s,40950,técnico laboral en saneamiento basico,técnico laboral,diurna,nocturna,fin de semana
3289,centro nacional de capacitacion laboral - cenal,7198,asistente en actividades de recuperación física,conocimientos académicos,diurna,nocturna,N/A
3289,centro nacional de capacitacion laboral - cenal,7199,auxiliar administrativo en salud,técnico laboral,diurna,nocturna,fin de semana
3289,centro nacional de capacitacion laboral - cenal,7205,auxiliar de veterinaria,técnico laboral,diurna,nocturna,fin de semana
3289,centro nacional de capacitacion laboral - cenal,7200,auxiliar en enfermería,técnico laboral,diurna,nocturna,fin de semana
3289,centro nacional de capacitacion laboral - cenal,7201,auxiliar en procesos industriales,técnico laboral,diurna,nocturna,N/A
3289,centro nacional de capacitacion laboral - cenal,7202,auxiliar en salud oral,técnico laboral,diurna,nocturna,fin de semana
3289,centro nacional de capacitacion laboral - cenal,7203,auxiliar en servicios farmaceuticos,técnico laboral,diurna,nocturna,fin de semana
3289,centro nacional de capacitacion laboral - cenal,7204,auxiliar sistemas,técnico laboral,diurna,nocturna,fin de semana
3289,centro nacional de capacitacion laboral - cenal,40992,conocimientos académicos en ingles nivel a2,conocimientos académicos,diurna,nocturna,fin de semana
3289,centro nacional de capacitacion laboral - cenal,40994,conocimientos académicos en ingles nivel b1,conocimientos académicos,diurna,nocturna,fin de semana
3289,centro nacional de capacitacion laboral - cenal,40995,conocimientos académicos en ingles nivel b2,conocimientos académicos,diurna,nocturna,fin de semana
3289,centro nacional de capacitacion laboral - cenal,40996,conocimientos académicos en ingles nivel c1,conocimientos académicos,diurna,nocturna,fin de semana
3289,centro nacional de capacitacion laboral - cenal,7206,secretariado gerencial y contable,técnico laboral,diurna,nocturna,fin de semana
3289,centro nacional de capacitacion laboral - cenal,55997,técnico laboral en auxiliar administrativo,técnico laboral,diurna,nocturna,fin de semana
3289,centro nacional de capacitacion laboral - cenal,40999,técnico laboral en auxiliar administrativo,técnico laboral,diurna,nocturna,fin de semana
3289,centro nacional de capacitacion laboral - cenal,65260,técnico laboral en auxiliar contable y financiero,técnico laboral,diurna,nocturna,fin de semana
3289,centro nacional de capacitacion laboral - cenal,7207,técnico laboral en auxiliar de preescolar,técnico laboral,diurna,nocturna,fin de semana
3289,centro nacional de capacitacion laboral - cenal,34913,técnico laboral en auxiliar en actividad fisica,técnico laboral,diurna,nocturna,fin de semana
3289,centro nacional de capacitacion laboral - cenal,42240,técnico laboral en auxiliar en diseño grafico,técnico laboral,diurna,nocturna,N/A
3289,centro nacional de capacitacion laboral - cenal,65259,técnico laboral en auxiliar en mercadeo y ventas,técnico laboral,diurna,nocturna,fin de semana
3289,centro nacional de capacitacion laboral - cenal,62203,técnico laboral en auxiliar en salud oral,técnico laboral,diurna,nocturna,fin de semana
3289,centro nacional de capacitacion laboral - cenal,40998,técnico laboral en auxiliar en seguridad ocupacional,técnico laboral,diurna,nocturna,fin de semana
3289,centro nacional de capacitacion laboral - cenal,55996,técnico laboral en auxiliar en seguridad ocupacional,técnico laboral,diurna,nocturna,fin de semana
3289,centro nacional de capacitacion laboral - cenal,62208,técnico laboral en auxiliar en servicios farmacéuticos,técnico laboral,diurna,nocturna,fin de semana
3289,centro nacional de capacitacion laboral - cenal,34914,técnico laboral en producción industrial,técnico laboral,diurna,nocturna,fin de semana
3649,centro profesional de estudios tecnicos y financieros cenproes t.f.,7208,auxiliar en enfermería,técnico laboral,diurna,nocturna,N/A
3080,centro tecnico de belleza unisex,7209,cuidado estetico de manos y pies,técnico laboral,diurna,sin definir,N/A
3080,centro tecnico de belleza unisex,7210,maquillaje artistico y decorativo,técnico laboral,diurna,sin definir,N/A
3080,centro tecnico de belleza unisex,7211,peluqueria,técnico laboral,diurna,sin definir,N/A
11384,cesde cali,65262,técnico laboral en auxiliar administrativo,técnico laboral,diurna,nocturna,fin de semana
11384,cesde cali,65261,técnico laboral en auxiliar en diseño gráfico,técnico laboral,diurna,nocturna,fin de semana
8012,cipe international ltda,45221,conocimientos académicos en analisis de la credibilidad,conocimientos académicos,diurna,nocturna,fin de semana
8012,cipe international ltda,48965,conocimientos académicos en entrevista cognitiva y modelo peace,conocimientos académicos,diurna,nocturna,fin de semana
8012,cipe international ltda,48964,conocimientos académicos en examinador poligrafico,conocimientos académicos,diurna,nocturna,fin de semana
8012,cipe international ltda,34048,técnico laboral en auxiliar en investigacion judicial,técnico laboral,diurna,nocturna,fin de semana
4022,circulo de la belleza,7212,cuidado estético de manos y pies,técnico laboral,diurna,nocturna,N/A
4022,circulo de la belleza,7213,maquillaje artístico y decorativo,técnico laboral,diurna,nocturna,N/A
4022,circulo de la belleza,7214,peluquería,técnico laboral,diurna,nocturna,N/A
3291,cocinarte escuela  de gastronomia s.a.s,7216,mesa y bar,técnico laboral,diurna,nocturna,N/A
3291,cocinarte escuela  de gastronomia s.a.s,43295,técnico laboral en auxiliar en cocina,técnico laboral,diurna,nocturna,N/A
3291,cocinarte escuela  de gastronomia s.a.s,7215,técnico laboral en cocinero internacional,técnico laboral,diurna,nocturna,fin de semana
3291,cocinarte escuela  de gastronomia s.a.s,31204,técnico laboral pastelero panadero,técnico laboral,diurna,nocturna,fin de semana
3666,colegio  de adultos  nuestra señora  de las  mercedes,39147,técnico laboral en asistente administrativo,técnico laboral,diurna,nocturna,fin de semana
3666,colegio  de adultos  nuestra señora  de las  mercedes,15095,técnico laboral en asistente administrativo,técnico laboral,diurna,nocturna,fin de semana
3666,colegio  de adultos  nuestra señora  de las  mercedes,46413,técnico laboral en atencion integral a la primera infancia,técnico laboral,diurna,nocturna,fin de semana
3666,colegio  de adultos  nuestra señora  de las  mercedes,56294,técnico laboral en auxiliar administrativo,técnico laboral,diurna,nocturna,fin de semana
3666,colegio  de adultos  nuestra señora  de las  mercedes,56293,técnico laboral en auxiliar contable y financiero,técnico laboral,diurna,nocturna,fin de semana
3666,colegio  de adultos  nuestra señora  de las  mercedes,39148,técnico laboral en auxiliar de sistemas informaticos,técnico laboral,diurna,nocturna,fin de semana
3666,colegio  de adultos  nuestra señora  de las  mercedes,56295,técnico laboral en auxiliar en gestión ambiental,técnico laboral,diurna,nocturna,fin de semana
3666,colegio  de adultos  nuestra señora  de las  mercedes,56301,técnico laboral en auxiliar en sistemas informáticos,técnico laboral,diurna,nocturna,fin de semana
3666,colegio  de adultos  nuestra señora  de las  mercedes,15096,"técnico laboral en chef, cocina nacional e internacional",técnico laboral,diurna,nocturna,fin de semana
3666,colegio  de adultos  nuestra señora  de las  mercedes,15094,"técnico laboral en soporte, sistemas e informatica",técnico laboral,diurna,nocturna,fin de semana
5434,colegio el  tesoro del saber,7217,auxiliar en educacion preescolar,técnico laboral,diurna,nocturna,fin de semana
5434,colegio el  tesoro del saber,7218,auxiliar en sistemas e informatica,técnico laboral,diurna,nocturna,fin de semana
10636,condu cars s.a.s,56552,curso de formación de conductores categoría a2,capacitación en conducción,diurna,nocturna,fin de semana
10636,condu cars s.a.s,56553,curso de formación de conductores categoría b1,capacitación en conducción,diurna,nocturna,fin de semana
10636,condu cars s.a.s,56554,curso de formación de conductores categoría b2,capacitación en conducción,diurna,nocturna,fin de semana
10636,condu cars s.a.s,56555,curso de formación de conductores categoría c1,capacitación en conducción,diurna,nocturna,fin de semana
10636,condu cars s.a.s,56556,curso de formación de conductores categoría c2,capacitación en conducción,diurna,nocturna,fin de semana
2663,corporacion bolivariana del valle - sede san fernando,7221,agencia de viajes y turismo,técnico laboral,diurna,nocturna,N/A
2663,corporacion bolivariana del valle - sede san fernando,7223,asistente de comercio exterior,técnico laboral,diurna,nocturna,fin de semana
2663,corporacion bolivariana del valle - sede san fernando,7224,asistente de comercio exterior,técnico laboral,diurna,nocturna,fin de semana
2663,corporacion bolivariana del valle - sede san fernando,7219,asistente en logistica,técnico laboral,diurna,nocturna,fin de semana
2663,corporacion bolivariana del valle - sede san fernando,7226,asistente preescolar,técnico laboral,diurna,nocturna,fin de semana
2663,corporacion bolivariana del valle - sede san fernando,7228,auxiliar bancario,técnico laboral,diurna,nocturna,fin de semana
2663,corporacion bolivariana del valle - sede san fernando,7227,auxiliar bancario,técnico laboral,diurna,nocturna,N/A
2663,corporacion bolivariana del valle - sede san fernando,7230,auxiliar en diseño gráfico,técnico laboral,diurna,nocturna,fin de semana
2663,corporacion bolivariana del valle - sede san fernando,33385,auxiliar en sistemas informaticos,técnico laboral,diurna,nocturna,fin de semana
2663,corporacion bolivariana del valle - sede san fernando,33377,mantenimiento de equipos de computo,técnico laboral,diurna,nocturna,fin de semana
2663,corporacion bolivariana del valle - sede san fernando,7231,mantenimiento electronico,técnico laboral,diurna,nocturna,N/A
2663,corporacion bolivariana del valle - sede san fernando,7232,mantenimiento electronico,técnico laboral,diurna,nocturna,fin de semana
2663,corporacion bolivariana del valle - sede san fernando,33378,secretariado ejecutivo,técnico laboral,diurna,nocturna,fin de semana
2663,corporacion bolivariana del valle - sede san fernando,57761,técnico laboral en  auxiliar de archivo y registro,técnico laboral,diurna,nocturna,fin de semana
2663,corporacion bolivariana del valle - sede san fernando,7229,técnico laboral en  diseño grafico,técnico laboral,diurna,nocturna,fin de semana
2663,corporacion bolivariana del valle - sede san fernando,57743,técnico laboral en agente de viajes y turismo,técnico laboral,diurna,nocturna,fin de semana
2663,corporacion bolivariana del valle - sede san fernando,7222,técnico laboral en agente de viajes y turismo,técnico laboral,diurna,nocturna,fin de semana
2663,corporacion bolivariana del valle - sede san fernando,56519,técnico laboral en asistente administrativo,técnico laboral,diurna,nocturna,fin de semana
2663,corporacion bolivariana del valle - sede san fernando,33379,técnico laboral en asistente administrativo,técnico laboral,diurna,nocturna,fin de semana
2663,corporacion bolivariana del valle - sede san fernando,57744,técnico laboral en asistente contable y financiero,técnico laboral,diurna,nocturna,fin de semana
2663,corporacion bolivariana del valle - sede san fernando,33380,técnico laboral en asistente contable y financiero,técnico laboral,diurna,nocturna,fin de semana
2663,corporacion bolivariana del valle - sede san fernando,57764,técnico laboral en asistente en atencion integral a la primera infancia,técnico laboral,diurna,nocturna,fin de semana
2663,corporacion bolivariana del valle - sede san fernando,33357,técnico laboral en asistente en comercio exterior,técnico laboral,diurna,nocturna,fin de semana
2663,corporacion bolivariana del valle - sede san fernando,7225,técnico laboral en asistente en la atencion integral  a la primera infancia,técnico laboral,diurna,nocturna,fin de semana
2663,corporacion bolivariana del valle - sede san fernando,57006,técnico laboral en auxiliar clínica veterinaria,técnico laboral,diurna,nocturna,fin de semana
2663,corporacion bolivariana del valle - sede san fernando,57007,técnico laboral en auxiliar clínica veterinaria,técnico laboral,diurna,nocturna,fin de semana
2663,corporacion bolivariana del valle - sede san fernando,7220,técnico laboral en auxiliar de almacen,técnico laboral,diurna,nocturna,fin de semana
2663,corporacion bolivariana del valle - sede san fernando,57757,técnico laboral en auxiliar de almacen,técnico laboral,diurna,nocturna,fin de semana
2663,corporacion bolivariana del valle - sede san fernando,57745,técnico laboral en auxiliar de almacen,técnico laboral,diurna,nocturna,fin de semana
2663,corporacion bolivariana del valle - sede san fernando,53025,técnico laboral en auxiliar de archivo y registro,técnico laboral,diurna,nocturna,fin de semana
2663,corporacion bolivariana del valle - sede san fernando,57758,técnico laboral en auxiliar de mercadeo,técnico laboral,diurna,nocturna,fin de semana
2663,corporacion bolivariana del valle - sede san fernando,33383,técnico laboral en auxiliar de mercadeo,técnico laboral,diurna,nocturna,fin de semana
2663,corporacion bolivariana del valle - sede san fernando,33387,técnico laboral en auxiliar en diseño de modas,técnico laboral,diurna,nocturna,fin de semana
2663,corporacion bolivariana del valle - sede san fernando,57759,técnico laboral en auxiliar en diseño grafico,técnico laboral,diurna,nocturna,fin de semana
2663,corporacion bolivariana del valle - sede san fernando,57760,técnico laboral en auxiliar en diseño grafico,técnico laboral,diurna,nocturna,fin de semana
2663,corporacion bolivariana del valle - sede san fernando,56515,técnico laboral en auxiliar en enfermería,técnico laboral,diurna,nocturna,fin de semana
2663,corporacion bolivariana del valle - sede san fernando,56516,técnico laboral en auxiliar en enfermería,técnico laboral,diurna,nocturna,fin de semana
2663,corporacion bolivariana del valle - sede san fernando,57003,técnico laboral en auxiliar en salud ocupacional,técnico laboral,diurna,nocturna,fin de semana
2663,corporacion bolivariana del valle - sede san fernando,56518,técnico laboral en auxiliar en servicios farmacéuticos,técnico laboral,diurna,nocturna,fin de semana
2663,corporacion bolivariana del valle - sede san fernando,56517,técnico laboral en auxiliar en servicios farmacéuticos,técnico laboral,diurna,nocturna,fin de semana
2663,corporacion bolivariana del valle - sede san fernando,57762,técnico laboral en auxiliar en sistemas informaticos,técnico laboral,diurna,nocturna,fin de semana
2663,corporacion bolivariana del valle - sede san fernando,57763,técnico laboral en auxiliar en sistemas informaticos,técnico laboral,diurna,nocturna,fin de semana
2663,corporacion bolivariana del valle - sede san fernando,57004,técnico laboral en mantenimiento electronico,técnico laboral,diurna,nocturna,fin de semana
2663,corporacion bolivariana del valle - sede san fernando,57005,técnico laboral en mantenimiento electronico,técnico laboral,diurna,nocturna,fin de semana
2663,corporacion bolivariana del valle - sede san fernando,57002,técnico laboral en seguridad ocupacional..,técnico laboral,diurna,nocturna,fin de semana
2701,corporacion bolivariana del valle sede norte,33508,agente de viajes y turismo,técnico laboral,diurna,nocturna,fin de semana
2701,corporacion bolivariana del valle sede norte,7587,asistente administrativo,técnico laboral,diurna,nocturna,fin de semana
2701,corporacion bolivariana del valle sede norte,7586,asistente administrativo,técnico laboral,diurna,nocturna,fin de semana
2701,corporacion bolivariana del valle sede norte,7589,asistente contable y financiero,técnico laboral,diurna,nocturna,fin de semana
2701,corporacion bolivariana del valle sede norte,7588,asistente contable y financiero,técnico laboral,diurna,nocturna,N/A
2701,corporacion bolivariana del valle sede norte,33447,auxiliar bancario,técnico laboral,diurna,nocturna,fin de semana
2701,corporacion bolivariana del valle sede norte,7591,auxiliar de mercadeo,técnico laboral,diurna,nocturna,fin de semana
2701,corporacion bolivariana del valle sede norte,7590,auxiliar de mercadeo,técnico laboral,diurna,nocturna,fin de semana
2701,corporacion bolivariana del valle sede norte,7592,auxiliar en diseño de modas,técnico laboral,diurna,nocturna,fin de semana
2701,corporacion bolivariana del valle sede norte,7593,auxiliar en diseño de modas,técnico laboral,diurna,nocturna,fin de semana
2701,corporacion bolivariana del valle sede norte,33399,auxiliar en diseño grafico,técnico laboral,diurna,nocturna,fin de semana
2701,corporacion bolivariana del valle sede norte,7594,mantenimiento de equipos de computo,técnico laboral,diurna,nocturna,fin de semana
2701,corporacion bolivariana del valle sede norte,7595,mantenimiento de equipos de computo,técnico laboral,diurna,nocturna,fin de semana
2701,corporacion bolivariana del valle sede norte,33507,mantenimiento electronico,técnico laboral,diurna,nocturna,fin de semana
2701,corporacion bolivariana del valle sede norte,7596,secretariado ejecutivo,técnico laboral,diurna,nocturna,fin de semana
2701,corporacion bolivariana del valle sede norte,7597,secretariado ejecutivo con énfasis en sistemas,técnico laboral,diurna,nocturna,N/A
2701,corporacion bolivariana del valle sede norte,33395,técnico laboral en asistente de comercio exterior,técnico laboral,diurna,nocturna,fin de semana
2701,corporacion bolivariana del valle sede norte,33397,"técnico laboral en asistente en atencion integral a la primera infancia,",técnico laboral,diurna,nocturna,fin de semana
2701,corporacion bolivariana del valle sede norte,33400,técnico laboral en auxiliar de almacen,técnico laboral,diurna,nocturna,fin de semana
2701,corporacion bolivariana del valle sede norte,52122,técnico laboral en auxiliar en enfermería,técnico laboral,diurna,nocturna,fin de semana
2701,corporacion bolivariana del valle sede norte,52123,técnico laboral en auxiliar en servicios farmacéuticos,técnico laboral,diurna,nocturna,fin de semana
2701,corporacion bolivariana del valle sede norte,7598,técnico laboral en auxiliar en siostemas informatcos,técnico laboral,diurna,nocturna,fin de semana
2701,corporacion bolivariana del valle sede norte,7599,técnico laboral en auxiliar en sistemas informaticos,técnico laboral,diurna,nocturna,fin de semana
3655,corporacion de desarrollo productivo -cdp,7234,fabricación de sandalia artesanal y modelaje de calzado para dama y caballero,técnico laboral,diurna,sin definir,N/A
3655,corporacion de desarrollo productivo -cdp,7235,fabricación y modelaje de marroquinería,técnico laboral,diurna,sin definir,N/A
3655,corporacion de desarrollo productivo -cdp,7233,operario de  fabricación de calzado,técnico laboral,diurna,sin definir,N/A
3655,corporacion de desarrollo productivo -cdp,33247,técnico laboral en auxilia de almacen y bodega,técnico laboral,diurna,nocturna,fin de semana
3655,corporacion de desarrollo productivo -cdp,33246,técnico laboral en auxiliar administrativo,técnico laboral,diurna,nocturna,fin de semana
3655,corporacion de desarrollo productivo -cdp,33252,técnico laboral en auxiliar en sistemas informaticos,técnico laboral,diurna,nocturna,fin de semana
3655,corporacion de desarrollo productivo -cdp,40978,técnico laboral en informacion y servicio al cliente call center,técnico laboral,diurna,nocturna,N/A
3655,corporacion de desarrollo productivo -cdp,33248,técnico laboral en mantenimiento y reparacion de automotores a gasolina y gas,técnico laboral,diurna,nocturna,fin de semana
3655,corporacion de desarrollo productivo -cdp,34122,técnico laboral en operario de fabricacion de calzado,técnico laboral,diurna,nocturna,fin de semana
3655,corporacion de desarrollo productivo -cdp,53770,técnico laboral en operario en fabricación de calzado,técnico laboral,diurna,nocturna,fin de semana
3655,corporacion de desarrollo productivo -cdp,33249,técnico laboral en procesos de soldadura,técnico laboral,diurna,nocturna,fin de semana
2703,corporacion educativa alexander von humboldt,7247,asistente administrativo,técnico laboral,diurna,nocturna,fin de semana
2705,corporacion educativa alexander von humboldt,7237,asistente administrativo,técnico laboral,diurna,nocturna,fin de semana
2703,corporacion educativa alexander von humboldt,7248,asistente de comercio exterior,técnico laboral,diurna,nocturna,fin de semana
2705,corporacion educativa alexander von humboldt,7238,asistente en comercio exterior,técnico laboral,diurna,nocturna,fin de semana
2705,corporacion educativa alexander von humboldt,7239,auxiliar contable financiero,técnico laboral,diurna,nocturna,fin de semana
2703,corporacion educativa alexander von humboldt,7249,auxiliar contable financiero,técnico laboral,diurna,nocturna,fin de semana
2705,corporacion educativa alexander von humboldt,7236,auxiliar de sistemas informaticos,técnico laboral,diurna,nocturna,fin de semana
2703,corporacion educativa alexander von humboldt,7246,auxiliar en sistemas  informáticos,técnico laboral,diurna,nocturna,fin de semana
2703,corporacion educativa alexander von humboldt,7250,diseño de  paginas web,técnico laboral,diurna,nocturna,fin de semana
2705,corporacion educativa alexander von humboldt,7240,diseño de paginas  web,técnico laboral,diurna,nocturna,fin de semana
2703,corporacion educativa alexander von humboldt,7255,instalacion en sistemas de telecomunicaciones,técnico laboral,diurna,nocturna,fin de semana
2705,corporacion educativa alexander von humboldt,7245,instalador de sistemas de telecomunicaciones,técnico laboral,diurna,nocturna,fin de semana
2705,corporacion educativa alexander von humboldt,7241,recepción hotelera,técnico laboral,diurna,nocturna,fin de semana
2703,corporacion educativa alexander von humboldt,7251,recepción hotelera,técnico laboral,diurna,nocturna,fin de semana
2705,corporacion educativa alexander von humboldt,7242,reparación y ensamble de computadores,técnico laboral,diurna,nocturna,fin de semana
2703,corporacion educativa alexander von humboldt,7252,reparación y ensamble de computadores,técnico laboral,diurna,nocturna,fin de semana
2703,corporacion educativa alexander von humboldt,7253,representante de ventas y comercio,técnico laboral,diurna,nocturna,fin de semana
2705,corporacion educativa alexander von humboldt,7243,representante de ventas y comercio,técnico laboral,diurna,nocturna,fin de semana
2705,corporacion educativa alexander von humboldt,7244,secretariado ejecutivo,técnico laboral,diurna,nocturna,fin de semana
2703,corporacion educativa alexander von humboldt,7254,secretariado ejecutivo,técnico laboral,diurna,nocturna,fin de semana
2703,corporacion educativa alexander von humboldt,56928,técnico laboral en agentes de viajes y turismo,técnico laboral,diurna,nocturna,fin de semana
2703,corporacion educativa alexander von humboldt,54235,técnico laboral en auxiliar  de seguridad en el trabajo,técnico laboral,diurna,nocturna,fin de semana
2703,corporacion educativa alexander von humboldt,53780,técnico laboral en auxiliar administrativo,técnico laboral,diurna,nocturna,fin de semana
2703,corporacion educativa alexander von humboldt,56927,técnico laboral en auxiliar contable y financiera,técnico laboral,diurna,nocturna,fin de semana
2703,corporacion educativa alexander von humboldt,53782,técnico laboral en auxiliar contable y financiero,técnico laboral,diurna,nocturna,fin de semana
2703,corporacion educativa alexander von humboldt,53776,técnico laboral en auxiliar de educación para la primera infancia,técnico laboral,diurna,nocturna,fin de semana
2703,corporacion educativa alexander von humboldt,53783,técnico laboral en auxiliar de sistemas informaticos,técnico laboral,diurna,nocturna,fin de semana
2703,corporacion educativa alexander von humboldt,53781,técnico laboral en auxiliar en comercio ext,técnico laboral,diurna,nocturna,fin de semana
2703,corporacion educativa alexander von humboldt,65297,técnico laboral en auxiliar hseq,técnico laboral,diurna,nocturna,fin de semana
2703,corporacion educativa alexander von humboldt,35538,técnico laboral en representante de ventas y comercio,técnico laboral,diurna,nocturna,fin de semana
7509,corporacion educativa del valle coreduvalle,19918,técnico laboral en auxiliar en mercadeo,técnico laboral,diurna,nocturna,N/A
2700,corporacion educativa instituto tecnico comercial colombo libanes ceitecol,7274,administracion de mipymes,técnico laboral,diurna,nocturna,fin de semana
2700,corporacion educativa instituto tecnico comercial colombo libanes ceitecol,7275,analista contabilidad,técnico laboral,diurna,sin definir,N/A
2700,corporacion educativa instituto tecnico comercial colombo libanes ceitecol,7276,asistente contable y financiero,técnico laboral,diurna,nocturna,fin de semana
2700,corporacion educativa instituto tecnico comercial colombo libanes ceitecol,7277,auxiliar de oficina,técnico laboral,diurna,nocturna,fin de semana
2700,corporacion educativa instituto tecnico comercial colombo libanes ceitecol,7278,auxiliar de preescolar,técnico laboral,diurna,nocturna,fin de semana
2700,corporacion educativa instituto tecnico comercial colombo libanes ceitecol,7279,cocina,técnico laboral,diurna,nocturna,fin de semana
2700,corporacion educativa instituto tecnico comercial colombo libanes ceitecol,7280,corte y confeccion en tela,técnico laboral,diurna,nocturna,fin de semana
2700,corporacion educativa instituto tecnico comercial colombo libanes ceitecol,7281,electricidad en redes internas domiciliarias y comerciales,técnico laboral,diurna,nocturna,fin de semana
2700,corporacion educativa instituto tecnico comercial colombo libanes ceitecol,7282,electricidad industrial,técnico laboral,diurna,sin definir,N/A
2700,corporacion educativa instituto tecnico comercial colombo libanes ceitecol,7283,electronica,técnico laboral,diurna,sin definir,N/A
2700,corporacion educativa instituto tecnico comercial colombo libanes ceitecol,7284,mantenimiento de equipos de cómputo,técnico laboral,diurna,sin definir,N/A
2700,corporacion educativa instituto tecnico comercial colombo libanes ceitecol,7285,mercadeo de productos y servicios,técnico laboral,diurna,nocturna,fin de semana
2700,corporacion educativa instituto tecnico comercial colombo libanes ceitecol,7286,secretariado ejecutivo,técnico laboral,diurna,sin definir,N/A
2700,corporacion educativa instituto tecnico comercial colombo libanes ceitecol,7287,sistemas,técnico laboral,diurna,sin definir,N/A
2700,corporacion educativa instituto tecnico comercial colombo libanes ceitecol,7288,sonido profesional,técnico laboral,diurna,nocturna,fin de semana
6983,corporacion educativa omega,41261,conocimientos académicos en estudios sistemicos y transgeneracionales,conocimientos académicos,diurna,nocturna,N/A
6983,corporacion educativa omega,41262,conocimientos académicos en gestor de vida y paz con enfoque sistemico familiar,conocimientos académicos,diurna,nocturna,N/A
6983,corporacion educativa omega,16823,conocimientos académicos en orientacion familiar sistematica,conocimientos académicos,diurna,nocturna,fin de semana
6983,corporacion educativa omega,16822,técnico laboral en asistente en atencion integral a la primera infancia,técnico laboral,diurna,nocturna,fin de semana
2719,corporacion giq,7289,acondicionamiento físico y deportes,técnico laboral,diurna,fin de semana,N/A
2719,corporacion giq,7290,administración de empresas,conocimientos académicos,diurna,sin definir,N/A
2719,corporacion giq,7291,asistencia administrativa,técnico laboral,diurna,sin definir,N/A
2719,corporacion giq,7292,auxiliar de contabilidad,técnico laboral,diurna,nocturna,sin definir
2719,corporacion giq,7293,auxiliar en rehabilitación física,técnico laboral,diurna,fin de semana,N/A
2719,corporacion giq,39122,conocimientos académicos en adquisicion de conocimientos y habilidades en matematicas,conocimientos académicos,diurna,nocturna,fin de semana
2719,corporacion giq,54203,"conocimientos académicos en adquisición de conocimientos y habilidades requeridos para la validación de la educación formal básica y media, a través de las pruebas de estado icfes",conocimientos académicos,diurna,nocturna,fin de semana
2719,corporacion giq,56929,"conocimientos académicos en adquisición de conocimientos y habilidades requeridos para la validación de la educación formal básica y media, a través de las pruebas de estado icfes",conocimientos académicos,diurna,nocturna,fin de semana
2719,corporacion giq,7294,contabilidad,conocimientos académicos,diurna,sin definir,N/A
2719,corporacion giq,7295,diseño gráfico,técnico laboral,diurna,sin definir,N/A
2719,corporacion giq,7296,secretariado ejecutivo,técnico laboral,diurna,sin definir,N/A
2719,corporacion giq,7297,sistemas y redes informáticas,técnico laboral,diurna,sin definir,N/A
2719,corporacion giq,40069,técnico laboral en auxiliar en mercadeo,técnico laboral,diurna,nocturna,fin de semana
2719,corporacion giq,7298,visitador médico,conocimientos académicos,diurna,sin definir,N/A
3293,corporacion giq sede norte,7299,acondicionamiento físico y deportes,técnico laboral,diurna,sin definir,N/A
3293,corporacion giq sede norte,7300,administración de empresas,conocimientos académicos,diurna,sin definir,N/A
3293,corporacion giq sede norte,7301,asistencia administrativa,técnico laboral,diurna,sin definir,N/A
3293,corporacion giq sede norte,7303,auxiliar de contabilidad,técnico laboral,diurna,sin definir,sin definir
3293,corporacion giq sede norte,7302,auxiliar en rehabilitacion fisica,técnico laboral,diurna,fin de semana,N/A
3293,corporacion giq sede norte,39123,conocimientos académicos en adquisicion de conocimientos y habilidades en matematicas,conocimientos académicos,diurna,nocturna,fin de semana
3293,corporacion giq sede norte,54204,"conocimientos académicos en ¿adquisición de conocimientos y habilidades requeridos para la validación de la educación formal básica y media, a través de las pruebas de estado icfes¿",conocimientos académicos,diurna,nocturna,fin de semana
3293,corporacion giq sede norte,7304,contabilidad,conocimientos académicos,diurna,sin definir,N/A
3293,corporacion giq sede norte,7305,diseño gráfico,técnico laboral,diurna,sin definir,N/A
3293,corporacion giq sede norte,7306,secretariado ejecutivo,técnico laboral,diurna,sin definir,N/A
3293,corporacion giq sede norte,7307,sistemas y redes informáticas,técnico laboral,diurna,sin definir,N/A
3293,corporacion giq sede norte,7308,visitador médico,conocimientos académicos,diurna,sin definir,N/A
3295,corporacion iberoamericana de educacion  para el  trabajo  y el desarrollo humano  - cipet,7309,agente de viajes y turismo,técnico laboral,diurna,nocturna,fin de semana
3295,corporacion iberoamericana de educacion  para el  trabajo  y el desarrollo humano  - cipet,7310,auxiliar contable y financiero,técnico laboral,diurna,nocturna,fin de semana
3295,corporacion iberoamericana de educacion  para el  trabajo  y el desarrollo humano  - cipet,7312,desarrollo de mercadeo,técnico laboral,diurna,nocturna,fin de semana
3295,corporacion iberoamericana de educacion  para el  trabajo  y el desarrollo humano  - cipet,7313,impresión artes gráficas,técnico laboral,diurna,nocturna,fin de semana
3295,corporacion iberoamericana de educacion  para el  trabajo  y el desarrollo humano  - cipet,7314,secretariado gerencia,técnico laboral,diurna,nocturna,fin de semana
3295,corporacion iberoamericana de educacion  para el  trabajo  y el desarrollo humano  - cipet,7315,"soporte, sistemas e informática",técnico laboral,diurna,nocturna,fin de semana
3295,corporacion iberoamericana de educacion  para el  trabajo  y el desarrollo humano  - cipet,50089,técnico laboral en asistente veterinario,técnico laboral,diurna,nocturna,fin de semana
3295,corporacion iberoamericana de educacion  para el  trabajo  y el desarrollo humano  - cipet,34047,técnico laboral en atencion integral a la persona mayor,técnico laboral,diurna,nocturna,fin de semana
3295,corporacion iberoamericana de educacion  para el  trabajo  y el desarrollo humano  - cipet,34188,técnico laboral en auxiliar administrativo,técnico laboral,diurna,nocturna,fin de semana
3295,corporacion iberoamericana de educacion  para el  trabajo  y el desarrollo humano  - cipet,63539,técnico laboral en auxiliar contable,técnico laboral,diurna,nocturna,fin de semana
3295,corporacion iberoamericana de educacion  para el  trabajo  y el desarrollo humano  - cipet,63538,técnico laboral en auxiliar contable,técnico laboral,diurna,nocturna,fin de semana
3295,corporacion iberoamericana de educacion  para el  trabajo  y el desarrollo humano  - cipet,34190,técnico laboral en auxiliar en mercadeo,técnico laboral,diurna,nocturna,fin de semana
3295,corporacion iberoamericana de educacion  para el  trabajo  y el desarrollo humano  - cipet,7311,técnico laboral en cocinero cocina internacional,técnico laboral,diurna,nocturna,fin de semana
3295,corporacion iberoamericana de educacion  para el  trabajo  y el desarrollo humano  - cipet,36498,técnico laboral en educacion para la primera infancia,técnico laboral,diurna,nocturna,fin de semana
3295,corporacion iberoamericana de educacion  para el  trabajo  y el desarrollo humano  - cipet,63540,técnico laboral en electricista industrial y de redes,técnico laboral,diurna,nocturna,fin de semana
3295,corporacion iberoamericana de educacion  para el  trabajo  y el desarrollo humano  - cipet,63541,técnico laboral en electriscista industrial y de redes,técnico laboral,diurna,nocturna,fin de semana
3295,corporacion iberoamericana de educacion  para el  trabajo  y el desarrollo humano  - cipet,34191,técnico laboral en mecanica de motos,técnico laboral,diurna,nocturna,fin de semana
3295,corporacion iberoamericana de educacion  para el  trabajo  y el desarrollo humano  - cipet,49012,técnico laboral en mecanica de vehiculos automotores,técnico laboral,diurna,nocturna,fin de semana
3295,corporacion iberoamericana de educacion  para el  trabajo  y el desarrollo humano  - cipet,63542,técnico laboral en mecánica de motores diesel,técnico laboral,diurna,nocturna,fin de semana
3295,corporacion iberoamericana de educacion  para el  trabajo  y el desarrollo humano  - cipet,63543,técnico laboral en mecánica de motores diesel,técnico laboral,diurna,nocturna,fin de semana
3295,corporacion iberoamericana de educacion  para el  trabajo  y el desarrollo humano  - cipet,63545,técnico laboral en mecánico industrial,técnico laboral,diurna,nocturna,fin de semana
3295,corporacion iberoamericana de educacion  para el  trabajo  y el desarrollo humano  - cipet,63544,técnico laboral en mecánico industrial,técnico laboral,diurna,nocturna,fin de semana
3295,corporacion iberoamericana de educacion  para el  trabajo  y el desarrollo humano  - cipet,34186,técnico laboral en recepcion hotelera,técnico laboral,diurna,nocturna,fin de semana
3295,corporacion iberoamericana de educacion  para el  trabajo  y el desarrollo humano  - cipet,34121,técnico laboral en recuperacion fisica,técnico laboral,diurna,nocturna,fin de semana
3295,corporacion iberoamericana de educacion  para el  trabajo  y el desarrollo humano  - cipet,49011,técnico laboral en seguridad ocupacional,técnico laboral,diurna,nocturna,fin de semana
3730,corporacion iberoamericana de educacion para el trabajo y el desarrollo humano cipet,7847,auxiliar en salud oral,técnico laboral,diurna,fin de semana,N/A
3730,corporacion iberoamericana de educacion para el trabajo y el desarrollo humano cipet,7846,técnico laboral en auxiliar en enfermería,técnico laboral,diurna,fin de semana,N/A
3730,corporacion iberoamericana de educacion para el trabajo y el desarrollo humano cipet,7848,técnico laboral en auxiliar en servicios farmacéuticos,técnico laboral,diurna,fin de semana,N/A
6726,corporacion iberoamericana de estudios - cies,60770,técnico laboral en auxiliar administrativo,técnico laboral,nocturna,fin de semana,N/A
6726,corporacion iberoamericana de estudios - cies,15591,técnico laboral en auxiliar administrativo,técnico laboral,diurna,nocturna,fin de semana
6726,corporacion iberoamericana de estudios - cies,15593,técnico laboral en auxiliar contable y financiero,técnico laboral,diurna,nocturna,fin de semana
6726,corporacion iberoamericana de estudios - cies,60769,técnico laboral en auxiliar de clinica veterinaria,técnico laboral,nocturna,fin de semana,N/A
6726,corporacion iberoamericana de estudios - cies,38654,técnico laboral en auxiliar de recursos humanos,técnico laboral,diurna,nocturna,fin de semana
6726,corporacion iberoamericana de estudios - cies,15595,técnico laboral en auxiliar en atencion a la primera infancia,técnico laboral,diurna,nocturna,fin de semana
6726,corporacion iberoamericana de estudios - cies,17934,técnico laboral en auxiliar en digitacion y sistematizacion de datos,técnico laboral,diurna,nocturna,fin de semana
6726,corporacion iberoamericana de estudios - cies,17935,técnico laboral en auxiliar en diseño grafico,técnico laboral,diurna,nocturna,fin de semana
6726,corporacion iberoamericana de estudios - cies,60771,técnico laboral en auxiliar en educacion para la primera infancia,técnico laboral,nocturna,fin de semana,N/A
6726,corporacion iberoamericana de estudios - cies,38655,técnico laboral en auxiliar en seguridad ocupacional,técnico laboral,diurna,nocturna,fin de semana
6726,corporacion iberoamericana de estudios - cies,15594,técnico laboral en auxiliar en sistemas de procesamiento de imagenes,técnico laboral,nocturna,fin de semana,N/A
6726,corporacion iberoamericana de estudios - cies,60773,técnico laboral en auxiliar en sistemas informaticos,técnico laboral,nocturna,fin de semana,N/A
6760,corporacion juan bosco,55975,técnico laboral en asistente en servicio social y comunitario,técnico laboral,diurna,nocturna,fin de semana
6760,corporacion juan bosco,15796,técnico laboral en auxiliar social y comunitario,técnico laboral,diurna,nocturna,fin de semana
3097,corporacion nacional de estudios,15233,técnico laboral en auxiliar administrativo,técnico laboral,diurna,nocturna,N/A
3097,corporacion nacional de estudios,15234,técnico laboral en auxiliar en sistemas informaticos,técnico laboral,diurna,nocturna,N/A
3097,corporacion nacional de estudios,15235,técnico laboral en secertariado ejecutivo,técnico laboral,diurna,nocturna,fin de semana
8962,corporacion tecnica empresarial los andes,42742,técnico laboral en auxiliar administrativo,técnico laboral,diurna,nocturna,fin de semana
8962,corporacion tecnica empresarial los andes,42743,técnico laboral en auxiliar contable,técnico laboral,diurna,nocturna,fin de semana
8962,corporacion tecnica empresarial los andes,44004,técnico laboral en auxiliar en atencion integral al adulto mayor,técnico laboral,diurna,nocturna,fin de semana
8962,corporacion tecnica empresarial los andes,44012,técnico laboral en auxiliar en clinica veterinaria,técnico laboral,diurna,nocturna,fin de semana
8962,corporacion tecnica empresarial los andes,42741,técnico laboral en auxiliar en sistemas informaticos,técnico laboral,diurna,nocturna,fin de semana
2680,corporacion universal de los andes-cua,52198,técnico laboral en agente de viajes y turismo,técnico laboral,diurna,nocturna,fin de semana
2680,corporacion universal de los andes-cua,7324,técnico laboral en asistencia logistica,técnico laboral,diurna,nocturna,fin de semana
2680,corporacion universal de los andes-cua,52005,técnico laboral en asistencia y soporte de las tecnologias,técnico laboral,diurna,nocturna,fin de semana
2680,corporacion universal de los andes-cua,7317,técnico laboral en asistente contable y financiero,técnico laboral,diurna,nocturna,fin de semana
2680,corporacion universal de los andes-cua,7318,técnico laboral en asistente de comercio exterior,técnico laboral,diurna,nocturna,fin de semana
2680,corporacion universal de los andes-cua,7319,técnico laboral en asistente de mercadeo y publicidad,técnico laboral,diurna,nocturna,fin de semana
2680,corporacion universal de los andes-cua,52196,técnico laboral en asistente de primera infancia,técnico laboral,diurna,nocturna,fin de semana
2680,corporacion universal de los andes-cua,7323,técnico laboral en auxiliaar en diseño grafico,técnico laboral,diurna,nocturna,fin de semana
2680,corporacion universal de los andes-cua,7320,técnico laboral en auxiliar administrativo,técnico laboral,diurna,nocturna,fin de semana
2680,corporacion universal de los andes-cua,52197,técnico laboral en auxiliar en recursos humanos,técnico laboral,diurna,nocturna,fin de semana
2680,corporacion universal de los andes-cua,7316,técnico laboral en auxiliar en sistemas informaticos,técnico laboral,diurna,nocturna,N/A
2680,corporacion universal de los andes-cua,7321,técnico laboral en banca,técnico laboral,diurna,nocturna,N/A
2680,corporacion universal de los andes-cua,32275,técnico laboral en cocina,técnico laboral,diurna,nocturna,fin de semana
2680,corporacion universal de los andes-cua,52003,técnico laboral en cocinero internacional,técnico laboral,diurna,nocturna,fin de semana
2680,corporacion universal de los andes-cua,7322,técnico laboral en comunicaciones y redes de datos,técnico laboral,diurna,nocturna,N/A
2680,corporacion universal de los andes-cua,7325,técnico laboral en diseño de pagina web,técnico laboral,diurna,nocturna,fin de semana
2680,corporacion universal de los andes-cua,41121,técnico laboral en mecanica de motos,técnico laboral,diurna,nocturna,fin de semana
2680,corporacion universal de los andes-cua,32274,técnico laboral en mesa y bar,técnico laboral,diurna,nocturna,fin de semana
2680,corporacion universal de los andes-cua,51794,técnico laboral en seguridad ocupacional,técnico laboral,diurna,nocturna,fin de semana
2672,corporacion universitaria autonoma de nariño -aunar,7327,asistencia dirección cine y televisión,técnico laboral,diurna,nocturna,N/A
2672,corporacion universitaria autonoma de nariño -aunar,7328,asistente administrativo,técnico laboral,diurna,nocturna,N/A
2672,corporacion universitaria autonoma de nariño -aunar,7330,auxiliar de publicidad y afines,técnico laboral,diurna,nocturna,N/A
2672,corporacion universitaria autonoma de nariño -aunar,7331,diseño de modas,técnico laboral,diurna,sin definir,N/A
2672,corporacion universitaria autonoma de nariño -aunar,7333,electrónica,técnico laboral,diurna,nocturna,N/A
2672,corporacion universitaria autonoma de nariño -aunar,66365,técnico laboral en auxiliar contable y financiero,técnico laboral,diurna,fin de semana,N/A
2672,corporacion universitaria autonoma de nariño -aunar,7326,técnico laboral en auxiliar contable y financiero,técnico laboral,diurna,fin de semana,N/A
2672,corporacion universitaria autonoma de nariño -aunar,66368,técnico laboral en auxiliar de comercio exterior,técnico laboral,diurna,fin de semana,N/A
2672,corporacion universitaria autonoma de nariño -aunar,7329,técnico laboral en auxiliar de comercio exterior,técnico laboral,diurna,fin de semana,N/A
2672,corporacion universitaria autonoma de nariño -aunar,49911,técnico laboral en auxiliar de mercadeo y ventas,técnico laboral,diurna,fin de semana,N/A
2672,corporacion universitaria autonoma de nariño -aunar,66674,técnico laboral en auxiliar de sistemas informativos,técnico laboral,diurna,fin de semana,N/A
2672,corporacion universitaria autonoma de nariño -aunar,7334,técnico laboral en auxiliar de sistemas informáticos,técnico laboral,diurna,fin de semana,N/A
2672,corporacion universitaria autonoma de nariño -aunar,7332,técnico laboral en auxiliar en diseño grafico,técnico laboral,diurna,fin de semana,N/A
2672,corporacion universitaria autonoma de nariño -aunar,49910,técnico laboral en auxiliar tecnico en electronica,técnico laboral,diurna,nocturna,fin de semana
2672,corporacion universitaria autonoma de nariño -aunar,56380,técnico laboral en mecánica de motos,técnico laboral,diurna,nocturna,fin de semana
4269,corporación universitaria centro superior - unicuces,7335,análisis y programación de sistemas,técnico laboral,diurna,nocturna,fin de semana
4269,corporación universitaria centro superior - unicuces,7336,contabilidad sistematizada,técnico laboral,diurna,nocturna,fin de semana
4269,corporación universitaria centro superior - unicuces,7337,gestión de negocios,técnico laboral,diurna,nocturna,fin de semana
4269,corporación universitaria centro superior - unicuces,7338,logistica,técnico laboral,diurna,nocturna,fin de semana
4269,corporación universitaria centro superior - unicuces,7339,mercadeo y promoción de ventas,técnico laboral,diurna,nocturna,fin de semana
4269,corporación universitaria centro superior - unicuces,7340,secretariado gerencial,técnico laboral,diurna,nocturna,fin de semana
4269,corporación universitaria centro superior - unicuces,56412,tecnico laboral en auxiliar contable de tesoreria y financiera,técnico laboral,diurna,nocturna,fin de semana
4269,corporación universitaria centro superior - unicuces,56410,tl en auxiliar en automatización e instrumentación industrial,técnico laboral,diurna,nocturna,fin de semana
4269,corporación universitaria centro superior - unicuces,56408,técnico laboral en auxiliar administrativo,técnico laboral,diurna,nocturna,fin de semana
4269,corporación universitaria centro superior - unicuces,39092,técnico laboral en auxiliar administrativo,técnico laboral,diurna,fin de semana,N/A
4269,corporación universitaria centro superior - unicuces,39094,técnico laboral en auxiliar contable y financiero,técnico laboral,diurna,fin de semana,N/A
4269,corporación universitaria centro superior - unicuces,56411,técnico laboral en auxiliar en asistencia y soporte de tecnologías de la información,técnico laboral,diurna,nocturna,fin de semana
4269,corporación universitaria centro superior - unicuces,56409,"técnico laboral en auxiliar en gestión logística, inventarios y suministros",técnico laboral,diurna,nocturna,fin de semana
4269,corporación universitaria centro superior - unicuces,39093,técnico laboral en auxiliar en sistemas informaticos,técnico laboral,diurna,fin de semana,N/A
4269,corporación universitaria centro superior - unicuces,7341,técnico laboral en producción industrial,técnico laboral,diurna,nocturna,fin de semana
3079,cruz roja colombiana seccional valle del cauca,7342,atención básica al adulto mayor,conocimientos académicos,nocturna,sin definir,N/A
3079,cruz roja colombiana seccional valle del cauca,7343,auxiliar administrativo en salud,técnico laboral,diurna,nocturna,fin de semana
3079,cruz roja colombiana seccional valle del cauca,7344,auxiliar en enfermería,técnico laboral,diurna,sin definir,N/A
3079,cruz roja colombiana seccional valle del cauca,36301,técnico laboral en agente en contac center,técnico laboral,diurna,sin definir,N/A
3079,cruz roja colombiana seccional valle del cauca,51793,técnico laboral en auxiliar en servicios farmacéuticos,técnico laboral,diurna,nocturna,fin de semana
3079,cruz roja colombiana seccional valle del cauca,36302,técnico laboral en seguridad ocupacional,técnico laboral,nocturna,sin definir,N/A
3297,cursos especializados del valle,7346,asistente de servicio al cliente,técnico laboral,diurna,nocturna,fin de semana
3297,cursos especializados del valle,7345,asistente en atencion integral a la primera infancia,técnico laboral,diurna,fin de semana,N/A
3297,cursos especializados del valle,7348,auxiliar contable y financiero,técnico laboral,diurna,nocturna,fin de semana
3297,cursos especializados del valle,7349,auxiliar de compras e inventarios,técnico laboral,diurna,nocturna,fin de semana
3297,cursos especializados del valle,7350,auxiliar de crédito y cobranzas,técnico laboral,diurna,nocturna,fin de semana
3297,cursos especializados del valle,7351,auxiliar de edición y publicaciones,técnico laboral,diurna,nocturna,fin de semana
3297,cursos especializados del valle,7352,comercio internacional,conocimientos académicos,diurna,nocturna,fin de semana
3297,cursos especializados del valle,7353,electricidad automotriz,técnico laboral,diurna,nocturna,fin de semana
3297,cursos especializados del valle,7354,electricista residencial,técnico laboral,diurna,nocturna,fin de semana
3297,cursos especializados del valle,7355,gestión de talento humano,conocimientos académicos,diurna,nocturna,fin de semana
3297,cursos especializados del valle,7356,guía de viaje y turismo,técnico laboral,diurna,nocturna,fin de semana
3297,cursos especializados del valle,7357,mantenimiento de teléfonos celulares,conocimientos académicos,diurna,nocturna,fin de semana
3297,cursos especializados del valle,7358,mecánica automotriz,técnico laboral,diurna,nocturna,fin de semana
3297,cursos especializados del valle,7361,representante de ventas,técnico laboral,diurna,nocturna,fin de semana
3297,cursos especializados del valle,7362,secretariado y oficinista general,técnico laboral,diurna,fin de semana,N/A
3297,cursos especializados del valle,7347,técnico laboral en auxiliar administrativo,técnico laboral,diurna,nocturna,fin de semana
3297,cursos especializados del valle,7360,técnico laboral en auxiliar en sistemas informaticos,técnico laboral,diurna,fin de semana,N/A
3297,cursos especializados del valle,7359,técnico laboral en mecánica de motos,técnico laboral,diurna,nocturna,fin de semana
3674,dario's academia  internacional,19687,técnico laboral en cuidado estetico de manos y pies,técnico laboral,diurna,nocturna,fin de semana
3674,dario's academia  internacional,19688,técnico laboral en maquillaje artistico y decorativo,técnico laboral,diurna,nocturna,fin de semana
3674,dario's academia  internacional,7363,técnico laboral en peluquería,técnico laboral,diurna,nocturna,fin de semana
6157,dclass academia,60752,conocimientos académicos ingles a1,conocimientos académicos,diurna,nocturna,fin de semana
6157,dclass academia,60753,conocimientos académicos ingles a2,conocimientos académicos,diurna,nocturna,fin de semana
6157,dclass academia,60754,conocimientos académicos ingles b1,conocimientos académicos,diurna,nocturna,fin de semana
6157,dclass academia,60755,conocimientos académicos ingles b2,conocimientos académicos,diurna,nocturna,fin de semana
6157,dclass academia,60751,técnico laboral en auxiliar administrativo,técnico laboral,diurna,nocturna,fin de semana
6157,dclass academia,7371,técnico laboral en colorimetria y cosmetica capilar,técnico laboral,diurna,fin de semana,N/A
6157,dclass academia,7368,técnico laboral en cuidado estetico de manos y pies,técnico laboral,diurna,fin de semana,N/A
6157,dclass academia,7373,técnico laboral en diseño de corte y barberia,técnico laboral,diurna,fin de semana,N/A
6157,dclass academia,7372,técnico laboral en maquillaje y caracterizacion facial,técnico laboral,diurna,fin de semana,N/A
6157,dclass academia,7369,técnico laboral en peluqueria y belleza integral,técnico laboral,diurna,fin de semana,N/A
6157,dclass academia,7370,técnico laboral en peluqueria y cosmetica capilar,técnico laboral,diurna,fin de semana,N/A
3675,dempresa  escuela de gestion y formacion empresarial,7365,auxiliar contable y financiero,técnico laboral,diurna,nocturna,fin de semana
3675,dempresa  escuela de gestion y formacion empresarial,7366,secretariado,técnico laboral,diurna,fin de semana,N/A
3675,dempresa  escuela de gestion y formacion empresarial,7367,sistemas,técnico laboral,diurna,fin de semana,N/A
3675,dempresa  escuela de gestion y formacion empresarial,7364,tecnico laboral en auxiliar administrativo,técnico laboral,diurna,nocturna,fin de semana
3675,dempresa  escuela de gestion y formacion empresarial,41027,técnico laboral en asesor de contac center,técnico laboral,diurna,nocturna,N/A
3675,dempresa  escuela de gestion y formacion empresarial,41023,técnico laboral en asesor de ventas,técnico laboral,diurna,nocturna,N/A
3675,dempresa  escuela de gestion y formacion empresarial,41026,técnico laboral en cocinero internacional,técnico laboral,diurna,nocturna,N/A
3675,dempresa  escuela de gestion y formacion empresarial,58894,técnico laboral en cocinero internacional,técnico laboral,diurna,nocturna,fin de semana
3675,dempresa  escuela de gestion y formacion empresarial,15236,técnico laboral en operador logistico,técnico laboral,diurna,nocturna,fin de semana
10571,dna - music,56849,técnico laboral en dj productor de mezclas,técnico laboral,diurna,nocturna,fin de semana
10571,dna - music,56851,"técnico laboral en edición, grabación, mezcla y masterización de sonido",técnico laboral,diurna,nocturna,fin de semana
10571,dna - music,56850,técnico laboral en música y composición,técnico laboral,diurna,nocturna,fin de semana
3087,english net-centro de idiomas,7374,conocimientos académicos en frances nivel a2,conocimientos académicos,diurna,nocturna,fin de semana
3087,english net-centro de idiomas,35578,conocimientos académicos en frances nivel b1,conocimientos académicos,diurna,nocturna,fin de semana
3087,english net-centro de idiomas,35577,conocimientos académicos en frances nivel b2,conocimientos académicos,diurna,nocturna,fin de semana
3087,english net-centro de idiomas,33898,conocimientos académicos en ingles nivel b1,conocimientos académicos,diurna,nocturna,fin de semana
3087,english net-centro de idiomas,33900,conocimientos académicos en ingles nivel b2,conocimientos académicos,diurna,nocturna,fin de semana
3087,english net-centro de idiomas,7375,inglés elemental nivel a2,conocimientos académicos,diurna,nocturna,fin de semana
3670,escuela  de odontologia  de la universidad  del valle,7377,auxiliar en salud oral,técnico laboral,diurna,nocturna,N/A
3670,escuela  de odontologia  de la universidad  del valle,54936,técnico laboral en auxiliar en salud oral,técnico laboral,diurna,nocturna,N/A
6796,escuela de automovilismo elite ltda,15974,curso de formación de conductores categoría a1,capacitación en conducción,diurna,nocturna,fin de semana
6796,escuela de automovilismo elite ltda,15975,curso de formación de conductores categoría a2,capacitación en conducción,diurna,nocturna,fin de semana
6796,escuela de automovilismo elite ltda,15977,curso de formación de conductores categoría b1,capacitación en conducción,diurna,nocturna,fin de semana
6796,escuela de automovilismo elite ltda,15976,curso de formación de conductores categoría c1,capacitación en conducción,diurna,nocturna,fin de semana
3751,escuela de automovilismo la gran  colombia,15831,curso de formación de conductores categoría a1,capacitación en conducción,diurna,nocturna,fin de semana
3751,escuela de automovilismo la gran  colombia,15832,curso de formación de conductores categoría a2,capacitación en conducción,diurna,nocturna,fin de semana
3751,escuela de automovilismo la gran  colombia,15833,curso de formación de conductores categoría b1,capacitación en conducción,diurna,nocturna,fin de semana
3751,escuela de automovilismo la gran  colombia,15835,curso de formación de conductores categoría c1,capacitación en conducción,diurna,nocturna,fin de semana
3673,escuela de auxiliares  clinica  blanca,47316,"técnico laboral en animador, recreación  y deporte",técnico laboral,diurna,nocturna,fin de semana
3673,escuela de auxiliares  clinica  blanca,35582,técnico laboral en atencion integral a la primera infancia,técnico laboral,diurna,nocturna,fin de semana
3673,escuela de auxiliares  clinica  blanca,33027,técnico laboral en auxiliar administrativo,técnico laboral,nocturna,fin de semana,N/A
3673,escuela de auxiliares  clinica  blanca,7378,técnico laboral en auxiliar administrativo en salud,técnico laboral,diurna,nocturna,fin de semana
3673,escuela de auxiliares  clinica  blanca,35580,técnico laboral en auxiliar contable y financiero,técnico laboral,diurna,nocturna,fin de semana
3673,escuela de auxiliares  clinica  blanca,33038,técnico laboral en auxiliar en comercio exterior,técnico laboral,nocturna,fin de semana,N/A
3673,escuela de auxiliares  clinica  blanca,7379,técnico laboral en auxiliar en enfermería,técnico laboral,diurna,nocturna,fin de semana
3673,escuela de auxiliares  clinica  blanca,7380,técnico laboral en auxiliar en salud oral,técnico laboral,diurna,nocturna,fin de semana
3673,escuela de auxiliares  clinica  blanca,7381,técnico laboral en auxiliar en salud pública,técnico laboral,diurna,fin de semana,N/A
3673,escuela de auxiliares  clinica  blanca,7382,técnico laboral en auxiliar en servicios farmacéuticos,técnico laboral,diurna,nocturna,fin de semana
3673,escuela de auxiliares  clinica  blanca,33026,técnico laboral en auxiliar en sistemas informaticos,técnico laboral,nocturna,fin de semana,N/A
3673,escuela de auxiliares  clinica  blanca,47317,técnico laboral en seguridad ocupacional,técnico laboral,diurna,nocturna,fin de semana
3056,escuela de aviacion del pacifico s.a.s,7386,mantenimiento de helicópteros ¿ tlh,técnico laboral,diurna,nocturna,N/A
3056,escuela de aviacion del pacifico s.a.s,7383,tecnico laboral en tripulante cabina de pasajeros tcp,técnico laboral,diurna,nocturna,N/A
3056,escuela de aviacion del pacifico s.a.s,7384,técnico laboral en despacho de aeronaves -dpa,técnico laboral,diurna,nocturna,fin de semana
3056,escuela de aviacion del pacifico s.a.s,7385,técnico laboral en mantenimiento de aeronaves -tma,técnico laboral,diurna,nocturna,N/A
3692,escuela de cine digital y artes audiovisuales de cali pakiko ordoñez ltda,7387,asistente de direccion y realizacion cinematografica,técnico laboral,diurna,nocturna,fin de semana
3693,escuela de conduccion municipio de santiago de cali secretaria de transito y transporte,7388,conducción,capacitación en conducción,diurna,nocturna,fin de semana
3693,escuela de conduccion municipio de santiago de cali secretaria de transito y transporte,15967,curso de formación de conductores categoría a1,capacitación en conducción,diurna,nocturna,fin de semana
3693,escuela de conduccion municipio de santiago de cali secretaria de transito y transporte,15966,curso de formación de conductores categoría a2,capacitación en conducción,diurna,nocturna,fin de semana
3693,escuela de conduccion municipio de santiago de cali secretaria de transito y transporte,15964,curso de formación de conductores categoría b1,capacitación en conducción,diurna,nocturna,fin de semana
3693,escuela de conduccion municipio de santiago de cali secretaria de transito y transporte,15965,curso de formación de conductores categoría c1,capacitación en conducción,diurna,nocturna,fin de semana
3693,escuela de conduccion municipio de santiago de cali secretaria de transito y transporte,7389,"instructor de tránsito automóviles, camperos, camionetas y microbuses de servicio particular",capacitación en conducción,diurna,nocturna,fin de semana
3693,escuela de conduccion municipio de santiago de cali secretaria de transito y transporte,7390,"instructor de tránsito automóviles, camperos, camionetas y microbuses para el servicio público",capacitación en conducción,diurna,nocturna,fin de semana
3693,escuela de conduccion municipio de santiago de cali secretaria de transito y transporte,7391,"instructor de tránsito camiones rígidos, busetas, buses para el servicio público - particular",capacitación en conducción,diurna,nocturna,fin de semana
3693,escuela de conduccion municipio de santiago de cali secretaria de transito y transporte,7392,instructor de tránsito vehículos articulados para el servicio público,capacitación en conducción,diurna,nocturna,fin de semana
3693,escuela de conduccion municipio de santiago de cali secretaria de transito y transporte,7393,instructor de tránsito y transporte motos y motocicletas,capacitación en conducción,diurna,nocturna,fin de semana
3660,escuela de conduccion sebastian de  belalcazar,7396,curso de formación de conductores categoría a1,capacitación en conducción,diurna,nocturna,fin de semana
3660,escuela de conduccion sebastian de  belalcazar,7397,curso de formación de conductores categoría a2,capacitación en conducción,diurna,nocturna,fin de semana
3660,escuela de conduccion sebastian de  belalcazar,33872,curso de formación de conductores categoría b1,capacitación en conducción,diurna,nocturna,fin de semana
3660,escuela de conduccion sebastian de  belalcazar,7398,curso de formación de conductores categoría b2,capacitación en conducción,diurna,nocturna,fin de semana
3660,escuela de conduccion sebastian de  belalcazar,7394,curso de formación de conductores categoría b3,capacitación en conducción,diurna,nocturna,fin de semana
3660,escuela de conduccion sebastian de  belalcazar,36167,curso de formación de conductores categoría b3,capacitación en conducción,diurna,nocturna,fin de semana
3660,escuela de conduccion sebastian de  belalcazar,33873,curso de formación de conductores categoría b3,capacitación en conducción,diurna,nocturna,fin de semana
3660,escuela de conduccion sebastian de  belalcazar,7395,curso de formación de conductores categoría c1,capacitación en conducción,diurna,nocturna,fin de semana
3660,escuela de conduccion sebastian de  belalcazar,7399,curso de formación de conductores categoría c2,capacitación en conducción,diurna,nocturna,fin de semana
3660,escuela de conduccion sebastian de  belalcazar,7400,curso de formación de conductores categoría c3,capacitación en conducción,diurna,nocturna,fin de semana
3660,escuela de conduccion sebastian de  belalcazar,7406,curso de formación de instructores en técnicas de conducción categoría a1,capacitación en conducción,diurna,nocturna,fin de semana
3660,escuela de conduccion sebastian de  belalcazar,7401,curso de formación de instructores en técnicas de conducción categoría a1,capacitación en conducción,diurna,nocturna,fin de semana
3660,escuela de conduccion sebastian de  belalcazar,7402,curso de formación de instructores en técnicas de conducción categoría a2,capacitación en conducción,diurna,nocturna,fin de semana
3660,escuela de conduccion sebastian de  belalcazar,7408,curso de formación de instructores en técnicas de conducción categoría b1,capacitación en conducción,diurna,nocturna,fin de semana
3660,escuela de conduccion sebastian de  belalcazar,7405,curso de formación de instructores en técnicas de conducción categoría b2,capacitación en conducción,diurna,nocturna,fin de semana
3660,escuela de conduccion sebastian de  belalcazar,7404,curso de formación de instructores en técnicas de conducción categoría b3,capacitación en conducción,diurna,nocturna,fin de semana
3660,escuela de conduccion sebastian de  belalcazar,7407,curso de formación de instructores en técnicas de conducción categoría c1,capacitación en conducción,diurna,nocturna,fin de semana
3660,escuela de conduccion sebastian de  belalcazar,7409,curso de formación de instructores en técnicas de conducción categoría c2,capacitación en conducción,diurna,nocturna,N/A
3660,escuela de conduccion sebastian de  belalcazar,7403,curso de formación de instructores en técnicas de conducción categoría c3,capacitación en conducción,diurna,nocturna,fin de semana
3660,escuela de conduccion sebastian de  belalcazar,7410,instructor en conducción de tractomula,capacitación en conducción,diurna,nocturna,N/A
11160,escuela de conducción my roj s.a.s,63455,curso de formación de conductores categoría a1,capacitación en conducción,diurna,nocturna,fin de semana
11160,escuela de conducción my roj s.a.s,63456,curso de formación de conductores categoría a2,capacitación en conducción,diurna,nocturna,fin de semana
11160,escuela de conducción my roj s.a.s,63458,curso de formación de conductores categoría b1,capacitación en conducción,diurna,nocturna,fin de semana
11160,escuela de conducción my roj s.a.s,63459,curso de formación de conductores categoría b2,capacitación en conducción,diurna,nocturna,fin de semana
11160,escuela de conducción my roj s.a.s,63460,curso de formación de conductores categoría b3,capacitación en conducción,diurna,nocturna,fin de semana
11160,escuela de conducción my roj s.a.s,63461,curso de formación de conductores categoría c1,capacitación en conducción,diurna,nocturna,fin de semana
11160,escuela de conducción my roj s.a.s,63462,curso de formación de conductores categoría c2,capacitación en conducción,diurna,nocturna,fin de semana
11160,escuela de conducción my roj s.a.s,63463,curso de formación de conductores categoría c3,capacitación en conducción,diurna,nocturna,fin de semana
11160,escuela de conducción my roj s.a.s,63464,curso de formación de instructores en técnicas de conducción categoría a1,capacitación en conducción,diurna,nocturna,fin de semana
11160,escuela de conducción my roj s.a.s,63465,curso de formación de instructores en técnicas de conducción categoría a2,capacitación en conducción,diurna,nocturna,fin de semana
11160,escuela de conducción my roj s.a.s,63466,curso de formación de instructores en técnicas de conducción categoría b1,capacitación en conducción,diurna,nocturna,fin de semana
11160,escuela de conducción my roj s.a.s,63467,curso de formación de instructores en técnicas de conducción categoría b2,capacitación en conducción,diurna,nocturna,fin de semana
11160,escuela de conducción my roj s.a.s,63468,curso de formación de instructores en técnicas de conducción categoría b3,capacitación en conducción,diurna,nocturna,fin de semana
11160,escuela de conducción my roj s.a.s,63469,curso de formación de instructores en técnicas de conducción categoría c1,capacitación en conducción,diurna,nocturna,fin de semana
11160,escuela de conducción my roj s.a.s,63470,curso de formación de instructores en técnicas de conducción categoría c2,capacitación en conducción,diurna,nocturna,fin de semana
11160,escuela de conducción my roj s.a.s,63471,curso de formación de instructores en técnicas de conducción categoría c3,capacitación en conducción,diurna,nocturna,fin de semana
6507,escuela de enfermeria del valle - edenv,40915,técnico laboral en auxiliar administrativo en salud,técnico laboral,diurna,fin de semana,N/A
6507,escuela de enfermeria del valle - edenv,14589,técnico laboral en auxiliar en enfermeria,técnico laboral,diurna,sin definir,N/A
6507,escuela de enfermeria del valle - edenv,40916,técnico laboral en auxiliar en servicios farmacéuticos,técnico laboral,diurna,fin de semana,N/A
6627,escuela de formacion tecnica laboral - esuft,15237,técnico laboral en  auxiliar de ofina,técnico laboral,diurna,nocturna,fin de semana
6627,escuela de formacion tecnica laboral - esuft,15238,técnico laboral en asistente de preescolar,técnico laboral,diurna,nocturna,fin de semana
6627,escuela de formacion tecnica laboral - esuft,15242,técnico laboral en auxiliar contable y financiero,técnico laboral,diurna,nocturna,fin de semana
6627,escuela de formacion tecnica laboral - esuft,15241,técnico laboral en mantenimiento de maquinaria industrial,técnico laboral,diurna,nocturna,fin de semana
6627,escuela de formacion tecnica laboral - esuft,15239,técnico laboral en mantenimiento electronico,técnico laboral,diurna,nocturna,fin de semana
6627,escuela de formacion tecnica laboral - esuft,15240,técnico laboral en oficial de constructores,técnico laboral,diurna,nocturna,fin de semana
6627,escuela de formacion tecnica laboral - esuft,15243,técnico laboral en secretariado gerencial,técnico laboral,diurna,nocturna,fin de semana
7994,escuela de gastronomia mariano moreno - sede cali,44260,conocimientos académicos en fundamentos en cocina,conocimientos académicos,diurna,fin de semana,N/A
7994,escuela de gastronomia mariano moreno - sede cali,44259,"técnico laboral en bartender, servicios de vinos y café",técnico laboral,diurna,nocturna,fin de semana
7994,escuela de gastronomia mariano moreno - sede cali,33849,técnico laboral en cocinero,técnico laboral,diurna,nocturna,fin de semana
7994,escuela de gastronomia mariano moreno - sede cali,34044,técnico laboral en panadero y pastelero,técnico laboral,diurna,nocturna,fin de semana
2718,escuela de salud humanizar s.a.s,50911,técnico laboral en auxiliar administrativo en salud,técnico laboral,diurna,nocturna,fin de semana
2718,escuela de salud humanizar s.a.s,7411,técnico laboral en auxiliar en enfermería,técnico laboral,diurna,nocturna,fin de semana
2718,escuela de salud humanizar s.a.s,7412,técnico laboral en auxiliar en servicios farmacéuticos,técnico laboral,diurna,nocturna,fin de semana
3044,escuela de turismo y azafatas de cali,7414,agente de turismo,técnico laboral,diurna,nocturna,fin de semana
3044,escuela de turismo y azafatas de cali,7415,auxiliar de servicio al huesped,técnico laboral,diurna,nocturna,fin de semana
3044,escuela de turismo y azafatas de cali,7413,"en agente en lineas marítimas, aéreas  y terrestres",técnico laboral,diurna,nocturna,fin de semana
3044,escuela de turismo y azafatas de cali,33875,técnico laboral en auxiliar en diseño grafico,técnico laboral,diurna,nocturna,fin de semana
3044,escuela de turismo y azafatas de cali,33874,técnico laboral en chef,técnico laboral,diurna,nocturna,fin de semana
3044,escuela de turismo y azafatas de cali,33876,técnico laboral en seguridad ocupacional,técnico laboral,diurna,nocturna,fin de semana
3092,escuela gastronomica de occidente s.a.s - ego s.a.s,7417,técnico administrador en servicios gastronómicos,técnico laboral,diurna,nocturna,fin de semana
3092,escuela gastronomica de occidente s.a.s - ego s.a.s,58893,técnico laboral en auxiliar de cocina,técnico laboral,diurna,nocturna,N/A
3092,escuela gastronomica de occidente s.a.s - ego s.a.s,41248,técnico laboral en auxiliar en cocina,técnico laboral,diurna,nocturna,N/A
3092,escuela gastronomica de occidente s.a.s - ego s.a.s,41249,técnico laboral en auxiliar en mesa y bar,técnico laboral,diurna,nocturna,N/A
3092,escuela gastronomica de occidente s.a.s - ego s.a.s,7416,técnico laboral en cocina internacional,técnico laboral,diurna,nocturna,fin de semana
3092,escuela gastronomica de occidente s.a.s - ego s.a.s,19702,técnico laboral en panadero y pastelero,técnico laboral,diurna,nocturna,fin de semana
3694,escuela nacional del deporte,7418,animación deportiva y recreativa,técnico laboral,nocturna,sin definir,N/A
3694,escuela nacional del deporte,7419,auxiliar en sistemas informaticos,técnico laboral,diurna,nocturna,N/A
3694,escuela nacional del deporte,7420,promoción deportiva,técnico laboral,nocturna,sin definir,N/A
3694,escuela nacional del deporte,7421,tecnico laboral en entrenamiento deportivo,técnico laboral,diurna,nocturna,N/A
3694,escuela nacional del deporte,7422,técnico laboral en auxiliar en cuidado de niños,técnico laboral,diurna,nocturna,fin de semana
3667,escuela politecnica ciforted,7256,asistente administrativo,técnico laboral,diurna,nocturna,fin de semana
3667,escuela politecnica ciforted,7257,asistente servicio social y comunitario,técnico laboral,diurna,nocturna,fin de semana
3667,escuela politecnica ciforted,7258,atención integral a la primera infancia,técnico laboral,diurna,nocturna,fin de semana
3667,escuela politecnica ciforted,7259,auxiliar almacén y bodega,técnico laboral,diurna,nocturna,fin de semana
3667,escuela politecnica ciforted,7260,auxiliar contable,técnico laboral,diurna,nocturna,fin de semana
3667,escuela politecnica ciforted,7261,construcción,técnico laboral,diurna,nocturna,fin de semana
3667,escuela politecnica ciforted,7262,criminalística y judicial,técnico laboral,nocturna,fin de semana,N/A
3667,escuela politecnica ciforted,7263,diseño gráfico,técnico laboral,diurna,nocturna,fin de semana
3667,escuela politecnica ciforted,7264,electricidad industrial,técnico laboral,diurna,nocturna,N/A
3667,escuela politecnica ciforted,7265,entrenador y preparador físico con énfasis en fútbol,técnico laboral,diurna,nocturna,fin de semana
3667,escuela politecnica ciforted,7266,"estilista, esteticista",técnico laboral,diurna,nocturna,fin de semana
3667,escuela politecnica ciforted,7267,forestal y recursos naturales,técnico laboral,diurna,nocturna,fin de semana
3667,escuela politecnica ciforted,7268,instalación y reparación de redes y líneas de telecomunicaciones,técnico laboral,diurna,nocturna,fin de semana
3667,escuela politecnica ciforted,7269,mantenimiento y reparación de equipos electrónicos,técnico laboral,diurna,nocturna,fin de semana
3667,escuela politecnica ciforted,7270,maquillaje y mascarillas,conocimientos académicos,diurna,nocturna,fin de semana
3667,escuela politecnica ciforted,7271,secretariado ejecutivo,técnico laboral,diurna,nocturna,fin de semana
3667,escuela politecnica ciforted,7272,sistemas,técnico laboral,diurna,nocturna,fin de semana
3667,escuela politecnica ciforted,43962,técnico laboral en atencion a la primera infancia,técnico laboral,diurna,fin de semana,N/A
6609,escuela politecnica ciforted,43961,técnico laboral en atencion a la primera infancia,técnico laboral,diurna,fin de semana,N/A
6609,escuela politecnica ciforted,15134,técnico laboral en auxiliar administrativo en salud,técnico laboral,diurna,sin definir,N/A
6609,escuela politecnica ciforted,43972,técnico laboral en auxiliar contable y financiero,técnico laboral,diurna,fin de semana,N/A
6609,escuela politecnica ciforted,15138,técnico laboral en auxiliar en enfermería,técnico laboral,diurna,nocturna,fin de semana
6609,escuela politecnica ciforted,15133,técnico laboral en auxiliar en salud oral,técnico laboral,diurna,nocturna,fin de semana
6609,escuela politecnica ciforted,15135,técnico laboral en auxiliar en salud pública,técnico laboral,diurna,nocturna,fin de semana
6609,escuela politecnica ciforted,15139,técnico laboral en auxiliar en servicios farmaceuticos,técnico laboral,diurna,nocturna,fin de semana
6609,escuela politecnica ciforted,43959,técnico laboral en mecanica de refrigeracion y aire acondicionado,técnico laboral,nocturna,fin de semana,N/A
3667,escuela politecnica ciforted,7273,"ventas, publicidad",técnico laboral,diurna,nocturna,fin de semana
6611,escuela tecnica de estetica gloria mejia 2 s.a.s,15152,técnico laboral en cosmetologia y estetica integral,técnico laboral,diurna,nocturna,N/A
6611,escuela tecnica de estetica gloria mejia 2 s.a.s,52223,técnico laboral en cosmetologia y estetica integral,técnico laboral,diurna,nocturna,fin de semana
6611,escuela tecnica de estetica gloria mejia 2 s.a.s,44262,técnico laboral en cuidado estetico de manos y pies,técnico laboral,diurna,nocturna,fin de semana
6611,escuela tecnica de estetica gloria mejia 2 s.a.s,44261,técnico laboral en peluqueria,técnico laboral,diurna,nocturna,fin de semana
6628,escuela tecnica de estetica integral danelly mendez,15244,técnico laboral en cosmetologia y estetica integral,técnico laboral,diurna,nocturna,N/A
3691,espromoda,7376,auxiliar en diseño de modas,técnico laboral,diurna,fin de semana,N/A
2668,establecimiento publico del orden municipal instituto popular de cultura i.p.c.,7670,teatro,conocimientos académicos,diurna,nocturna,fin de semana
2668,establecimiento publico del orden municipal instituto popular de cultura i.p.c.,7664,actuación teatral,técnico laboral,nocturna,sin definir,N/A
2668,establecimiento publico del orden municipal instituto popular de cultura i.p.c.,7678,artes plasticas,conocimientos académicos,diurna,nocturna,fin de semana
2668,establecimiento publico del orden municipal instituto popular de cultura i.p.c.,7665,cerámica artística,técnico laboral,diurna,sin definir,N/A
2668,establecimiento publico del orden municipal instituto popular de cultura i.p.c.,15545,conocimientos académicos en animacion socio cultural,conocimientos académicos,nocturna,sin definir,N/A
2668,establecimiento publico del orden municipal instituto popular de cultura i.p.c.,19707,conocimientos académicos en teatro de animacion de objetos,conocimientos académicos,diurna,nocturna,N/A
2668,establecimiento publico del orden municipal instituto popular de cultura i.p.c.,7666,danzas folclóricas colombianas,conocimientos académicos,diurna,nocturna,fin de semana
2668,establecimiento publico del orden municipal instituto popular de cultura i.p.c.,7667,diseño aplicado - joyerìa,técnico laboral,nocturna,sin definir,N/A
2668,establecimiento publico del orden municipal instituto popular de cultura i.p.c.,7668,folclor urbano con énfasis en hip hop,técnico laboral,nocturna,sin definir,N/A
2668,establecimiento publico del orden municipal instituto popular de cultura i.p.c.,7669,fotografía artìstica,conocimientos académicos,diurna,nocturna,fin de semana
2668,establecimiento publico del orden municipal instituto popular de cultura i.p.c.,7671,gestores de ciudad,conocimientos académicos,diurna,sin definir,N/A
2668,establecimiento publico del orden municipal instituto popular de cultura i.p.c.,7672,interpretación instrumental en músicas tradicionales y populares,conocimientos académicos,diurna,nocturna,N/A
2668,establecimiento publico del orden municipal instituto popular de cultura i.p.c.,7673,músicas tradicionales y populares,conocimientos académicos,diurna,nocturna,fin de semana
2668,establecimiento publico del orden municipal instituto popular de cultura i.p.c.,7674,promoción artistica y cutural,técnico laboral,nocturna,sin definir,N/A
2668,establecimiento publico del orden municipal instituto popular de cultura i.p.c.,7675,teatro abierto,técnico laboral,diurna,nocturna,N/A
2668,establecimiento publico del orden municipal instituto popular de cultura i.p.c.,7676,técnicas artísticas de impresión múltiple,técnico laboral,nocturna,sin definir,N/A
2668,establecimiento publico del orden municipal instituto popular de cultura i.p.c.,7677,técnicas escultóricas,técnico laboral,nocturna,sin definir,N/A
2668,establecimiento publico del orden municipal instituto popular de cultura i.p.c.,7679,video,técnico laboral,nocturna,sin definir,N/A
5201,estudio  de  actores,7423,"tecnico en actuacion cine, television y artes escenicas",técnico laboral,diurna,nocturna,fin de semana
5439,fast english international,42739,conocimientos académicos en ingles nivel a2,conocimientos académicos,diurna,nocturna,fin de semana
5439,fast english international,42740,conocimientos académicos en ingles nivel b2,conocimientos académicos,diurna,nocturna,fin de semana
5439,fast english international,59435,"conocimientos académicos en inglés como lengua  extranjera, nivel a2",conocimientos académicos,diurna,nocturna,fin de semana
5439,fast english international,59436,"conocimientos académicos en inglés como lengua  extranjera, nivel b2",conocimientos académicos,diurna,nocturna,fin de semana
5439,fast english international,7424,"ingles  preintermedio nivel  b1, intermedio nivel b2",conocimientos académicos,diurna,nocturna,fin de semana
5439,fast english international,7425,ingles  principiantes nivel a1 y basico nivel a2,conocimientos académicos,diurna,nocturna,fin de semana
5439,fast english international,7426,ingles preavanzado nivel c1 y avanzado nivel c2,conocimientos académicos,diurna,nocturna,fin de semana
3701,fe y alegria jose maria velaz,7427,auxiliar en la atencion integral a la primera infancia,técnico laboral,nocturna,fin de semana,N/A
3701,fe y alegria jose maria velaz,7428,mecánica automotriz,técnico laboral,diurna,nocturna,fin de semana
3701,fe y alegria jose maria velaz,7429,metalistería y soldadura,técnico laboral,diurna,nocturna,fin de semana
3701,fe y alegria jose maria velaz,7430,soporte sistemas e informática,técnico laboral,diurna,nocturna,fin de semana
7002,federacion nacional de comerciantes fenalco,16889,técnico laboral en auxiliar contable y financiero,técnico laboral,diurna,nocturna,fin de semana
7002,federacion nacional de comerciantes fenalco,16890,técnico laboral en auxiliar de nomina y prestaciones,técnico laboral,diurna,nocturna,fin de semana
7002,federacion nacional de comerciantes fenalco,42249,técnico laboral en auxiliar en informacion y servcio al cliente,técnico laboral,diurna,nocturna,fin de semana
7002,federacion nacional de comerciantes fenalco,16891,técnico laboral en vendedor externo,técnico laboral,diurna,nocturna,fin de semana
10442,formación funpadua,54636,técnico laboral en atencion a la primera infancia,técnico laboral,diurna,nocturna,fin de semana
10442,formación funpadua,54635,técnico laboral en auxiliar administrativo,técnico laboral,diurna,nocturna,fin de semana
3716,fundacion  centro colombiano de estudios profesionales fcecep,7432,asistente de comercio exterior,técnico laboral,diurna,nocturna,fin de semana
3716,fundacion  centro colombiano de estudios profesionales fcecep,7431,auxiliar contable y financiero,técnico laboral,diurna,nocturna,fin de semana
3716,fundacion  centro colombiano de estudios profesionales fcecep,7434,auxiliar en mercadeo,técnico laboral,diurna,nocturna,fin de semana
3716,fundacion  centro colombiano de estudios profesionales fcecep,7435,"idioma inglés: elemental nivel a1, básico nivel a2",conocimientos académicos,diurna,fin de semana,N/A
3716,fundacion  centro colombiano de estudios profesionales fcecep,50933,técnico laboral en auxiliar administrativo,técnico laboral,diurna,nocturna,fin de semana
3716,fundacion  centro colombiano de estudios profesionales fcecep,7433,técnico laboral en auxiliar en almacen y logistica,técnico laboral,diurna,nocturna,fin de semana
3716,fundacion  centro colombiano de estudios profesionales fcecep,50940,técnico laboral en auxiliar en archivistica y gestion documental,técnico laboral,diurna,nocturna,fin de semana
3716,fundacion  centro colombiano de estudios profesionales fcecep,50938,técnico laboral en auxiliar en recursos humanos,técnico laboral,diurna,nocturna,fin de semana
3716,fundacion  centro colombiano de estudios profesionales fcecep,50942,técnico laboral en auxiliar en sistemas informaticos,técnico laboral,diurna,nocturna,fin de semana
6699,fundacion autonoma de occidente fundautonoma sede valle del lili,15520,conocimientos académicos en basico de soldadura,conocimientos académicos,diurna,nocturna,fin de semana
6699,fundacion autonoma de occidente fundautonoma sede valle del lili,15517,conocimientos académicos en basico en mantenimiento de computadores,conocimientos académicos,diurna,nocturna,fin de semana
6699,fundacion autonoma de occidente fundautonoma sede valle del lili,15512,conocimientos académicos en basico en obra negra y acabados en pintura y superficie,conocimientos académicos,diurna,nocturna,fin de semana
6699,fundacion autonoma de occidente fundautonoma sede valle del lili,15511,conocimientos académicos en basico en organizacion de eventos,conocimientos académicos,diurna,nocturna,fin de semana
6699,fundacion autonoma de occidente fundautonoma sede valle del lili,15507,conocimientos académicos en contabilidad basica,conocimientos académicos,diurna,nocturna,fin de semana
6699,fundacion autonoma de occidente fundautonoma sede valle del lili,15513,conocimientos académicos en electricidad basica,conocimientos académicos,diurna,nocturna,fin de semana
6699,fundacion autonoma de occidente fundautonoma sede valle del lili,15509,conocimientos académicos en gastronomia basica,conocimientos académicos,diurna,nocturna,fin de semana
6699,fundacion autonoma de occidente fundautonoma sede valle del lili,15515,conocimientos académicos en informatica basica,conocimientos académicos,diurna,nocturna,fin de semana
6699,fundacion autonoma de occidente fundautonoma sede valle del lili,15516,"conocimientos académicos en manejo basico de bodegas, inventarios y almacenamiento",conocimientos académicos,diurna,nocturna,fin de semana
6699,fundacion autonoma de occidente fundautonoma sede valle del lili,15519,conocimientos académicos en proceso basico de panaderia,conocimientos académicos,diurna,nocturna,fin de semana
6699,fundacion autonoma de occidente fundautonoma sede valle del lili,15522,conocimientos académicos en proceso de servicio de turismo,conocimientos académicos,diurna,nocturna,fin de semana
6699,fundacion autonoma de occidente fundautonoma sede valle del lili,15521,conocimientos académicos en servicio de mesa y bar,conocimientos académicos,diurna,nocturna,fin de semana
6699,fundacion autonoma de occidente fundautonoma sede valle del lili,15518,conocimientos académicos en tecnicas de oficina,conocimientos académicos,diurna,nocturna,fin de semana
6699,fundacion autonoma de occidente fundautonoma sede valle del lili,35612,técnico laboral en asistente administrativo,técnico laboral,diurna,sin definir,N/A
6699,fundacion autonoma de occidente fundautonoma sede valle del lili,35614,técnico laboral en asistente en comercio exterior,técnico laboral,diurna,sin definir,N/A
6699,fundacion autonoma de occidente fundautonoma sede valle del lili,50448,técnico laboral en auxiliar administrativo,técnico laboral,diurna,sin definir,N/A
6699,fundacion autonoma de occidente fundautonoma sede valle del lili,51036,técnico laboral en auxiliar de mercadeo,técnico laboral,diurna,fin de semana,N/A
6699,fundacion autonoma de occidente fundautonoma sede valle del lili,50446,técnico laboral en auxiliar en ejecutante musical,técnico laboral,diurna,sin definir,N/A
6699,fundacion autonoma de occidente fundautonoma sede valle del lili,15498,técnico laboral en cocina,técnico laboral,diurna,nocturna,fin de semana
6699,fundacion autonoma de occidente fundautonoma sede valle del lili,35613,técnico laboral en cocina nacional e internacional,técnico laboral,diurna,sin definir,N/A
6699,fundacion autonoma de occidente fundautonoma sede valle del lili,15505,técnico laboral en operacion de programas turisticos,técnico laboral,diurna,nocturna,fin de semana
6699,fundacion autonoma de occidente fundautonoma sede valle del lili,15500,"técnico laboral en supervisor de personal, manejo y organizacion del area de alojamiento",técnico laboral,diurna,nocturna,fin de semana
6699,fundacion autonoma de occidente fundautonoma sede valle del lili,50447,técnico laboral en trabajadores de vivero,técnico laboral,diurna,sin definir,N/A
3700,fundacion carvajal,7463,auxiliar en la elaboración y preparacion de derivados lácteos,técnico laboral,diurna,nocturna,fin de semana
3700,fundacion carvajal,7461,auxiliar en la elaboración y preparacion de derivados lácteos,técnico laboral,diurna,nocturna,fin de semana
3700,fundacion carvajal,7462,auxiliar en la elaboración y preparacion de derivados lácteos,técnico laboral,diurna,nocturna,fin de semana
3700,fundacion carvajal,31928,conocimientos académicos en formacion integral para empresarios mba ( metodologia basada en acciones empresariales),conocimientos académicos,diurna,nocturna,fin de semana
3700,fundacion carvajal,31916,conocimientos académicos en formacion integral para empresarios mba ( metodologia basada en acciones empresariales),conocimientos académicos,diurna,nocturna,fin de semana
3700,fundacion carvajal,31940,conocimientos académicos en formacion integral para empresarios mba ( metodologia basada en acciones empresariales),conocimientos académicos,diurna,nocturna,fin de semana
3700,fundacion carvajal,31922,conocimientos académicos en formacion integral para empresarios mba ( metodologia basada en acciones empresariales),conocimientos académicos,diurna,nocturna,fin de semana
3700,fundacion carvajal,7436,formacion  integral en estrategias para el uso y la apropiacion de las tecnologías de la  informacion y las comunicaciones (tic),conocimientos académicos,diurna,sin definir,N/A
3700,fundacion carvajal,7443,"formacion pedagogica y didactica  para docentes en la atencion, inclusion y formacion personal de niños niñas y jovenes en extraedad y su nucleo familiar",conocimientos académicos,diurna,sin definir,N/A
3700,fundacion carvajal,7442,"formacion pedagogica y didactica  para docentes en la atencion, inclusion y formacion personal de niños niñas y jovenes en extraedad y su nucleo familiar",conocimientos académicos,diurna,sin definir,N/A
3700,fundacion carvajal,7441,formacion pedagogica y didactica  para docentes en metodologias educativas flexibles,conocimientos académicos,diurna,nocturna,fin de semana
3700,fundacion carvajal,7444,"formacion pedagogica y didactica para docentes en la atencion, inclusion y formacion personal a niños, niñas y jovenes en extraedad y su nucleo familiar",conocimientos académicos,diurna,sin definir,N/A
3700,fundacion carvajal,7439,formación integral en competencias docentes para el desarrollo del lenguajes sociales,conocimientos académicos,diurna,sin definir,N/A
3700,fundacion carvajal,7446,formación integral en estrategias para el uso y aprovacion de las tecnologias  de la informacion y comunicaciones (tic),conocimientos académicos,diurna,sin definir,N/A
3700,fundacion carvajal,7445,formación integral en estrategias para el uso y la apropiacion de las en tecnologías de la información y las comunicaciones (tic),conocimientos académicos,diurna,sin definir,N/A
3700,fundacion carvajal,7447,formación integral en tecnologías de la información y las comunicaciones (tic),conocimientos académicos,diurna,sin definir,N/A
3700,fundacion carvajal,7450,formación integral para auxiliares de panadería,técnico laboral,diurna,nocturna,fin de semana
3700,fundacion carvajal,7448,formación integral para auxiliares de panadería,conocimientos académicos,diurna,fin de semana,N/A
3700,fundacion carvajal,7452,formación integral para auxiliares en carpintería metálica,conocimientos académicos,diurna,fin de semana,N/A
3700,fundacion carvajal,7453,formación integral para auxiliares en carpintería metálica,conocimientos académicos,diurna,fin de semana,N/A
3700,fundacion carvajal,7455,formación integral para auxiliares en carpintería metálica,conocimientos académicos,diurna,fin de semana,N/A
3700,fundacion carvajal,7454,formación integral para auxiliares en carpintería metálica,conocimientos académicos,diurna,fin de semana,N/A
3700,fundacion carvajal,7457,formación integral para auxiliares en corte de carne,conocimientos académicos,diurna,fin de semana,N/A
3700,fundacion carvajal,7456,formación integral para auxiliares en corte de carne,conocimientos académicos,diurna,fin de semana,N/A
3700,fundacion carvajal,7459,formación integral para auxiliares en corte de carne,conocimientos académicos,diurna,fin de semana,N/A
3700,fundacion carvajal,7458,formación integral para auxiliares en corte de carne,conocimientos académicos,diurna,fin de semana,N/A
3700,fundacion carvajal,7460,formación integral para auxiliares en la elaboración de derivados lácteos,conocimientos académicos,diurna,nocturna,fin de semana
3700,fundacion carvajal,7466,formación integral para auxiliares en la elaboración de productos cárnicos,conocimientos académicos,diurna,fin de semana,N/A
3700,fundacion carvajal,7465,formación integral para auxiliares en la elaboración de productos cárnicos,conocimientos académicos,diurna,fin de semana,N/A
3700,fundacion carvajal,7467,formación integral para auxiliares en la elaboración de productos cárnicos,conocimientos académicos,diurna,fin de semana,N/A
3700,fundacion carvajal,7464,formación integral para auxiliares en la elaboración de productos cárnicos,conocimientos académicos,diurna,fin de semana,N/A
3700,fundacion carvajal,7471,formación integral para auxiliares en la elaboración de productos de pastelería,conocimientos académicos,diurna,fin de semana,N/A
3700,fundacion carvajal,7469,formación integral para auxiliares en la elaboración de productos de pastelería,conocimientos académicos,diurna,fin de semana,N/A
3700,fundacion carvajal,7468,formación integral para auxiliares en la elaboración de productos de pastelería,conocimientos académicos,diurna,fin de semana,N/A
3700,fundacion carvajal,7470,formación integral para auxiliares en la elaboración de productos de pastelería,conocimientos académicos,diurna,fin de semana,N/A
3700,fundacion carvajal,7472,"formación integral para auxiliares en la elaboración de productos de verduras, frutas y hortalizas",conocimientos académicos,diurna,fin de semana,N/A
3700,fundacion carvajal,7474,"formación integral para auxiliares en la elaboración de productos de verduras, frutas y hortalizas",conocimientos académicos,diurna,fin de semana,N/A
3700,fundacion carvajal,7473,"formación integral para auxiliares en la elaboración de productos de verduras, frutas y hortalizas",conocimientos académicos,diurna,fin de semana,N/A
3700,fundacion carvajal,7475,"formación integral para auxiliares en la elaboración de productos de verduras, frutas y hortalizas",conocimientos académicos,diurna,fin de semana,N/A
3700,fundacion carvajal,7478,formación integral para el fortalecimiento de micros y pequeñas empresas,conocimientos académicos,diurna,nocturna,fin de semana
3700,fundacion carvajal,7477,formación integral para el fortalecimiento de micros y pequeñas empresas,conocimientos académicos,diurna,fin de semana,N/A
3700,fundacion carvajal,7479,formación integral para el fortalecimiento de micros y pequeñas empresas,conocimientos académicos,diurna,fin de semana,N/A
3700,fundacion carvajal,7476,formación integral para el fortalecimiento de micros y pequeñas empresas,conocimientos académicos,diurna,fin de semana,N/A
3700,fundacion carvajal,7482,formación integral para empresas de economía solidaria,conocimientos académicos,diurna,fin de semana,N/A
3700,fundacion carvajal,7481,formación integral para empresas de economía solidaria,conocimientos académicos,diurna,fin de semana,N/A
3700,fundacion carvajal,7480,formación integral para empresas de economía solidaria,conocimientos académicos,diurna,fin de semana,N/A
3700,fundacion carvajal,7483,formación integral para empresas de economía solidaria,conocimientos académicos,diurna,fin de semana,N/A
3700,fundacion carvajal,7486,formación integral para la busqueda y desempeño de un empleo,conocimientos académicos,diurna,fin de semana,N/A
3700,fundacion carvajal,7484,formación integral para la busqueda y desempeño de un empleo,conocimientos académicos,diurna,fin de semana,N/A
3700,fundacion carvajal,7487,formación integral para la busqueda y desempeño de un empleo,conocimientos académicos,diurna,fin de semana,N/A
3700,fundacion carvajal,7485,formación integral para la busqueda y desempeño de un empleo,conocimientos académicos,diurna,fin de semana,N/A
3700,fundacion carvajal,7489,formación integral para la creación de empresas,conocimientos académicos,diurna,nocturna,fin de semana
3700,fundacion carvajal,7491,formación integral para la creación de empresas,conocimientos académicos,diurna,fin de semana,N/A
3700,fundacion carvajal,7488,formación integral para la creación de empresas,conocimientos académicos,diurna,fin de semana,N/A
3700,fundacion carvajal,7490,formación integral para la creación de empresas,conocimientos académicos,diurna,fin de semana,N/A
3700,fundacion carvajal,7494,formación integral para la cualificación de mano de obra de oficiales de la construcción,conocimientos académicos,diurna,fin de semana,N/A
3700,fundacion carvajal,7495,formación integral para la cualificación de mano de obra de oficiales de la construcción,conocimientos académicos,diurna,fin de semana,N/A
3700,fundacion carvajal,7493,formación integral para la cualificación de mano de obra de oficiales de la construcción,conocimientos académicos,diurna,fin de semana,N/A
3700,fundacion carvajal,7492,formación integral para la cualificación de mano de obra de oficiales de la construcción,conocimientos académicos,diurna,fin de semana,N/A
3700,fundacion carvajal,7497,formación integral para la producción agrícola,técnico laboral,diurna,fin de semana,N/A
3700,fundacion carvajal,7499,formación integral para la producción agrícola,técnico laboral,diurna,fin de semana,N/A
3700,fundacion carvajal,7496,formación integral para la producción agrícola,técnico laboral,diurna,fin de semana,N/A
3700,fundacion carvajal,7498,formación integral para la producción agrícola,técnico laboral,diurna,fin de semana,N/A
3700,fundacion carvajal,7502,formación integral para madres comunitarias y docentes de preescolar,conocimientos académicos,diurna,fin de semana,N/A
3700,fundacion carvajal,7501,formación integral para madres comunitarias y docentes de preescolar,conocimientos académicos,diurna,fin de semana,N/A
3700,fundacion carvajal,7503,formación integral para madres comunitarias y docentes de preescolar,conocimientos académicos,diurna,fin de semana,N/A
3700,fundacion carvajal,7500,formación integral para madres comunitarias y docentes de preescolar,conocimientos académicos,diurna,fin de semana,N/A
3700,fundacion carvajal,7505,formación integral para microestablecimientos de comercio,conocimientos académicos,diurna,fin de semana,N/A
3700,fundacion carvajal,7507,formación integral para microestablecimientos de comercio,conocimientos académicos,diurna,fin de semana,N/A
3700,fundacion carvajal,7504,formación integral para microestablecimientos de comercio,técnico laboral,diurna,fin de semana,N/A
3700,fundacion carvajal,7506,formación integral para microestablecimientos de comercio,conocimientos académicos,diurna,fin de semana,N/A
3700,fundacion carvajal,7511,formación integral y fortalecimiento socioempresarial para prestatarios de servicios turísticos,técnico laboral,diurna,fin de semana,N/A
3700,fundacion carvajal,7510,formación integral y fortalecimiento socioempresarial para prestatarios de servicios turísticos,técnico laboral,diurna,fin de semana,N/A
3700,fundacion carvajal,7508,formación integral y fortalecimiento socioempresarial para prestatarios de servicios turísticos,técnico laboral,diurna,fin de semana,N/A
3700,fundacion carvajal,7509,formación integral y fortalecimiento socioempresarial para prestatarios de servicios turísticos,técnico laboral,diurna,fin de semana,N/A
3700,fundacion carvajal,7440,fortalecimiento de practicas educativas en competencias basicas,conocimientos académicos,diurna,nocturna,fin de semana
3700,fundacion carvajal,7437,fortalecimiento de practicas educativas para el desarrollo de multiples lenguajes sociales,conocimientos académicos,diurna,sin definir,N/A
3700,fundacion carvajal,7438,fortalecimiento de practicas educativas para el desarrollo de multiples lenguajes sociales,conocimientos académicos,diurna,sin definir,N/A
3700,fundacion carvajal,7449,panadero pastelero,técnico laboral,diurna,nocturna,fin de semana
3700,fundacion carvajal,7451,panadero pastelero,técnico laboral,diurna,nocturna,fin de semana
3700,fundacion carvajal,46340,técnico laboral en  auxiliar de archivo y registro,técnico laboral,diurna,nocturna,N/A
3700,fundacion carvajal,31933,técnico laboral en atencion integral a la primera infancia,técnico laboral,diurna,nocturna,fin de semana
3700,fundacion carvajal,31938,técnico laboral en atencion integral a la primera infancia,técnico laboral,diurna,nocturna,fin de semana
3700,fundacion carvajal,45794,técnico laboral en auxilair de archivo y registro,técnico laboral,diurna,nocturna,fin de semana
3700,fundacion carvajal,45795,técnico laboral en auxiliar en archivo registro,técnico laboral,diurna,nocturna,fin de semana
3700,fundacion carvajal,31939,técnico laboral en auxiliar en aseo y limpieza,técnico laboral,diurna,nocturna,fin de semana
3700,fundacion carvajal,31932,técnico laboral en auxiliar en aseo y limpieza,técnico laboral,diurna,nocturna,fin de semana
3700,fundacion carvajal,31918,técnico laboral en auxiliar en aseo y limpieza,técnico laboral,diurna,nocturna,fin de semana
3700,fundacion carvajal,31926,técnico laboral en auxiliar en aseo y limpieza,técnico laboral,diurna,nocturna,fin de semana
3700,fundacion carvajal,31915,técnico laboral en auxiliar en cocina,técnico laboral,diurna,nocturna,fin de semana
3700,fundacion carvajal,31935,técnico laboral en auxiliar en cocina,técnico laboral,diurna,nocturna,fin de semana
3700,fundacion carvajal,31925,técnico laboral en auxiliar en cocina,técnico laboral,diurna,nocturna,fin de semana
3700,fundacion carvajal,31929,técnico laboral en auxiliar en cocinero principal,técnico laboral,diurna,nocturna,fin de semana
3700,fundacion carvajal,31923,técnico laboral en auxiliar en la atencion integral a la primera infancia,técnico laboral,diurna,nocturna,fin de semana
3700,fundacion carvajal,31917,técnico laboral en auxiliar en la atencion integral a la primera infancia,técnico laboral,diurna,nocturna,fin de semana
3700,fundacion carvajal,31921,técnico laboral en auxiliar en mesa y bar,técnico laboral,diurna,nocturna,fin de semana
3700,fundacion carvajal,31914,técnico laboral en auxiliar en mesa y bar,técnico laboral,diurna,nocturna,fin de semana
3700,fundacion carvajal,31936,técnico laboral en auxiliar en mesa y bar,técnico laboral,diurna,nocturna,fin de semana
3700,fundacion carvajal,31930,técnico laboral en auxiliar en mesa y bar,técnico laboral,diurna,nocturna,fin de semana
3700,fundacion carvajal,31931,técnico laboral en auxiliar en servicio al cliente en call center,técnico laboral,diurna,nocturna,fin de semana
3700,fundacion carvajal,31924,técnico laboral en auxiliar en servicio al cliente en call center,técnico laboral,diurna,nocturna,fin de semana
3700,fundacion carvajal,31919,técnico laboral en auxiliar en servicio al cliente en call center,técnico laboral,diurna,nocturna,fin de semana
3700,fundacion carvajal,31934,técnico laboral en auxiliar en servicio al cliente en call center,técnico laboral,diurna,nocturna,fin de semana
3700,fundacion carvajal,31912,técnico laboral en auxiliar en sistemas informaticos,técnico laboral,diurna,nocturna,fin de semana
3700,fundacion carvajal,31937,técnico laboral en auxiliar en sistemas informaticos,técnico laboral,diurna,nocturna,fin de semana
3700,fundacion carvajal,31927,técnico laboral en auxiliar en sistemas informaticos,técnico laboral,diurna,nocturna,fin de semana
3700,fundacion carvajal,31920,técnico laboral en auxiliar en sistemas informaticos,técnico laboral,diurna,nocturna,fin de semana
3700,fundacion carvajal,31913,técnico laboral en panadero pastelero,técnico laboral,diurna,nocturna,fin de semana
6583,fundacion coomeva,15021,técnico laboral en auxiliar administrativo,técnico laboral,diurna,nocturna,N/A
3703,fundacion de estudios  de ingles y sistemas funis,7512,agente ventas - publicidad,técnico laboral,diurna,fin de semana,N/A
3703,fundacion de estudios  de ingles y sistemas funis,7513,asistencia administrativa empresarial,técnico laboral,diurna,fin de semana,N/A
3703,fundacion de estudios  de ingles y sistemas funis,7514,asistencia contable y financiera,técnico laboral,diurna,fin de semana,N/A
3703,fundacion de estudios  de ingles y sistemas funis,7515,"soporte, sistemas e informática",técnico laboral,diurna,fin de semana,N/A
3702,fundacion de talleres especiales funtaes,7516,artes plásticas,conocimientos académicos,diurna,sin definir,N/A
3702,fundacion de talleres especiales funtaes,7517,cerámica,conocimientos académicos,diurna,sin definir,N/A
3702,fundacion de talleres especiales funtaes,7518,ecología y medio ambiente,conocimientos académicos,diurna,sin definir,N/A
3702,fundacion de talleres especiales funtaes,7519,implementos de aseo,conocimientos académicos,diurna,sin definir,N/A
3702,fundacion de talleres especiales funtaes,7520,música y danza,conocimientos académicos,diurna,sin definir,N/A
3702,fundacion de talleres especiales funtaes,7521,procesamiento y manipulación de alimentos,conocimientos académicos,diurna,sin definir,N/A
8931,fundacion educacion para todos fedut,41683,técnico laboral en auxiliar contable,técnico laboral,diurna,sin definir,N/A
8931,fundacion educacion para todos fedut,41684,técnico laboral en auxiliar en mercadeo y ventas,técnico laboral,diurna,sin definir,N/A
9362,fundacion educar para el futuro,46719,técnico laboral en asistencia y soporte de tecnologias de la informacion,técnico laboral,diurna,nocturna,fin de semana
3717,fundacion educativa instituto internacional del deporte y las ciencias aplicadas,7522,"acondicionamiento fisico, terapéutico y reforzamiento muscular",técnico laboral,nocturna,fin de semana,N/A
3717,fundacion educativa instituto internacional del deporte y las ciencias aplicadas,7523,entrenamiento en fútbol,técnico laboral,nocturna,sin definir,N/A
3717,fundacion educativa instituto internacional del deporte y las ciencias aplicadas,7524,"entrenamiento personalizado, fitness, caf y pilates",técnico laboral,nocturna,fin de semana,N/A
3704,fundacion educativa jose angel herrera,7525,asistencia administrativa,técnico laboral,diurna,nocturna,fin de semana
3704,fundacion educativa jose angel herrera,7526,auxiliar de servicios de recreación y deportes,técnico laboral,diurna,nocturna,fin de semana
3704,fundacion educativa jose angel herrera,7527,entrenador deportivo y preparador fisico,técnico laboral,diurna,nocturna,fin de semana
3704,fundacion educativa jose angel herrera,7528,"inglés: elemental nivel a1, básico nivel a2, pre intermedio nivel b1, intermedio nivel b2",conocimientos académicos,diurna,nocturna,fin de semana
3704,fundacion educativa jose angel herrera,7529,instructor artesanias,técnico laboral,diurna,nocturna,fin de semana
3704,fundacion educativa jose angel herrera,7530,sistemas,técnico laboral,diurna,nocturna,fin de semana
3704,fundacion educativa jose angel herrera,7531,supervisor de ventas,técnico laboral,diurna,nocturna,fin de semana
8598,fundacion educativa tecnica colombiana - futec,38688,técnico laboral en auxiliar administrativo,técnico laboral,diurna,nocturna,fin de semana
8598,fundacion educativa tecnica colombiana - futec,41772,técnico laboral en auxiliar administrativo en salud,técnico laboral,diurna,nocturna,fin de semana
8598,fundacion educativa tecnica colombiana - futec,38689,técnico laboral en auxiliar en agente de viajes y turismo,técnico laboral,diurna,nocturna,fin de semana
8598,fundacion educativa tecnica colombiana - futec,41774,técnico laboral en auxiliar en enfermería,técnico laboral,diurna,nocturna,fin de semana
8598,fundacion educativa tecnica colombiana - futec,38687,técnico laboral en auxiliar en investigacion judicial,técnico laboral,diurna,nocturna,fin de semana
8598,fundacion educativa tecnica colombiana - futec,38685,técnico laboral en auxiliar en la atencion integral a la aprimera infancia,técnico laboral,diurna,nocturna,fin de semana
8598,fundacion educativa tecnica colombiana - futec,41773,técnico laboral en auxiliar en salud pública,técnico laboral,diurna,nocturna,fin de semana
8598,fundacion educativa tecnica colombiana - futec,38690,técnico laboral en auxiliar en seguridad ocupacional,técnico laboral,diurna,nocturna,fin de semana
8598,fundacion educativa tecnica colombiana - futec,41775,técnico laboral en auxiliar en servicios farmacéuticos,técnico laboral,diurna,nocturna,fin de semana
8598,fundacion educativa tecnica colombiana - futec,38684,técnico laboral en saneamiento basico,técnico laboral,diurna,nocturna,fin de semana
2692,fundacion escuela taller de arte boteritos,43980,conocimientos académicos en danza en personas con discapacidad,conocimientos académicos,diurna,sin definir,N/A
2692,fundacion escuela taller de arte boteritos,15789,conocimientos académicos en el teatro como expresion creativa del desarrollo humano,conocimientos académicos,diurna,sin definir,N/A
2692,fundacion escuela taller de arte boteritos,15791,conocimientos académicos en la danza como expresion creativa del desarrollo humano,conocimientos académicos,diurna,sin definir,N/A
2692,fundacion escuela taller de arte boteritos,15790,conocimientos académicos en la musica como expresion creativa del desarrollo humano,conocimientos académicos,diurna,sin definir,N/A
2692,fundacion escuela taller de arte boteritos,15792,conocimientos académicos en la pintura como expresion creativa del desarrollo humano,conocimientos académicos,diurna,sin definir,N/A
2692,fundacion escuela taller de arte boteritos,43987,conocimientos académicos en musica en personas  con discapacidad,conocimientos académicos,diurna,sin definir,N/A
2692,fundacion escuela taller de arte boteritos,43988,conocimientos académicos en pintura en personas con discapacidad,conocimientos académicos,diurna,sin definir,N/A
2692,fundacion escuela taller de arte boteritos,43989,conocimientos académicos en teatro en personas discapacidad,conocimientos académicos,diurna,sin definir,N/A
2692,fundacion escuela taller de arte boteritos,62491,técnico laboral en ejecución musical,técnico laboral,diurna,sin definir,N/A
3082,fundacion fes social,7532,asistencia servicios social y comunitario,técnico laboral,diurna,nocturna,fin de semana
3082,fundacion fes social,7533,"auxiliar de banca, seguros y otros servicios financieros para el sector solidario",técnico laboral,diurna,nocturna,fin de semana
3082,fundacion fes social,7534,consultoria social y organizacional,técnico laboral,diurna,nocturna,fin de semana
6612,fundacion jera,15155,conocimientos académicos en actividades de corte y confeccion,conocimientos académicos,diurna,fin de semana,N/A
6612,fundacion jera,15153,conocimientos académicos en estructuras modulares en metalmadera,conocimientos académicos,diurna,fin de semana,N/A
6612,fundacion jera,15154,conocimientos académicos en manejo de tecnicas de construccion con formaletas,conocimientos académicos,diurna,fin de semana,N/A
6612,fundacion jera,15157,conocimientos académicos en tecnicas y actividades de carpinteria,conocimientos académicos,diurna,fin de semana,N/A
6612,fundacion jera,15156,conocimientos académicos en tecnicas y procesos de produccion en metalmecanicos,conocimientos académicos,diurna,fin de semana,N/A
6614,fundacion katanga o.n.g,15158,técnico laboral en formacion musical y tecnicas de construccion de instrumentos musicales flokloricos de percusion,técnico laboral,diurna,nocturna,N/A
3302,fundacion la 14,7536,operaciones de caja y servicios en almacenes de cadena,técnico laboral,diurna,nocturna,N/A
3302,fundacion la 14,7538,asistencia logistica,técnico laboral,diurna,nocturna,N/A
3302,fundacion la 14,7537,manejo tècnico y comercial de frutas y verduras,conocimientos académicos,diurna,nocturna,N/A
3302,fundacion la 14,15097,técnico laboral en  mantenimiento de redes de computadores,técnico laboral,diurna,nocturna,fin de semana
3302,fundacion la 14,15098,técnico laboral en mantenimiento de computadores,técnico laboral,diurna,nocturna,fin de semana
3302,fundacion la 14,7535,ventas de productos y servicios,técnico laboral,diurna,nocturna,N/A
6366,fundacion nacional centro de capacitacion en atencion prehospitalaria funap cc,15701,técnico laboral en auxiliar en enfermería,técnico laboral,diurna,nocturna,fin de semana
6366,fundacion nacional centro de capacitacion en atencion prehospitalaria funap cc,41977,técnico laboral en auxiliar en enfermería,técnico laboral,diurna,nocturna,fin de semana
2708,fundacion nacional de especialistas en rescate y urgencias medicas,7539,auxiliar en enfermería,técnico laboral,diurna,nocturna,N/A
5524,fundacion reiki-centro terapeutico vitalista para el desarrollo humano,7540,manejo de conflictos,conocimientos académicos,diurna,nocturna,N/A
5524,fundacion reiki-centro terapeutico vitalista para el desarrollo humano,7541,nutricion y cocina,conocimientos académicos,diurna,nocturna,N/A
5524,fundacion reiki-centro terapeutico vitalista para el desarrollo humano,7542,produccion en multimedia,conocimientos académicos,diurna,nocturna,N/A
6793,fundacion seminarios caminos para triunfadores,15963,conocimientos académicos en desarrollo humano y emprendimiento,conocimientos académicos,nocturna,fin de semana,N/A
3715,fundacion servicio juvenil,7543,ebanistería,técnico laboral,diurna,sin definir,N/A
3715,fundacion servicio juvenil,7544,instalacion de redes electricas internas,técnico laboral,diurna,sin definir,N/A
3715,fundacion servicio juvenil,7545,mantenimiento de motores diésel y gasolina - gas,técnico laboral,diurna,sin definir,N/A
3715,fundacion servicio juvenil,7546,operario de máquina de confección de ropa exterior,técnico laboral,diurna,sin definir,N/A
3715,fundacion servicio juvenil,7547,panadería y pastelería,técnico laboral,diurna,sin definir,N/A
3715,fundacion servicio juvenil,7548,peluquería,técnico laboral,diurna,sin definir,N/A
3715,fundacion servicio juvenil,7549,soldadura de mantenimiento,técnico laboral,diurna,sin definir,N/A
3662,fundacion social gane,7188,contabilidad básica,conocimientos académicos,diurna,nocturna,fin de semana
3662,fundacion social gane,7189,"gastronomía, cocina",técnico laboral,diurna,nocturna,fin de semana
3662,fundacion social gane,7190,manejo y organización area alojamiento,técnico laboral,diurna,nocturna,fin de semana
3662,fundacion social gane,7191,operación de programas turísticos,técnico laboral,diurna,nocturna,fin de semana
3662,fundacion social gane,7192,promoción servicio de turismo,conocimientos académicos,diurna,nocturna,fin de semana
3662,fundacion social gane,7193,"técnicas básicas culinaria, gastronomía",conocimientos académicos,diurna,nocturna,fin de semana
3662,fundacion social gane,15221,técnico laboral en agente de ventas,técnico laboral,diurna,sin definir,N/A
3662,fundacion social gane,57871,técnico laboral en asesor comercial,técnico laboral,diurna,sin definir,N/A
3662,fundacion social gane,31970,técnico laboral en auxiliar administrativo,técnico laboral,diurna,sin definir,N/A
3662,fundacion social gane,47315,técnico laboral en auxiliar caja,técnico laboral,diurna,sin definir,N/A
3662,fundacion social gane,41273,técnico laboral en promotor en ventas,técnico laboral,fin de semana,sin definir,N/A
8653,fundacion tecnologica autonoma del pacifico,39091,técnico laboral en auxiliar administrativo,técnico laboral,diurna,nocturna,N/A
8653,fundacion tecnologica autonoma del pacifico,45532,técnico laboral en auxiliar administrativo,técnico laboral,diurna,nocturna,fin de semana
8653,fundacion tecnologica autonoma del pacifico,45529,técnico laboral en auxiliar contable y financiero,técnico laboral,diurna,nocturna,fin de semana
8653,fundacion tecnologica autonoma del pacifico,45531,técnico laboral en auxiliar en sistemas informaticos,técnico laboral,diurna,nocturna,fin de semana
8653,fundacion tecnologica autonoma del pacifico,45530,técnico laboral en electricista industrial,técnico laboral,diurna,nocturna,fin de semana
8653,fundacion tecnologica autonoma del pacifico,56853,técnico laboral en recreación y deporte,técnico laboral,diurna,nocturna,fin de semana
10151,fundacion universitaria maria cano,52225,conocimientos académicos en ingles nivel a1,conocimientos académicos,diurna,nocturna,fin de semana
10151,fundacion universitaria maria cano,52226,conocimientos académicos en ingles nivel a2,conocimientos académicos,diurna,nocturna,fin de semana
10151,fundacion universitaria maria cano,52227,conocimientos académicos en ingles nivel b1,conocimientos académicos,diurna,nocturna,fin de semana
10151,fundacion universitaria maria cano,52228,conocimientos académicos en ingles nivel b2,conocimientos académicos,diurna,nocturna,fin de semana
8885,fundacion universitaria seminario teologico bautista internacional,57973,conocimientos académicos en capellania,conocimientos académicos,diurna,nocturna,fin de semana
8885,fundacion universitaria seminario teologico bautista internacional,57971,conocimientos académicos en estudios biblicos y ministeriales,conocimientos académicos,diurna,nocturna,fin de semana
8885,fundacion universitaria seminario teologico bautista internacional,41220,conocimientos académicos en musica  y gospel,conocimientos académicos,diurna,nocturna,fin de semana
10645,fundación escuela iberoamericana de innovación politica innopolítica,57178,"técnico laboral en asistente de mercadeo, ventas y comunicación digital",técnico laboral,diurna,nocturna,N/A
10645,fundación escuela iberoamericana de innovación politica innopolítica,59656,técnico laboral en asistente en trabajo social y servicio comunitario,técnico laboral,diurna,nocturna,N/A
10645,fundación escuela iberoamericana de innovación politica innopolítica,61402,técnico laboral en asistente juridico y de tribunales,técnico laboral,diurna,nocturna,N/A
10645,fundación escuela iberoamericana de innovación politica innopolítica,56696,técnico laboral en auxiliar administrativo y contable,técnico laboral,diurna,nocturna,fin de semana
10645,fundación escuela iberoamericana de innovación politica innopolítica,57181,técnico laboral en soporte de tic y software multiplataforma,técnico laboral,diurna,nocturna,N/A
6993,fundación tecnológica autónoma del pacífico,16888,técnico laboral en auxiliar administrativo,técnico laboral,diurna,nocturna,N/A
9485,g.a integridad actoral,46735,conocimientos académicos en formacion basica actoral integral,conocimientos académicos,diurna,nocturna,fin de semana
11165,grupo formarte,64713,conocimientos académicos en inglés nivel a2,conocimientos académicos,diurna,nocturna,fin de semana
11165,grupo formarte,64712,conocimientos académicos en inglés nivel b1,conocimientos académicos,diurna,nocturna,fin de semana
11165,grupo formarte,64711,conocimientos académicos en inglés nivel b2,conocimientos académicos,diurna,nocturna,fin de semana
11165,grupo formarte,64710,conocimientos académicos en inglés nivel c1,conocimientos académicos,diurna,nocturna,fin de semana
11165,grupo formarte,64709,conocimientos académicos en premédico,conocimientos académicos,diurna,nocturna,fin de semana
11165,grupo formarte,64708,conocimientos académicos en presaber11,conocimientos académicos,diurna,nocturna,fin de semana
11165,grupo formarte,64707,conocimientos académicos en preuniversitario,conocimientos académicos,diurna,nocturna,fin de semana
3793,indearte instituto de arte de cali,7550,agente de publicidad,técnico laboral,diurna,nocturna,N/A
3793,indearte instituto de arte de cali,7551,dibujo arquitectónico,técnico laboral,diurna,nocturna,N/A
3793,indearte instituto de arte de cali,7552,diseño e ilustración de vestuario,técnico laboral,diurna,nocturna,N/A
3793,indearte instituto de arte de cali,7553,diseño gráfico,técnico laboral,diurna,nocturna,N/A
3793,indearte instituto de arte de cali,7554,diseño y decoración de interiores,técnico laboral,diurna,nocturna,N/A
3326,institucion  universitaria  antonio jose camacho-uniajc,7555,electricidad  industrial,técnico laboral,diurna,nocturna,fin de semana
3326,institucion  universitaria  antonio jose camacho-uniajc,7556,inglés preavanzado nivel c1 y avanzado nivel c2,conocimientos académicos,diurna,nocturna,fin de semana
3326,institucion  universitaria  antonio jose camacho-uniajc,7557,"inglés preintermedio nivel b1, intermedio nivel b2",conocimientos académicos,diurna,nocturna,fin de semana
3326,institucion  universitaria  antonio jose camacho-uniajc,7558,inglés principiantes nivel a1 y básico nivel a2,conocimientos académicos,diurna,nocturna,fin de semana
3326,institucion  universitaria  antonio jose camacho-uniajc,7559,mantenimiento de computadores,técnico laboral,diurna,nocturna,fin de semana
3326,institucion  universitaria  antonio jose camacho-uniajc,7560,mantenimiento de redes informaticas,técnico laboral,diurna,nocturna,N/A
3326,institucion  universitaria  antonio jose camacho-uniajc,7561,mecanica de aire acondicionado y refrigeracion,técnico laboral,diurna,nocturna,fin de semana
3326,institucion  universitaria  antonio jose camacho-uniajc,7562,mecánica de refrigeración y aire acondicionado,técnico laboral,diurna,nocturna,fin de semana
3326,institucion  universitaria  antonio jose camacho-uniajc,42838,técnico laboral en auxiliar administrativo,técnico laboral,diurna,nocturna,fin de semana
3326,institucion  universitaria  antonio jose camacho-uniajc,42839,técnico laboral en auxiliar contable,técnico laboral,diurna,nocturna,fin de semana
3326,institucion  universitaria  antonio jose camacho-uniajc,41654,técnico laboral en auxiliar de informacion y servicio al client,técnico laboral,diurna,nocturna,N/A
3326,institucion  universitaria  antonio jose camacho-uniajc,42837,técnico laboral en auxiliar técnico en electrónica,técnico laboral,diurna,nocturna,fin de semana
3326,institucion  universitaria  antonio jose camacho-uniajc,41652,técnico laboral en mercaderista e impulsador,técnico laboral,diurna,nocturna,N/A
3326,institucion  universitaria  antonio jose camacho-uniajc,41653,técnico laboral en ventas no tecnicas,técnico laboral,diurna,nocturna,N/A
2702,institucion educativa alfonso lopez pumarejo,7563,auxiliar administrativo,técnico laboral,diurna,nocturna,N/A
2702,institucion educativa alfonso lopez pumarejo,7564,auxiliar contable,técnico laboral,nocturna,sin definir,N/A
2702,institucion educativa alfonso lopez pumarejo,7565,ebanisteria,técnico laboral,diurna,sin definir,N/A
2702,institucion educativa alfonso lopez pumarejo,7566,electricidad industrial,técnico laboral,diurna,nocturna,N/A
2702,institucion educativa alfonso lopez pumarejo,7567,refrigeración y aire acondicionado,técnico laboral,diurna,nocturna,N/A
2702,institucion educativa alfonso lopez pumarejo,31979,técnico laboral en asistente en atencion integral a la primera infancia,técnico laboral,diurna,nocturna,N/A
2702,institucion educativa alfonso lopez pumarejo,31982,técnico laboral en auxiliar en sistemas informaticos,técnico laboral,diurna,nocturna,N/A
8867,institucion educativa fundaobrera - etdh,41008,técnico laboral en aire acondicinado y refrigeracion,técnico laboral,diurna,nocturna,N/A
8867,institucion educativa fundaobrera - etdh,41009,técnico laboral en auxiliar administrativo,técnico laboral,diurna,nocturna,fin de semana
8867,institucion educativa fundaobrera - etdh,56943,técnico laboral en auxiliar administrativo,técnico laboral,diurna,nocturna,fin de semana
8867,institucion educativa fundaobrera - etdh,55989,técnico laboral en auxiliar de educación para la primera infancia,técnico laboral,diurna,nocturna,fin de semana
8867,institucion educativa fundaobrera - etdh,41010,técnico laboral en electricidad industrial,técnico laboral,diurna,nocturna,fin de semana
11231,institucion universitaria de las culturas y las artes populares - ipc,64699,conocimientos académicos en creación artística para las artes plásticas y visuales,conocimientos académicos,diurna,nocturna,fin de semana
11231,institucion universitaria de las culturas y las artes populares - ipc,64698,conocimientos académicos en creación artística para las artes plásticas y visuales,conocimientos académicos,diurna,nocturna,fin de semana
11231,institucion universitaria de las culturas y las artes populares - ipc,62401,conocimientos académicos en danzas folclóricas colombianas,conocimientos académicos,diurna,nocturna,fin de semana
11231,institucion universitaria de las culturas y las artes populares - ipc,62403,conocimientos académicos en danzas folclóricas colombianas,conocimientos académicos,diurna,nocturna,fin de semana
11231,institucion universitaria de las culturas y las artes populares - ipc,62397,conocimientos académicos en fotografía artística,conocimientos académicos,diurna,nocturna,fin de semana
11231,institucion universitaria de las culturas y las artes populares - ipc,62398,conocimientos académicos en fotografía artística,conocimientos académicos,diurna,nocturna,fin de semana
11231,institucion universitaria de las culturas y las artes populares - ipc,62404,conocimientos académicos en musicas tradicionales y populares,conocimientos académicos,diurna,nocturna,fin de semana
11231,institucion universitaria de las culturas y las artes populares - ipc,62405,conocimientos académicos en musicas tradicionales y populares,conocimientos académicos,diurna,nocturna,fin de semana
11231,institucion universitaria de las culturas y las artes populares - ipc,62400,conocimientos académicos en teatro popular,conocimientos académicos,diurna,nocturna,fin de semana
11231,institucion universitaria de las culturas y las artes populares - ipc,62399,conocimientos académicos en teatro popular,conocimientos académicos,diurna,nocturna,fin de semana
8888,institución de prueba sed,57328,técnico laboral contable y financiero,técnico laboral,diurna,nocturna,N/A
8888,institución de prueba sed,66273,técnico laboral en auxiliar administrativo,técnico laboral,diurna,nocturna,N/A
8888,institución de prueba sed,56916,técnico laboral en auxiliar administrativo,técnico laboral,diurna,nocturna,fin de semana
10653,institución educativa fundación singer,56656,técnico laboral en operario de máquinas para coser y bordar,técnico laboral,diurna,sin definir,N/A
5468,instituto  meyer colombia s.a.,7568,asistente administrativo,técnico laboral,diurna,nocturna,N/A
5468,instituto  meyer colombia s.a.,35622,conocimientos académicos en competencias linguística en ingles nivel b2,conocimientos académicos,diurna,sin definir,N/A
5468,instituto  meyer colombia s.a.,7569,ingles basico a2,conocimientos académicos,diurna,nocturna,N/A
5468,instituto  meyer colombia s.a.,7570,ingles intermedio b2,conocimientos académicos,diurna,nocturna,N/A
5468,instituto  meyer colombia s.a.,7571,ingles preintermedio b1,conocimientos académicos,diurna,nocturna,N/A
5468,instituto  meyer colombia s.a.,7572,ingles principiante a1,conocimientos académicos,diurna,nocturna,N/A
5468,instituto  meyer colombia s.a.,36380,técnico laboral en secretariado bilingue,técnico laboral,diurna,sin definir,N/A
5441,"instituto ""ser  internacional - sede  sur """,7573,auxiliar administrativo,técnico laboral,nocturna,fin de semana,N/A
5441,"instituto ""ser  internacional - sede  sur """,7574,auxiliar contable y financiero,técnico laboral,nocturna,fin de semana,N/A
5441,"instituto ""ser  internacional - sede  sur """,7575,mantenimiento de equipos de computo,técnico laboral,nocturna,fin de semana,N/A
3794,instituto andres bello colombo americano,7576,análisis y programación de sistemas de información,técnico laboral,diurna,nocturna,fin de semana
3794,instituto andres bello colombo americano,7580,asisente en atencion integral a la primera infancia,técnico laboral,diurna,nocturna,fin de semana
3794,instituto andres bello colombo americano,7577,asistencia administrativa,técnico laboral,diurna,nocturna,fin de semana
3794,instituto andres bello colombo americano,7578,auxiliar contable y financiero,técnico laboral,diurna,nocturna,fin de semana
3794,instituto andres bello colombo americano,7579,auxiliar de almacén y bodega,técnico laboral,diurna,nocturna,fin de semana
3794,instituto andres bello colombo americano,7581,auxiliar de diseño grafico,técnico laboral,diurna,nocturna,fin de semana
3794,instituto andres bello colombo americano,7582,electrónica y mantenimiento de equipos,técnico laboral,diurna,nocturna,fin de semana
3794,instituto andres bello colombo americano,7584,mercadeo y ventas,técnico laboral,diurna,nocturna,fin de semana
3794,instituto andres bello colombo americano,7585,secretariado ejecutivo,técnico laboral,diurna,nocturna,fin de semana
3794,instituto andres bello colombo americano,41267,técnico laboral en atencion integral a la primera infancia,técnico laboral,diurna,nocturna,fin de semana
3794,instituto andres bello colombo americano,58895,"técnico laboral en atención integral a la primera infancia,",técnico laboral,diurna,nocturna,fin de semana
3794,instituto andres bello colombo americano,41971,técnico laboral en auxiliar administrativo,técnico laboral,diurna,nocturna,fin de semana
3794,instituto andres bello colombo americano,41268,técnico laboral en auxiliar contable y financiero,técnico laboral,diurna,nocturna,fin de semana
3794,instituto andres bello colombo americano,41270,técnico laboral en auxiliar de almacen y bodega,técnico laboral,diurna,nocturna,fin de semana
3794,instituto andres bello colombo americano,41269,técnico laboral en auxiliar en mercadeo y ventas,técnico laboral,diurna,nocturna,fin de semana
3794,instituto andres bello colombo americano,7583,técnico laboral en auxiliar en sistemas de informacion,técnico laboral,diurna,nocturna,fin de semana
3794,instituto andres bello colombo americano,41972,técnico laboral en auxiliar en sistemas informaticos,técnico laboral,diurna,nocturna,fin de semana
10673,instituto asodisvalle,60479,conocimientos académicos en ingles nivel a1,conocimientos académicos,nocturna,fin de semana,N/A
10673,instituto asodisvalle,60480,conocimientos académicos en ingles nivel a2,conocimientos académicos,nocturna,fin de semana,N/A
10673,instituto asodisvalle,60481,conocimientos académicos en ingles nivel b1,conocimientos académicos,nocturna,fin de semana,N/A
10673,instituto asodisvalle,60482,conocimientos académicos en ingles nivel b2,conocimientos académicos,nocturna,fin de semana,N/A
10673,instituto asodisvalle,65332,técnico laboral en auxiliar en sistemas informáticos,técnico laboral,diurna,nocturna,fin de semana
10673,instituto asodisvalle,60478,técnico laboral en panadero pastelero,técnico laboral,diurna,nocturna,fin de semana
3804,instituto calima,7600,tecnico laboral en auxiliar de oficina,técnico laboral,diurna,nocturna,fin de semana
3804,instituto calima,7601,técnico laboral en auxiliar en diseño grafico,técnico laboral,diurna,nocturna,fin de semana
3804,instituto calima,7602,técnico laboral en mantenimiento de equipos de computo,técnico laboral,diurna,sin definir,N/A
3078,instituto centro de sistemas del valle limitada,7604,técnico laboral en  auxiliar contable y financiero,técnico laboral,diurna,nocturna,fin de semana
3078,instituto centro de sistemas del valle limitada,7608,técnico laboral en asistencia y soporte de tecnologias de la información,técnico laboral,diurna,nocturna,fin de semana
3078,instituto centro de sistemas del valle limitada,7603,técnico laboral en auxiliar administrativo,técnico laboral,diurna,nocturna,fin de semana
3078,instituto centro de sistemas del valle limitada,55998,técnico laboral en auxiliar de información y servicio al cliente,técnico laboral,diurna,nocturna,fin de semana
3078,instituto centro de sistemas del valle limitada,7605,técnico laboral en auxiliar en atención integral a la primera infancia,técnico laboral,diurna,nocturna,fin de semana
3078,instituto centro de sistemas del valle limitada,7606,técnico laboral en auxiliar en diseño gráfico,técnico laboral,diurna,nocturna,fin de semana
3078,instituto centro de sistemas del valle limitada,7609,técnico laboral en representante de ventas y publicidad,técnico laboral,diurna,nocturna,fin de semana
3078,instituto centro de sistemas del valle limitada,7607,técnico laboral en secretariado ejecutivo,técnico laboral,diurna,nocturna,fin de semana
3078,instituto centro de sistemas del valle limitada,56378,técnico laboral en soporte de aplicaciones informaticas,técnico laboral,diurna,nocturna,fin de semana
7003,instituto colombiano de comunicaciones icc s.a.s,16892,técnico laboral en medios - radio y television,técnico laboral,diurna,nocturna,fin de semana
7003,instituto colombiano de comunicaciones icc s.a.s,16894,técnico laboral en modelaje publicitario,técnico laboral,diurna,nocturna,fin de semana
7003,instituto colombiano de comunicaciones icc s.a.s,16893,"técnico laboral en sonido, audio y video",técnico laboral,diurna,nocturna,fin de semana
9985,instituto colombiano de educacion  agroindustrial tecnicaña - inceatec,51043,técnico laboral en operario agricola,técnico laboral,diurna,nocturna,fin de semana
3108,instituto de capacitacion empresarial ince,7610,administración de negocios y comercio,técnico laboral,diurna,nocturna,fin de semana
3108,instituto de capacitacion empresarial ince,7611,asistencia contable y financiera,técnico laboral,diurna,nocturna,fin de semana
3108,instituto de capacitacion empresarial ince,7612,diseño grafico,técnico laboral,diurna,nocturna,fin de semana
3108,instituto de capacitacion empresarial ince,7613,secretariado auxiliar contable,técnico laboral,diurna,nocturna,fin de semana
3108,instituto de capacitacion empresarial ince,7614,secretariado ejecutivo,técnico laboral,diurna,nocturna,fin de semana
3108,instituto de capacitacion empresarial ince,7615,sistemas,técnico laboral,diurna,nocturna,fin de semana
3770,instituto de capacitacion nuestra señora de fatima,7618,auxiliar en servicios farmacéuticos,técnico laboral,diurna,nocturna,fin de semana
3770,instituto de capacitacion nuestra señora de fatima,46720,técnico laboral en auxiliar administrativo en salud,técnico laboral,diurna,nocturna,N/A
3770,instituto de capacitacion nuestra señora de fatima,7616,técnico laboral en auxiliar en enfermería,técnico laboral,diurna,nocturna,fin de semana
3770,instituto de capacitacion nuestra señora de fatima,7617,técnico laboral en auxiliar en salud oral,técnico laboral,diurna,nocturna,fin de semana
7273,instituto de capacitacion nuestra señora de fatima sede norte,18554,técnico laboral en auxiliar en enfermería,técnico laboral,diurna,nocturna,fin de semana
7273,instituto de capacitacion nuestra señora de fatima sede norte,18552,técnico laboral en auxiliar en salud oral,técnico laboral,diurna,nocturna,fin de semana
7273,instituto de capacitacion nuestra señora de fatima sede norte,18553,técnico laboral en auxiliar en servicios farmacéuticos,técnico laboral,diurna,nocturna,fin de semana
6073,instituto de ciencias de la salud san jose,7619,auxiliar en enfermeria,técnico laboral,diurna,nocturna,fin de semana
6073,instituto de ciencias de la salud san jose,47323,técnico laboral en atención integral a la primera infancia,técnico laboral,diurna,nocturna,fin de semana
6073,instituto de ciencias de la salud san jose,47322,técnico laboral en seguridad ocupacional,técnico laboral,diurna,nocturna,fin de semana
3305,instituto de desarrollo empresarial y creatividad ltda idec,7620,artesano en joyeria,técnico laboral,diurna,nocturna,fin de semana
3305,instituto de desarrollo empresarial y creatividad ltda idec,7621,aseador y servicio doméstico,técnico laboral,diurna,nocturna,fin de semana
3305,instituto de desarrollo empresarial y creatividad ltda idec,7622,auxiliar administrativo,técnico laboral,diurna,nocturna,fin de semana
3305,instituto de desarrollo empresarial y creatividad ltda idec,7623,"patronista productos de tela, cuero y piel",técnico laboral,diurna,nocturna,fin de semana
3796,instituto de educacion comfenalco valle,7624,asistencia en ofimática,técnico laboral,diurna,nocturna,fin de semana
3796,instituto de educacion comfenalco valle,7625,auxiliar en enfermería,técnico laboral,diurna,nocturna,fin de semana
3796,instituto de educacion comfenalco valle,15246,conocimientos académicos en adultos ingles nivel b2,conocimientos académicos,diurna,nocturna,fin de semana
3796,instituto de educacion comfenalco valle,42436,conocimientos académicos en ingles a2,conocimientos académicos,diurna,nocturna,fin de semana
3796,instituto de educacion comfenalco valle,15247,conocimientos académicos en ingles jovenes nivel b1,conocimientos académicos,fin de semana,sin definir,N/A
3796,instituto de educacion comfenalco valle,42437,conocimientos académicos en ingles nivel b1,conocimientos académicos,diurna,nocturna,fin de semana
3796,instituto de educacion comfenalco valle,42438,conocimientos académicos en ingles nivel b2,conocimientos académicos,diurna,nocturna,fin de semana
3796,instituto de educacion comfenalco valle,42439,conocimientos académicos en ingles nivel c1,conocimientos académicos,diurna,nocturna,fin de semana
3796,instituto de educacion comfenalco valle,15245,conocimientos académicos en ingles niños nivel a2,conocimientos académicos,fin de semana,sin definir,N/A
3796,instituto de educacion comfenalco valle,63316,conocimientos académicos en inglés nivel a2,conocimientos académicos,diurna,nocturna,fin de semana
3796,instituto de educacion comfenalco valle,63317,conocimientos académicos en inglés nivel b1,conocimientos académicos,diurna,nocturna,fin de semana
3796,instituto de educacion comfenalco valle,63345,conocimientos académicos en inglés nivel b2,conocimientos académicos,diurna,nocturna,fin de semana
3796,instituto de educacion comfenalco valle,63346,conocimientos académicos en inglés nivel c1,conocimientos académicos,diurna,nocturna,fin de semana
3796,instituto de educacion comfenalco valle,7626,cuidado estético de manos y pies,técnico laboral,diurna,nocturna,fin de semana
3796,instituto de educacion comfenalco valle,7627,maquillaje artistico y decorativo,técnico laboral,diurna,nocturna,fin de semana
3796,instituto de educacion comfenalco valle,7628,"servicio de mesa, bar y cocina",técnico laboral,diurna,nocturna,fin de semana
3796,instituto de educacion comfenalco valle,7629,servicios de peluqueria,técnico laboral,diurna,nocturna,fin de semana
3796,instituto de educacion comfenalco valle,20003,técnico laboral en auxiliar administrativo,técnico laboral,diurna,nocturna,fin de semana
3796,instituto de educacion comfenalco valle,41260,técnico laboral en auxiliar de cartera y cobranza,técnico laboral,diurna,nocturna,fin de semana
6747,instituto de educacion laboral,39172,técnico laboral en administrativo,técnico laboral,diurna,nocturna,fin de semana
6747,instituto de educacion laboral,15680,técnico laboral en auxiliar contable y financiero,técnico laboral,diurna,nocturna,fin de semana
3308,instituto de educacion tecnica cafor,7631,asistente administrativo,técnico laboral,diurna,nocturna,fin de semana
3308,instituto de educacion tecnica cafor,7630,asistente contable,técnico laboral,diurna,nocturna,fin de semana
3308,instituto de educacion tecnica cafor,7632,secretariado auxiliar contable,técnico laboral,diurna,nocturna,fin de semana
3308,instituto de educacion tecnica cafor,7633,técnico laboral en auxiliar en sistemas de informacion,técnico laboral,diurna,nocturna,fin de semana
3757,instituto de educacion tecnica cafor sede 2,7636,auxiliar en diseño gráfico,técnico laboral,diurna,nocturna,fin de semana
3757,instituto de educacion tecnica cafor sede 2,7634,asistente contabilidad,técnico laboral,diurna,nocturna,fin de semana
3757,instituto de educacion tecnica cafor sede 2,7640,auxiliar en sistemas informaticos,técnico laboral,diurna,nocturna,fin de semana
3757,instituto de educacion tecnica cafor sede 2,7635,cuidado estètico de manos y pies,técnico laboral,diurna,nocturna,fin de semana
3757,instituto de educacion tecnica cafor sede 2,7638,"mantenimiento de vehiculos automotores a gasolina, gas y diesel",técnico laboral,diurna,nocturna,fin de semana
3757,instituto de educacion tecnica cafor sede 2,7639,peluquería,técnico laboral,diurna,nocturna,fin de semana
3757,instituto de educacion tecnica cafor sede 2,7637,técnico laboral en maquillaje artistico y decorativo,técnico laboral,diurna,nocturna,fin de semana
2698,instituto de estetica europea metodo cem s.a.s -  i`esthetic s.a.s,7641,cosmetologia y estetica integral,técnico laboral,diurna,nocturna,N/A
2698,instituto de estetica europea metodo cem s.a.s -  i`esthetic s.a.s,51791,técnico laboral en cosmetologia y estetica integral,técnico laboral,diurna,nocturna,fin de semana
2698,instituto de estetica europea metodo cem s.a.s -  i`esthetic s.a.s,33884,técnico laboral en cuidado estetico de  manos y pies,técnico laboral,diurna,nocturna,fin de semana
2698,instituto de estetica europea metodo cem s.a.s -  i`esthetic s.a.s,33883,técnico laboral en maquillaje artistico y decorativo,técnico laboral,diurna,nocturna,fin de semana
2698,instituto de estetica europea metodo cem s.a.s -  i`esthetic s.a.s,33882,técnico laboral en peluqueria,técnico laboral,diurna,nocturna,fin de semana
3324,instituto de formacion empresarial para la creatividad e innovacion sas,7767,administración o supervisión de comercio al por menor,técnico laboral,diurna,nocturna,fin de semana
3324,instituto de formacion empresarial para la creatividad e innovacion sas,7768,arte gráfico,técnico laboral,diurna,nocturna,fin de semana
3324,instituto de formacion empresarial para la creatividad e innovacion sas,7769,asistente administrativo,técnico laboral,diurna,nocturna,fin de semana
3324,instituto de formacion empresarial para la creatividad e innovacion sas,7770,asistente contable y financiero,técnico laboral,diurna,nocturna,fin de semana
3324,instituto de formacion empresarial para la creatividad e innovacion sas,7771,asistente de preescolar,técnico laboral,diurna,nocturna,fin de semana
3324,instituto de formacion empresarial para la creatividad e innovacion sas,7772,construcciones civiles,técnico laboral,diurna,nocturna,fin de semana
3324,instituto de formacion empresarial para la creatividad e innovacion sas,7773,electricidad,técnico laboral,diurna,nocturna,fin de semana
3324,instituto de formacion empresarial para la creatividad e innovacion sas,7774,mecánica automotriz,técnico laboral,diurna,nocturna,fin de semana
3324,instituto de formacion empresarial para la creatividad e innovacion sas,7775,sistemas,técnico laboral,diurna,nocturna,fin de semana
3077,instituto de formacion para el trabajo y desarrollo humano san rafael arcangel,7642,asistente veterinaria,técnico laboral,diurna,sin definir,N/A
3077,instituto de formacion para el trabajo y desarrollo humano san rafael arcangel,7643,auxiliar bancario,técnico laboral,diurna,nocturna,fin de semana
9194,instituto de lenguas modernas - start! language institute,43992,conocimientos académicos en frances nivel a1 - a2,conocimientos académicos,diurna,nocturna,N/A
9194,instituto de lenguas modernas - start! language institute,43993,conocimientos académicos en frances nivel b1,conocimientos académicos,diurna,nocturna,N/A
9194,instituto de lenguas modernas - start! language institute,43994,conocimientos académicos en frances nivel b2,conocimientos académicos,diurna,nocturna,N/A
9194,instituto de lenguas modernas - start! language institute,43990,conocimientos académicos en ingles nivel a1 - a2,conocimientos académicos,diurna,nocturna,N/A
9194,instituto de lenguas modernas - start! language institute,43991,conocimientos académicos en ingles nivel b1,conocimientos académicos,diurna,nocturna,N/A
9194,instituto de lenguas modernas - start! language institute,44003,conocimientos académicos en ingles nivel b2,conocimientos académicos,diurna,nocturna,N/A
9194,instituto de lenguas modernas - start! language institute,62716,conocimientos académicos en inglés nivel a2,conocimientos académicos,diurna,nocturna,fin de semana
9194,instituto de lenguas modernas - start! language institute,62717,conocimientos académicos en inglés nivel b1,conocimientos académicos,diurna,nocturna,fin de semana
9194,instituto de lenguas modernas - start! language institute,62718,conocimientos académicos en inglés nivel b2,conocimientos académicos,diurna,nocturna,fin de semana
2667,instituto fuklin,7657,técnico laboral en auxiliar en enfermería,técnico laboral,diurna,nocturna,N/A
2667,instituto fuklin,36929,técnico laboral en auxiliar en sistemas informaticos,técnico laboral,nocturna,fin de semana,N/A
6696,instituto hable ingles,15462,conocimientos académicos en ingles comunicativo nivel b2,conocimientos académicos,diurna,nocturna,fin de semana
5438,instituto internacional de estetica  facial  y corporal esthetic line,7658,cuidado estetico de manos y pies,técnico laboral,diurna,nocturna,fin de semana
5438,instituto internacional de estetica  facial  y corporal esthetic line,35633,técnico laboral en cosmetologia y estetica integral,técnico laboral,diurna,nocturna,fin de semana
10119,instituto la campiña,51996,técnico laboral en auxiliar administrativo,técnico laboral,diurna,nocturna,fin de semana
10119,instituto la campiña,51997,técnico laboral en auxiliar contable y financiero,técnico laboral,diurna,nocturna,fin de semana
10119,instituto la campiña,51999,técnico laboral en auxiliar en animacion de recreacion y deporte,técnico laboral,diurna,nocturna,fin de semana
10119,instituto la campiña,51998,técnico laboral en auxiliar en sistemas informaticos,técnico laboral,diurna,nocturna,fin de semana
2675,instituto laborum,7659,ventas,técnico laboral,diurna,sin definir,N/A
3041,instituto nacional de telecomunicaciones instel,7660,técnico laboral en locucion,técnico laboral,diurna,nocturna,fin de semana
3728,instituto nazareth,7662,salud oral,técnico laboral,diurna,nocturna,fin de semana
3728,instituto nazareth,51052,técnico laboral en agente de transito,técnico laboral,diurna,nocturna,fin de semana
3728,instituto nazareth,51050,técnico laboral en asistente en atencion integral a la primera infancia,técnico laboral,diurna,nocturna,fin de semana
3728,instituto nazareth,51055,técnico laboral en auxiliar administrativo,técnico laboral,diurna,nocturna,fin de semana
3728,instituto nazareth,51054,técnico laboral en auxiliar en diseño grafico,técnico laboral,diurna,nocturna,fin de semana
3728,instituto nazareth,59100,técnico laboral en auxiliar en enfermería,técnico laboral,diurna,nocturna,fin de semana
3728,instituto nazareth,7661,técnico laboral en auxiliar en enfermería,técnico laboral,diurna,nocturna,fin de semana
3728,instituto nazareth,7663,técnico laboral en auxiliar en salud pública,técnico laboral,diurna,nocturna,fin de semana
3728,instituto nazareth,59101,técnico laboral en auxiliar en servicios farmacéuticos,técnico laboral,diurna,nocturna,fin de semana
3728,instituto nazareth,33039,técnico laboral en auxiliar en servicios farmacéuticos,técnico laboral,diurna,nocturna,fin de semana
3728,instituto nazareth,51051,técnico laboral en auxiliar social comunitario,técnico laboral,diurna,nocturna,fin de semana
3728,instituto nazareth,51049,técnico laboral en seguridad ocupacional,técnico laboral,diurna,nocturna,fin de semana
3710,instituto politecnico  de occidente,7873,auxiliar en diseño de modas,técnico laboral,diurna,nocturna,fin de semana
3710,instituto politecnico  de occidente,47505,técnico laboral en asistente en preparación física y entrenamiento deportivo,técnico laboral,diurna,nocturna,fin de semana
3710,instituto politecnico  de occidente,7872,técnico laboral en auxiliar contable y financiero,técnico laboral,diurna,nocturna,fin de semana
3710,instituto politecnico  de occidente,40608,técnico laboral en auxiliar en comercio exterior,técnico laboral,diurna,nocturna,fin de semana
3710,instituto politecnico  de occidente,7874,técnico laboral en auxiliar en diseño gráfico,técnico laboral,diurna,nocturna,fin de semana
3710,instituto politecnico  de occidente,7875,técnico laboral en auxiliar en mercadeo y publicidad,técnico laboral,diurna,nocturna,fin de semana
3710,instituto politecnico  de occidente,7876,técnico laboral en auxiliar en sistemas informáticos,técnico laboral,diurna,nocturna,fin de semana
3710,instituto politecnico  de occidente,40609,técnico laboral en seguridad ocupacional,técnico laboral,diurna,nocturna,fin de semana
6602,instituto san gabriel - fundesia,15125,técnico laboral en auxiliar administrativo,técnico laboral,diurna,nocturna,fin de semana
3321,instituto tecnico colombiano intecol,7681,agente de viajes y turismo,técnico laboral,diurna,nocturna,fin de semana
3321,instituto tecnico colombiano intecol,7683,asistente en la atencion integral a la primera infancia,técnico laboral,diurna,nocturna,fin de semana
3321,instituto tecnico colombiano intecol,54416,"conocimientos académicos en ingles niveles a1, a2, b1, b2, c1,c2",conocimientos académicos,diurna,nocturna,fin de semana
3321,instituto tecnico colombiano intecol,7689,secretariado ejecutivo,técnico laboral,diurna,nocturna,fin de semana
3321,instituto tecnico colombiano intecol,46377,técnico laboral en agente de transito,técnico laboral,diurna,nocturna,fin de semana
3321,instituto tecnico colombiano intecol,64616,técnico laboral en agente de tránsitoy transporte terrestre,técnico laboral,diurna,nocturna,fin de semana
3321,instituto tecnico colombiano intecol,37187,técnico laboral en agente de viajes y turismo,técnico laboral,diurna,nocturna,fin de semana
3321,instituto tecnico colombiano intecol,54414,técnico laboral en asesor de call center y servicio al cliente,técnico laboral,diurna,nocturna,fin de semana
3321,instituto tecnico colombiano intecol,17044,técnico laboral en auxiliar administrativo,técnico laboral,diurna,nocturna,fin de semana
3321,instituto tecnico colombiano intecol,17045,técnico laboral en auxiliar administrativo,técnico laboral,diurna,nocturna,fin de semana
3321,instituto tecnico colombiano intecol,57075,técnico laboral en auxiliar administrativo a distancia,técnico laboral,diurna,sin definir,N/A
3321,instituto tecnico colombiano intecol,57074,técnico laboral en auxiliar administrativo a distancia,técnico laboral,diurna,sin definir,N/A
3321,instituto tecnico colombiano intecol,57073,técnico laboral en auxiliar administrativo a distancia,técnico laboral,diurna,nocturna,N/A
3321,instituto tecnico colombiano intecol,34908,técnico laboral en auxiliar administrativo en salud,técnico laboral,diurna,nocturna,fin de semana
3321,instituto tecnico colombiano intecol,7682,técnico laboral en auxiliar administrativo en salud,técnico laboral,diurna,nocturna,fin de semana
3321,instituto tecnico colombiano intecol,56837,técnico laboral en auxiliar administrativo en salud,técnico laboral,diurna,nocturna,fin de semana
3321,instituto tecnico colombiano intecol,32156,técnico laboral en auxiliar contable  y financiero,técnico laboral,diurna,nocturna,fin de semana
3321,instituto tecnico colombiano intecol,7680,técnico laboral en auxiliar contable y financiero,técnico laboral,diurna,nocturna,fin de semana
3321,instituto tecnico colombiano intecol,32157,técnico laboral en auxiliar en atencion integral a la primera infancia,técnico laboral,diurna,nocturna,fin de semana
3321,instituto tecnico colombiano intecol,7684,técnico laboral en auxiliar en enfermería,técnico laboral,diurna,nocturna,fin de semana
3321,instituto tecnico colombiano intecol,34906,técnico laboral en auxiliar en enfermería,técnico laboral,diurna,nocturna,fin de semana
3321,instituto tecnico colombiano intecol,56834,técnico laboral en auxiliar en enfermería,técnico laboral,diurna,nocturna,fin de semana
3321,instituto tecnico colombiano intecol,7688,técnico laboral en auxiliar en investigacion judicial,técnico laboral,diurna,nocturna,fin de semana
3321,instituto tecnico colombiano intecol,46378,técnico laboral en auxiliar en mercadeo y ventas,técnico laboral,diurna,nocturna,fin de semana
3321,instituto tecnico colombiano intecol,55727,técnico laboral en auxiliar en recuperación fisica,técnico laboral,diurna,nocturna,fin de semana
3321,instituto tecnico colombiano intecol,56288,técnico laboral en auxiliar en salud oral,técnico laboral,diurna,nocturna,fin de semana
3321,instituto tecnico colombiano intecol,34909,técnico laboral en auxiliar en salud oral,técnico laboral,diurna,nocturna,fin de semana
3321,instituto tecnico colombiano intecol,7685,técnico laboral en auxiliar en salud oral,técnico laboral,diurna,nocturna,fin de semana
3321,instituto tecnico colombiano intecol,7686,técnico laboral en auxiliar en salud pública,técnico laboral,diurna,nocturna,N/A
3321,instituto tecnico colombiano intecol,56836,técnico laboral en auxiliar en servicios farmacéuticos,técnico laboral,diurna,nocturna,fin de semana
3321,instituto tecnico colombiano intecol,7687,técnico laboral en auxiliar en servicios farmacéuticos,técnico laboral,diurna,nocturna,fin de semana
3321,instituto tecnico colombiano intecol,34907,técnico laboral en auxiliar en servicios farmacéuticos,técnico laboral,diurna,nocturna,fin de semana
3321,instituto tecnico colombiano intecol,46376,técnico laboral en auxiliar en talento humano,técnico laboral,diurna,nocturna,fin de semana
3321,instituto tecnico colombiano intecol,45544,técnico laboral en auxiliar en talento humano,técnico laboral,diurna,nocturna,fin de semana
3321,instituto tecnico colombiano intecol,47319,técnico laboral en barberia,técnico laboral,diurna,nocturna,fin de semana
3321,instituto tecnico colombiano intecol,32178,técnico laboral en cosmetologia y estetica integral,técnico laboral,diurna,nocturna,fin de semana
3321,instituto tecnico colombiano intecol,64617,técnico laboral en cosmetología y estética integral,técnico laboral,diurna,nocturna,fin de semana
3321,instituto tecnico colombiano intecol,47321,técnico laboral en cuidado estetico de manos y pies,técnico laboral,diurna,nocturna,fin de semana
3321,instituto tecnico colombiano intecol,64615,técnico laboral en estilista integral,técnico laboral,diurna,nocturna,fin de semana
3321,instituto tecnico colombiano intecol,64614,técnico laboral en manicurista de tratamientos cosméticos para manos y pies,técnico laboral,diurna,nocturna,fin de semana
3321,instituto tecnico colombiano intecol,7690,técnico laboral en mantenimiento de equipos de computos e instalaciones de redes,técnico laboral,diurna,nocturna,fin de semana
3321,instituto tecnico colombiano intecol,47318,técnico laboral en maquillador artístico y decorativo,técnico laboral,diurna,nocturna,fin de semana
3321,instituto tecnico colombiano intecol,37188,técnico laboral en mecanica dental,técnico laboral,diurna,nocturna,N/A
3321,instituto tecnico colombiano intecol,47320,técnico laboral en peluqueria y belleza integral,técnico laboral,diurna,nocturna,fin de semana
3321,instituto tecnico colombiano intecol,46756,técnico laboral en seguridad ocupacional,técnico laboral,diurna,nocturna,fin de semana
3321,instituto tecnico colombiano intecol,32159,técnico laboral en seguridad ocupacional,técnico laboral,diurna,nocturna,fin de semana
3321,instituto tecnico colombiano intecol,17041,técnico laboral en seguridad ocupacional,técnico laboral,diurna,nocturna,fin de semana
3321,instituto tecnico colombiano intecol,54415,técnico laboral en servicios hoteleros,técnico laboral,diurna,nocturna,fin de semana
3321,instituto tecnico colombiano intecol,45300,técnico laboral en soporte de sistemas e informatica,técnico laboral,diurna,nocturna,fin de semana
3799,instituto tecnico comercial del norte,7691,auxiliar bancario y de seguros,técnico laboral,nocturna,fin de semana,N/A
3799,instituto tecnico comercial del norte,7693,auxiliar contable,técnico laboral,nocturna,sin definir,N/A
3799,instituto tecnico comercial del norte,7692,auxiliar de cartera y cobranzas,técnico laboral,nocturna,fin de semana,N/A
3799,instituto tecnico comercial del norte,7694,auxiliar de nómina y prestaciones,técnico laboral,nocturna,fin de semana,N/A
3799,instituto tecnico comercial del norte,7695,auxiliar de oficina,técnico laboral,nocturna,fin de semana,N/A
3799,instituto tecnico comercial del norte,7696,cajero de servicios financieros,técnico laboral,diurna,nocturna,fin de semana
3799,instituto tecnico comercial del norte,7697,recepcionista operador de conmutador,técnico laboral,diurna,nocturna,fin de semana
3799,instituto tecnico comercial del norte,7698,secretarios,técnico laboral,diurna,nocturna,fin de semana
3799,instituto tecnico comercial del norte,7699,técnico laboral en auxiliar en sistemas informaticos,técnico laboral,nocturna,fin de semana,N/A
3654,instituto tecnico de apoyo empresarial corpoinsae,7700,agente de viajes y turismo,técnico laboral,nocturna,fin de semana,N/A
3654,instituto tecnico de apoyo empresarial corpoinsae,7701,auxiliar administrativo,técnico laboral,nocturna,fin de semana,N/A
3654,instituto tecnico de apoyo empresarial corpoinsae,7702,auxiliar contable y financiero,técnico laboral,nocturna,fin de semana,N/A
3654,instituto tecnico de apoyo empresarial corpoinsae,7703,reparación y ensamble de computadores,técnico laboral,nocturna,fin de semana,N/A
3654,instituto tecnico de apoyo empresarial corpoinsae,7704,técnico laboral en auxiliar de aduanas,técnico laboral,diurna,nocturna,N/A
3654,instituto tecnico de apoyo empresarial corpoinsae,7705,técnico laboral en operación de artes gráficas,técnico laboral,diurna,nocturna,N/A
3654,instituto tecnico de apoyo empresarial corpoinsae,7706,técnico laboral en promoción de ventas,técnico laboral,diurna,nocturna,N/A
3654,instituto tecnico de apoyo empresarial corpoinsae,7707,técnico laboral en reparación de equipos electrónicos y de redes de telecomunicaciones.,técnico laboral,diurna,nocturna,N/A
3654,instituto tecnico de apoyo empresarial corpoinsae,7708,técnico laboral en secretariado ejecutivo,técnico laboral,diurna,nocturna,N/A
2681,"instituto tecnico de ciencias de la salud santa cecilia ""insaed"" innovacion, salud y educacion",51792,técnico laboral en auxiliar administrativo en salud,técnico laboral,diurna,nocturna,fin de semana
2681,"instituto tecnico de ciencias de la salud santa cecilia ""insaed"" innovacion, salud y educacion",32204,técnico laboral en auxiliar en atencion a la primera infancia,técnico laboral,diurna,fin de semana,N/A
2681,"instituto tecnico de ciencias de la salud santa cecilia ""insaed"" innovacion, salud y educacion",7709,técnico laboral en auxiliar en enfermería,técnico laboral,diurna,fin de semana,N/A
3103,instituto tecnico de el valle,7710,auxiliar en enfermeria,técnico laboral,diurna,fin de semana,N/A
3103,instituto tecnico de el valle,7712,auxiliar en salud oral,técnico laboral,diurna,fin de semana,N/A
3103,instituto tecnico de el valle,7713,cocinero principal,técnico laboral,diurna,fin de semana,N/A
3103,instituto tecnico de el valle,7714,cosmetologia y estetica integral,técnico laboral,diurna,nocturna,fin de semana
3103,instituto tecnico de el valle,7715,guias de turismo y recreacion,técnico laboral,diurna,sin definir,N/A
3103,instituto tecnico de el valle,7711,tecnico laboral en auxiliar en clinica veterinaria,técnico laboral,diurna,sin definir,N/A
3103,instituto tecnico de el valle,17653,técnico laboral en auxiliar administrativo,técnico laboral,diurna,nocturna,N/A
3103,instituto tecnico de el valle,44833,técnico laboral en auxiliar contable,técnico laboral,diurna,nocturna,fin de semana
3103,instituto tecnico de el valle,17666,técnico laboral en trabajador pecuario,técnico laboral,diurna,nocturna,fin de semana
3790,instituto tecnico de exelencia empresarial inteem,7716,auxiliar en preescolar,técnico laboral,diurna,nocturna,fin de semana
3755,instituto tecnico de gestion empresarial itgem sede principal,7734,agente de viajes y turismo,técnico laboral,diurna,nocturna,fin de semana
3755,instituto tecnico de gestion empresarial itgem sede principal,7721,atención y cuidado a las personas en el domicilio,técnico laboral,diurna,nocturna,fin de semana
3755,instituto tecnico de gestion empresarial itgem sede principal,7718,auxiliar administrativa,técnico laboral,diurna,nocturna,fin de semana
3755,instituto tecnico de gestion empresarial itgem sede principal,7717,auxiliar administrativa,técnico laboral,fin de semana,sin definir,N/A
3755,instituto tecnico de gestion empresarial itgem sede principal,7723,auxiliar contable y financiero,técnico laboral,diurna,nocturna,fin de semana
3755,instituto tecnico de gestion empresarial itgem sede principal,7722,auxiliar contable y financiero,técnico laboral,diurna,nocturna,fin de semana
3755,instituto tecnico de gestion empresarial itgem sede principal,7719,auxiliar en atención integral a la primera infancia,técnico laboral,fin de semana,sin definir,N/A
3755,instituto tecnico de gestion empresarial itgem sede principal,7725,criminalística y judicial,técnico laboral,diurna,nocturna,fin de semana
3755,instituto tecnico de gestion empresarial itgem sede principal,7726,criminalística y judicial,técnico laboral,diurna,nocturna,fin de semana
3755,instituto tecnico de gestion empresarial itgem sede principal,7727,"ocupaciones de asistencia en cine, televisión y artes escénicas",técnico laboral,diurna,nocturna,fin de semana
3755,instituto tecnico de gestion empresarial itgem sede principal,7728,promoción saneamiento ambiental,técnico laboral,diurna,nocturna,fin de semana
3755,instituto tecnico de gestion empresarial itgem sede principal,7729,secretariado gerencial,técnico laboral,diurna,nocturna,fin de semana
3755,instituto tecnico de gestion empresarial itgem sede principal,7730,secretariado gerencial,técnico laboral,diurna,nocturna,fin de semana
3755,instituto tecnico de gestion empresarial itgem sede principal,7732,sistemas,técnico laboral,diurna,nocturna,fin de semana
3755,instituto tecnico de gestion empresarial itgem sede principal,7731,sistemas,técnico laboral,diurna,nocturna,fin de semana
3755,instituto tecnico de gestion empresarial itgem sede principal,7733,supervisión personal hotelero y turístico,técnico laboral,diurna,nocturna,fin de semana
3755,instituto tecnico de gestion empresarial itgem sede principal,53031,técnico laboral en agente de viajes y turismo,técnico laboral,diurna,nocturna,fin de semana
3755,instituto tecnico de gestion empresarial itgem sede principal,57179,técnico laboral en auxiliar administrativo,técnico laboral,diurna,nocturna,fin de semana
3755,instituto tecnico de gestion empresarial itgem sede principal,41013,técnico laboral en auxiliar administrativo en salud,técnico laboral,diurna,fin de semana,N/A
3755,instituto tecnico de gestion empresarial itgem sede principal,43296,técnico laboral en auxiliar contable y financiero,técnico laboral,diurna,nocturna,fin de semana
3755,instituto tecnico de gestion empresarial itgem sede principal,61422,técnico laboral en auxiliar contable y financiero,técnico laboral,diurna,nocturna,fin de semana
3755,instituto tecnico de gestion empresarial itgem sede principal,51047,"técnico laboral en auxiliar en animacion, recreacion y deprote",técnico laboral,diurna,nocturna,fin de semana
3755,instituto tecnico de gestion empresarial itgem sede principal,42468,técnico laboral en auxiliar en enfermería,técnico laboral,diurna,nocturna,fin de semana
3755,instituto tecnico de gestion empresarial itgem sede principal,7724,técnico laboral en auxiliar en enfermería,técnico laboral,diurna,nocturna,fin de semana
3755,instituto tecnico de gestion empresarial itgem sede principal,34352,técnico laboral en auxiliar en investigacion judicial,técnico laboral,diurna,nocturna,fin de semana
3755,instituto tecnico de gestion empresarial itgem sede principal,7720,técnico laboral en auxiliar en preescolar,técnico laboral,diurna,nocturna,fin de semana
3755,instituto tecnico de gestion empresarial itgem sede principal,47314,técnico laboral en auxiliar en producción gráfica,técnico laboral,diurna,nocturna,fin de semana
3755,instituto tecnico de gestion empresarial itgem sede principal,41973,técnico laboral en auxiliar en salud pública,técnico laboral,diurna,nocturna,fin de semana
3755,instituto tecnico de gestion empresarial itgem sede principal,34354,técnico laboral en auxiliar en saneamiento basico,técnico laboral,diurna,nocturna,fin de semana
3755,instituto tecnico de gestion empresarial itgem sede principal,34353,técnico laboral en auxiliar en seguridad ocupacional,técnico laboral,diurna,nocturna,fin de semana
3755,instituto tecnico de gestion empresarial itgem sede principal,61423,técnico laboral en auxiliar en sistemas informaticos,técnico laboral,diurna,nocturna,fin de semana
3755,instituto tecnico de gestion empresarial itgem sede principal,43300,técnico laboral en auxiliar en sitemas informaticos,técnico laboral,diurna,nocturna,fin de semana
3755,instituto tecnico de gestion empresarial itgem sede principal,47375,técnico laboral en auxiliar en veterinaria,técnico laboral,diurna,nocturna,fin de semana
3755,instituto tecnico de gestion empresarial itgem sede principal,57180,técnico laboral en investigador criminalistico y judicial,técnico laboral,diurna,nocturna,fin de semana
3755,instituto tecnico de gestion empresarial itgem sede principal,56956,técnico laboral en seguridad ocupacional,técnico laboral,diurna,nocturna,fin de semana
3755,instituto tecnico de gestion empresarial itgem sede principal,7736,ventas técnicas,técnico laboral,diurna,nocturna,fin de semana
3755,instituto tecnico de gestion empresarial itgem sede principal,7735,ventas técnicas,técnico laboral,diurna,nocturna,fin de semana
3679,"instituto tecnico departamental ""inted",7737,asistencia administrativa y de mercadeo,técnico laboral,diurna,nocturna,fin de semana
3679,"instituto tecnico departamental ""inted",7738,asistencia contable y financiera,técnico laboral,diurna,nocturna,fin de semana
3679,"instituto tecnico departamental ""inted",7739,auxiliar de diseño gráfico,técnico laboral,diurna,nocturna,fin de semana
3679,"instituto tecnico departamental ""inted",7740,secretariado general,técnico laboral,diurna,nocturna,fin de semana
3679,"instituto tecnico departamental ""inted",7741,sistemas,técnico laboral,diurna,nocturna,fin de semana
3323,instituto tecnico educando a colombia,7742,analisis y diseño de sistemas de informacion,técnico laboral,diurna,nocturna,N/A
3323,instituto tecnico educando a colombia,7743,asistencia en juzgados tribunales y afines,técnico laboral,nocturna,fin de semana,N/A
3323,instituto tecnico educando a colombia,7744,asistente administrativo,técnico laboral,diurna,nocturna,N/A
3323,instituto tecnico educando a colombia,7745,auxiliar contable y financiero,técnico laboral,diurna,nocturna,N/A
3323,instituto tecnico educando a colombia,7746,auxiliar de enfermeria,técnico laboral,diurna,sin definir,N/A
3323,instituto tecnico educando a colombia,7747,instalacion de redes de computadores,técnico laboral,diurna,nocturna,fin de semana
3323,instituto tecnico educando a colombia,7748,mantenimiento de hardware,técnico laboral,diurna,nocturna,N/A
3323,instituto tecnico educando a colombia,7749,secretariado auxiliar contable,técnico laboral,diurna,nocturna,N/A
3769,instituto tecnico empresarial de occidente,7750,administración de sistemas,técnico laboral,diurna,nocturna,fin de semana
3769,instituto tecnico empresarial de occidente,7751,auxiliar administrativo,técnico laboral,diurna,nocturna,fin de semana
3769,instituto tecnico empresarial de occidente,7752,auxiliar comercio exterior,técnico laboral,diurna,nocturna,fin de semana
3769,instituto tecnico empresarial de occidente,7753,contabilidad y finanzas,técnico laboral,diurna,nocturna,fin de semana
3769,instituto tecnico empresarial de occidente,7754,fabricación industrial,técnico laboral,diurna,nocturna,fin de semana
3795,instituto tecnico escuela americana de negocios,7755,administración de sistemas,técnico laboral,diurna,nocturna,N/A
3795,instituto tecnico escuela americana de negocios,7756,analista contabilidad y finanzas,técnico laboral,diurna,nocturna,N/A
3795,instituto tecnico escuela americana de negocios,7757,auxiliar comercio exterior,técnico laboral,diurna,nocturna,N/A
3795,instituto tecnico escuela americana de negocios,7758,producción industrial,técnico laboral,diurna,nocturna,N/A
3795,instituto tecnico escuela americana de negocios,15563,técnico laboral en auxiliar en atencion  a la primera infancia,técnico laboral,diurna,nocturna,fin de semana
4215,instituto tecnico francisco eladio ramirez,7759,asistente contabilidad,técnico laboral,diurna,fin de semana,N/A
4215,instituto tecnico francisco eladio ramirez,7760,auxiliar sistemas informáticos,técnico laboral,diurna,fin de semana,N/A
4215,instituto tecnico francisco eladio ramirez,7761,electricidad y electrónica,técnico laboral,diurna,nocturna,N/A
4215,instituto tecnico francisco eladio ramirez,7762,instalación de redes internas y domiciliarias,técnico laboral,diurna,fin de semana,N/A
4215,instituto tecnico francisco eladio ramirez,7763,mantenimiento y ensamble de equipos electricos,técnico laboral,diurna,fin de semana,N/A
4215,instituto tecnico francisco eladio ramirez,7764,mercadeo y promoción de ventas,técnico laboral,diurna,fin de semana,N/A
4215,instituto tecnico francisco eladio ramirez,7765,metalmecánica,técnico laboral,diurna,fin de semana,N/A
4215,instituto tecnico francisco eladio ramirez,7766,secretariado general,técnico laboral,diurna,fin de semana,N/A
7445,instituto tecnico franvisa,52011,técnico laboral en auxilair en la atencion integral a la primera infancia,técnico laboral,nocturna,fin de semana,N/A
7445,instituto tecnico franvisa,60780,técnico laboral en auxiliar administrativo,técnico laboral,nocturna,fin de semana,N/A
7445,instituto tecnico franvisa,19926,técnico laboral en auxiliar en atencion integral a la primera infancia,técnico laboral,diurna,fin de semana,N/A
3808,instituto tecnico la riviera,7776,administracion de guarderias,conocimientos académicos,nocturna,fin de semana,N/A
3808,instituto tecnico la riviera,7777,asistente contable y financiero,técnico laboral,nocturna,fin de semana,N/A
3808,instituto tecnico la riviera,7778,contabilidad,conocimientos académicos,nocturna,fin de semana,N/A
3808,instituto tecnico la riviera,7779,mercadeo y ventas,conocimientos académicos,nocturna,fin de semana,N/A
3808,instituto tecnico la riviera,7780,ofimática,conocimientos académicos,nocturna,sin definir,N/A
3808,instituto tecnico la riviera,7781,sistemas,técnico laboral,nocturna,fin de semana,N/A
3800,instituto tecnico laboral antonio maceo itlam,7782,auxiliar administrativo,técnico laboral,diurna,nocturna,N/A
3800,instituto tecnico laboral antonio maceo itlam,7783,auxiliar contable y financiero,técnico laboral,diurna,nocturna,fin de semana
3800,instituto tecnico laboral antonio maceo itlam,7787,chef,técnico laboral,diurna,nocturna,N/A
3800,instituto tecnico laboral antonio maceo itlam,7785,electricidad residencial,técnico laboral,diurna,nocturna,N/A
3800,instituto tecnico laboral antonio maceo itlam,7786,etnoeducación afrocolombiana,conocimientos académicos,diurna,nocturna,N/A
3800,instituto tecnico laboral antonio maceo itlam,7789,instalacion y mantenimiento de redes computacionales,técnico laboral,diurna,nocturna,N/A
3800,instituto tecnico laboral antonio maceo itlam,52553,técnico laboral en  auxiliar de almacén y bodega,técnico laboral,diurna,nocturna,fin de semana
3800,instituto tecnico laboral antonio maceo itlam,52549,técnico laboral en agente de contact center,técnico laboral,diurna,nocturna,fin de semana
3800,instituto tecnico laboral antonio maceo itlam,52548,técnico laboral en agente de contact center,técnico laboral,diurna,nocturna,fin de semana
3800,instituto tecnico laboral antonio maceo itlam,52558,técnico laboral en agente de viajes y turismo,técnico laboral,diurna,nocturna,fin de semana
3800,instituto tecnico laboral antonio maceo itlam,52557,técnico laboral en agente de viajes y turismo,técnico laboral,diurna,nocturna,fin de semana
3800,instituto tecnico laboral antonio maceo itlam,32751,técnico laboral en asistente de mercadeo y ventas,técnico laboral,diurna,nocturna,N/A
3800,instituto tecnico laboral antonio maceo itlam,32527,técnico laboral en asistente de mercadeo y ventas,técnico laboral,diurna,nocturna,N/A
3800,instituto tecnico laboral antonio maceo itlam,7784,técnico laboral en asistente de primera infancia,técnico laboral,diurna,nocturna,fin de semana
3800,instituto tecnico laboral antonio maceo itlam,52541,técnico laboral en asistente de primera infancia,técnico laboral,diurna,nocturna,fin de semana
3800,instituto tecnico laboral antonio maceo itlam,32524,técnico laboral en asistente de recursos humanos,técnico laboral,diurna,nocturna,fin de semana
3800,instituto tecnico laboral antonio maceo itlam,32752,técnico laboral en asistente de recursos humanos,técnico laboral,diurna,nocturna,N/A
3800,instituto tecnico laboral antonio maceo itlam,35647,técnico laboral en asistente en comercio exterior,técnico laboral,diurna,nocturna,N/A
3800,instituto tecnico laboral antonio maceo itlam,32520,técnico laboral en asistente en comercio exterior,técnico laboral,diurna,nocturna,N/A
3800,instituto tecnico laboral antonio maceo itlam,52436,técnico laboral en auxiliar administrativo,técnico laboral,diurna,nocturna,fin de semana
3800,instituto tecnico laboral antonio maceo itlam,52438,técnico laboral en auxiliar contable y financiero,técnico laboral,diurna,nocturna,fin de semana
3800,instituto tecnico laboral antonio maceo itlam,52437,técnico laboral en auxiliar contable y financiero,técnico laboral,diurna,nocturna,fin de semana
3800,instituto tecnico laboral antonio maceo itlam,52554,técnico laboral en auxiliar de almacén y bodega,técnico laboral,diurna,nocturna,fin de semana
3800,instituto tecnico laboral antonio maceo itlam,32517,técnico laboral en auxiliar de archivo y registro,técnico laboral,diurna,nocturna,N/A
3800,instituto tecnico laboral antonio maceo itlam,32753,técnico laboral en auxiliar de archivo y registro,técnico laboral,diurna,nocturna,N/A
3800,instituto tecnico laboral antonio maceo itlam,52534,técnico laboral en auxiliar de comercio exterior,técnico laboral,diurna,nocturna,fin de semana
3800,instituto tecnico laboral antonio maceo itlam,52535,técnico laboral en auxiliar de comercio exterior,técnico laboral,diurna,nocturna,fin de semana
3800,instituto tecnico laboral antonio maceo itlam,61922,técnico laboral en auxiliar de ingeniería de edición multimedial,técnico laboral,diurna,nocturna,fin de semana
3800,instituto tecnico laboral antonio maceo itlam,61929,técnico laboral en auxiliar de ingeniería de edición multimedial,técnico laboral,diurna,nocturna,fin de semana
3800,instituto tecnico laboral antonio maceo itlam,52528,técnico laboral en auxiliar de mercadeo,técnico laboral,diurna,nocturna,fin de semana
3800,instituto tecnico laboral antonio maceo itlam,56957,técnico laboral en auxiliar de mercadeo,técnico laboral,diurna,nocturna,fin de semana
3800,instituto tecnico laboral antonio maceo itlam,56958,técnico laboral en auxiliar de mercadeo,técnico laboral,diurna,nocturna,fin de semana
3800,instituto tecnico laboral antonio maceo itlam,52527,técnico laboral en auxiliar de mercadeo,técnico laboral,diurna,nocturna,fin de semana
3800,instituto tecnico laboral antonio maceo itlam,32525,técnico laboral en auxiliar de nomina y prestaciones sociales,técnico laboral,diurna,nocturna,N/A
3800,instituto tecnico laboral antonio maceo itlam,59015,técnico laboral en auxiliar de recursos humanos,técnico laboral,diurna,nocturna,fin de semana
3800,instituto tecnico laboral antonio maceo itlam,61484,técnico laboral en auxiliar de seguridad en el trabajo,técnico laboral,diurna,nocturna,fin de semana
3800,instituto tecnico laboral antonio maceo itlam,61485,técnico laboral en auxiliar de seguridad en el trabajo,técnico laboral,diurna,nocturna,fin de semana
3800,instituto tecnico laboral antonio maceo itlam,52538,técnico laboral en auxiliar en archivo,técnico laboral,diurna,nocturna,fin de semana
3800,instituto tecnico laboral antonio maceo itlam,52545,técnico laboral en auxiliar en mantenimiento tecnico y soporte,técnico laboral,diurna,nocturna,fin de semana
3800,instituto tecnico laboral antonio maceo itlam,52173,técnico laboral en auxiliar en sistemas informaticos,técnico laboral,diurna,nocturna,fin de semana
3800,instituto tecnico laboral antonio maceo itlam,61931,técnico laboral en bailarín de espectáculos y entretenimiento,técnico laboral,diurna,nocturna,fin de semana
3800,instituto tecnico laboral antonio maceo itlam,61935,técnico laboral en bailarín de espectáculos y entretenimiento,técnico laboral,diurna,nocturna,fin de semana
3800,instituto tecnico laboral antonio maceo itlam,52439,técnico laboral en cocina internacional,técnico laboral,diurna,nocturna,fin de semana
3800,instituto tecnico laboral antonio maceo itlam,52544,técnico laboral en ejecucion musical con instrumentos funcionales,técnico laboral,diurna,nocturna,fin de semana
3800,instituto tecnico laboral antonio maceo itlam,52172,técnico laboral en ejecución musical con instrumentos funcionales,técnico laboral,diurna,nocturna,fin de semana
3800,instituto tecnico laboral antonio maceo itlam,32749,técnico laboral en mantenimiento de equipos electronicos,técnico laboral,diurna,nocturna,N/A
3800,instituto tecnico laboral antonio maceo itlam,32526,técnico laboral en mantenimientos de equipos electronicos,técnico laboral,diurna,nocturna,N/A
3800,instituto tecnico laboral antonio maceo itlam,7788,técnico laboral en mantenimientos de equipos informaticos,técnico laboral,diurna,nocturna,N/A
3800,instituto tecnico laboral antonio maceo itlam,32528,técnico laboral en operacion de reserva y venta de productos turisticos,técnico laboral,diurna,sin definir,N/A
3800,instituto tecnico laboral antonio maceo itlam,32776,técnico laboral en operador logistico,técnico laboral,diurna,nocturna,N/A
3800,instituto tecnico laboral antonio maceo itlam,32529,técnico laboral en operador logistico,técnico laboral,diurna,nocturna,N/A
3800,instituto tecnico laboral antonio maceo itlam,52556,técnico laboral en operario  de confeccion,técnico laboral,diurna,nocturna,fin de semana
3800,instituto tecnico laboral antonio maceo itlam,52170,técnico laboral en operario de confeccion,técnico laboral,diurna,nocturna,fin de semana
3800,instituto tecnico laboral antonio maceo itlam,61937,técnico laboral en programador de sistemas de información,técnico laboral,diurna,nocturna,fin de semana
3800,instituto tecnico laboral antonio maceo itlam,61938,técnico laboral en programador de sistemas de información,técnico laboral,diurna,nocturna,fin de semana
3800,instituto tecnico laboral antonio maceo itlam,41028,técnico laboral en seguridad ocupacional,técnico laboral,diurna,nocturna,fin de semana
3800,instituto tecnico laboral antonio maceo itlam,32522,técnico laboral en telemercadeo en contac center,técnico laboral,diurna,sin definir,N/A
3800,instituto tecnico laboral antonio maceo itlam,32764,técnico laboral en trazo y corte industrial,técnico laboral,diurna,nocturna,N/A
3800,instituto tecnico laboral antonio maceo itlam,32523,técnico laboral en trazo y corte industrial,técnico laboral,diurna,nocturna,N/A
6865,instituto tecnico laboral de electromedicina y salud - megasi,16349,técnico laboral en mecanico de instrumentos de precision,técnico laboral,diurna,sin definir,N/A
4339,instituto tecnico nacional de comercio simon rodriguez,7790,auxiliar administrativo en salud,técnico laboral,diurna,sin definir,N/A
4339,instituto tecnico nacional de comercio simon rodriguez,7791,auxiliar en enfermería,técnico laboral,diurna,sin definir,N/A
4339,instituto tecnico nacional de comercio simon rodriguez,7792,auxiliar en salud oral,técnico laboral,diurna,sin definir,N/A
4339,instituto tecnico nacional de comercio simon rodriguez,7793,auxiliar en salud pública,técnico laboral,diurna,sin definir,N/A
4339,instituto tecnico nacional de comercio simon rodriguez,7794,auxiliar servicios farmacéuticos,técnico laboral,diurna,sin definir,N/A
4339,instituto tecnico nacional de comercio simon rodriguez,65983,técnico laboral en,técnico laboral,diurna,nocturna,fin de semana
4339,instituto tecnico nacional de comercio simon rodriguez,41246,técnico laboral en auxiliar administrativo en salud,técnico laboral,diurna,fin de semana,N/A
4339,instituto tecnico nacional de comercio simon rodriguez,56975,técnico laboral en auxiliar de vesturio y confeccion,técnico laboral,diurna,nocturna,fin de semana
4339,instituto tecnico nacional de comercio simon rodriguez,46689,técnico laboral en auxiliar en educacion a la primera infancia,técnico laboral,diurna,nocturna,fin de semana
4339,instituto tecnico nacional de comercio simon rodriguez,41244,técnico laboral en auxiliar en enfermería,técnico laboral,diurna,fin de semana,N/A
4339,instituto tecnico nacional de comercio simon rodriguez,51796,técnico laboral en auxiliar en recreacion y deporte,técnico laboral,diurna,nocturna,fin de semana
4339,instituto tecnico nacional de comercio simon rodriguez,41241,técnico laboral en auxiliar en salud oral,técnico laboral,diurna,fin de semana,N/A
4339,instituto tecnico nacional de comercio simon rodriguez,41247,técnico laboral en auxiliar en salud pública,técnico laboral,diurna,fin de semana,N/A
4339,instituto tecnico nacional de comercio simon rodriguez,41245,técnico laboral en auxiliar en servicios farmacéuticos,técnico laboral,diurna,fin de semana,N/A
4339,instituto tecnico nacional de comercio simon rodriguez,35651,técnico laboral en transito y transporte,técnico laboral,diurna,nocturna,N/A
3802,instituto tecnico ocupacional ito,7797,asistencia contable y financiera,técnico laboral,diurna,nocturna,fin de semana
3802,instituto tecnico ocupacional ito,7796,asistente administrativo,técnico laboral,diurna,nocturna,fin de semana
3802,instituto tecnico ocupacional ito,7798,asistente contable y financiero,técnico laboral,diurna,nocturna,fin de semana
3802,instituto tecnico ocupacional ito,7799,auxiliar en enfermeria,técnico laboral,diurna,nocturna,fin de semana
3802,instituto tecnico ocupacional ito,7795,auxiliar en mercadeo y ventas,técnico laboral,diurna,nocturna,fin de semana
3802,instituto tecnico ocupacional ito,7800,criminalística y judicial,técnico laboral,diurna,nocturna,fin de semana
3802,instituto tecnico ocupacional ito,7801,gestión ambiental y recursos naturales,técnico laboral,diurna,nocturna,fin de semana
3802,instituto tecnico ocupacional ito,7802,"inglés: elemental nivel a1, básico nivel a2, pre intermedio nivel b1, intermedio nivel b2",conocimientos académicos,diurna,nocturna,fin de semana
3802,instituto tecnico ocupacional ito,7803,seguridad ocupacional,técnico laboral,diurna,nocturna,fin de semana
3802,instituto tecnico ocupacional ito,7804,técnico laboral en auxilia en sistemas informaticos,técnico laboral,diurna,nocturna,fin de semana
3789,instituto tecnico real holandes,7805,asistencia contable y financiera,técnico laboral,nocturna,fin de semana,N/A
3789,instituto tecnico real holandes,7806,auxiliar sistemas informáticos,técnico laboral,nocturna,fin de semana,N/A
3789,instituto tecnico real holandes,7807,mantenimiento electrónico,técnico laboral,nocturna,fin de semana,N/A
3803,instituto tobias emanuel,7812,armado de piezas de joyeria,técnico laboral,diurna,sin definir,N/A
3803,instituto tobias emanuel,7808,artesano en cerámica,técnico laboral,diurna,sin definir,N/A
3803,instituto tobias emanuel,7809,artesanía madera,técnico laboral,diurna,sin definir,N/A
3803,instituto tobias emanuel,7810,auxiliar de aseo,técnico laboral,diurna,sin definir,N/A
3803,instituto tobias emanuel,7813,marroquinería,técnico laboral,diurna,sin definir,N/A
3803,instituto tobias emanuel,17263,técnico laboral en auxiliar administrativo,técnico laboral,diurna,sin definir,N/A
3803,instituto tobias emanuel,17265,técnico laboral en auxiliar de almacen y bodega,técnico laboral,diurna,sin definir,N/A
3803,instituto tobias emanuel,7811,técnico laboral en jardinería y vivero,técnico laboral,diurna,sin definir,N/A
3803,instituto tobias emanuel,7814,técnico laboral en panadero pastelero,técnico laboral,diurna,sin definir,N/A
3803,instituto tobias emanuel,50943,técnico laboral en servicios hoteleros,técnico laboral,diurna,nocturna,fin de semana
5360,interlearn learn english internacional - sede sur,17198,conocimientos académicos en entrenamiento para docentes telf y tkt,conocimientos académicos,diurna,nocturna,fin de semana
5360,interlearn learn english internacional - sede sur,17195,conocimientos académicos en frances conversacional para adolescentes y niños nivel b1,conocimientos académicos,diurna,fin de semana,N/A
5360,interlearn learn english internacional - sede sur,17197,conocimientos académicos en frances conversacional para adultos nivel b2,conocimientos académicos,diurna,fin de semana,N/A
5360,interlearn learn english internacional - sede sur,17196,conocimientos académicos en ingles conversacinal para adolescentes nivel b1,conocimientos académicos,diurna,fin de semana,N/A
5360,interlearn learn english internacional - sede sur,44236,conocimientos académicos en ingles conversacional para adultos c1,conocimientos académicos,diurna,fin de semana,N/A
5360,interlearn learn english internacional - sede sur,17204,conocimientos académicos en ingles conversacional para adultos nivel b2,conocimientos académicos,diurna,fin de semana,N/A
5360,interlearn learn english internacional - sede sur,37310,conocimientos académicos en ingles conversacional para niños nivel a2,conocimientos académicos,diurna,fin de semana,N/A
5360,interlearn learn english internacional - sede sur,7815,entrenamiento para profesores  tefl/tkt,conocimientos académicos,diurna,nocturna,fin de semana
5360,interlearn learn english internacional - sede sur,7816,frances  conversacional para  niños y adolescentes,conocimientos académicos,diurna,nocturna,fin de semana
5360,interlearn learn english internacional - sede sur,7817,frances  convesacional  para  adultos,conocimientos académicos,diurna,nocturna,fin de semana
5360,interlearn learn english internacional - sede sur,7818,ingles conversacional para  adolescentes,conocimientos académicos,diurna,nocturna,fin de semana
5360,interlearn learn english internacional - sede sur,7819,ingles conversacional para adultos,conocimientos académicos,diurna,nocturna,fin de semana
5360,interlearn learn english internacional - sede sur,7820,ingles conversacional para niños,conocimientos académicos,diurna,nocturna,fin de semana
5360,interlearn learn english internacional - sede sur,7821,lingüistica y didactica del  ingles,conocimientos académicos,diurna,nocturna,fin de semana
3329,interlearn learn english internacional ¿ sede norte,38054,conocimientos académicos en entrenamiento para docentes telf y tkt,conocimientos académicos,diurna,fin de semana,N/A
3329,interlearn learn english internacional ¿ sede norte,17203,conocimientos académicos en frances conversacional para adolescentes y niños nivel b1,conocimientos académicos,diurna,fin de semana,N/A
3329,interlearn learn english internacional ¿ sede norte,38053,conocimientos académicos en frances conversacional para adultos nivel b2,conocimientos académicos,diurna,fin de semana,N/A
3329,interlearn learn english internacional ¿ sede norte,17199,conocimientos académicos en ingles conversacinal para niños nivel a2,conocimientos académicos,diurna,fin de semana,N/A
3329,interlearn learn english internacional ¿ sede norte,17200,conocimientos académicos en ingles conversacional para adolescentes nivel b1,conocimientos académicos,diurna,fin de semana,N/A
3329,interlearn learn english internacional ¿ sede norte,44237,conocimientos académicos en ingles conversacional para adultos c1,conocimientos académicos,diurna,fin de semana,N/A
3329,interlearn learn english internacional ¿ sede norte,17201,conocimientos académicos en ingles conversacional para adultos nivel b2,conocimientos académicos,diurna,fin de semana,N/A
3329,interlearn learn english internacional ¿ sede norte,7822,entrenamiento para profesores tefl / tkt,conocimientos académicos,diurna,nocturna,fin de semana
3329,interlearn learn english internacional ¿ sede norte,7823,frances conversacional para adultos,conocimientos académicos,diurna,nocturna,fin de semana
3329,interlearn learn english internacional ¿ sede norte,7824,frances conversacional para niños y adolescentes,conocimientos académicos,diurna,nocturna,fin de semana
3329,interlearn learn english internacional ¿ sede norte,7825,ingles conversacional para adolescentes,conocimientos académicos,diurna,nocturna,fin de semana
3329,interlearn learn english internacional ¿ sede norte,7826,ingles conversacional para adultos,conocimientos académicos,diurna,nocturna,fin de semana
3329,interlearn learn english internacional ¿ sede norte,7827,ingles conversacional para niños,conocimientos académicos,diurna,nocturna,fin de semana
3329,interlearn learn english internacional ¿ sede norte,7828,lingüística y didactica del ingles,conocimientos académicos,diurna,nocturna,fin de semana
7795,international alliance multilingual center,32244,conocimientos académicos en frances nivel b2,conocimientos académicos,diurna,nocturna,N/A
7795,international alliance multilingual center,32245,conocimientos académicos en ingles nivel b2,conocimientos académicos,diurna,nocturna,N/A
7795,international alliance multilingual center,32246,conocimientos académicos en portugues nivel b2,conocimientos académicos,diurna,nocturna,N/A
5444,international alliance of academic services s.a.s,7836,avanzado c2,conocimientos académicos,diurna,nocturna,N/A
5444,international alliance of academic services s.a.s,7837,basico a2,conocimientos académicos,diurna,nocturna,N/A
5444,international alliance of academic services s.a.s,7838,intermedio b2,conocimientos académicos,diurna,nocturna,N/A
5444,international alliance of academic services s.a.s,7839,preavanzado c1,conocimientos académicos,diurna,nocturna,N/A
5444,international alliance of academic services s.a.s,7840,preintermedio b1,conocimientos académicos,diurna,nocturna,N/A
5444,international alliance of academic services s.a.s,7841,principiante a1,conocimientos académicos,diurna,nocturna,fin de semana
3332,ivonne internacional,6964,tecnico laboral en peluquería,técnico laboral,diurna,nocturna,fin de semana
3332,ivonne internacional,6962,tecnico laboral en cuidado estetico mano y pies,técnico laboral,diurna,nocturna,fin de semana
3332,ivonne internacional,6963,tecnico laboral en maquillaje artístico y decorativo,técnico laboral,diurna,nocturna,fin de semana
3332,ivonne internacional,44013,técnico laboral en barberia,técnico laboral,diurna,nocturna,fin de semana
3331,learn english internacionaltequendama,44239,conocimientos académicos en entrenamiento para docentes tefl y tkt,conocimientos académicos,diurna,fin de semana,N/A
3331,learn english internacionaltequendama,17208,conocimientos académicos en frances conversacional para adolescentes y niños nivel b1,conocimientos académicos,diurna,fin de semana,N/A
3331,learn english internacionaltequendama,17209,conocimientos académicos en frances conversacional para adultos nivel b2,conocimientos académicos,diurna,fin de semana,N/A
3331,learn english internacionaltequendama,17206,conocimientos académicos en ingles conversacional para adolescentes nivel b1,conocimientos académicos,diurna,fin de semana,N/A
3331,learn english internacionaltequendama,44238,conocimientos académicos en ingles conversacional para adultos c1,conocimientos académicos,diurna,fin de semana,N/A
3331,learn english internacionaltequendama,17207,conocimientos académicos en ingles conversacional para adultos nivel b2,conocimientos académicos,diurna,fin de semana,N/A
3331,learn english internacionaltequendama,17205,conocimientos académicos en ingles conversacional para niños nivel a2,conocimientos académicos,diurna,fin de semana,N/A
3331,learn english internacionaltequendama,7829,entrenamiento para profesores tefl/tkt,conocimientos académicos,diurna,nocturna,fin de semana
3331,learn english internacionaltequendama,7830,frances  conversacional para adultos,conocimientos académicos,diurna,nocturna,fin de semana
3331,learn english internacionaltequendama,7831,frances  conversacional para niños y adolescentes,conocimientos académicos,diurna,nocturna,fin de semana
3331,learn english internacionaltequendama,7832,ingles conversacional  para adultos,conocimientos académicos,diurna,nocturna,fin de semana
3331,learn english internacionaltequendama,7833,ingles conversacional para adolescentes,conocimientos académicos,diurna,nocturna,fin de semana
3331,learn english internacionaltequendama,7834,ingles conversacional para niños,conocimientos académicos,diurna,nocturna,fin de semana
3331,learn english internacionaltequendama,7835,lingüistica y  didactica  del ingles,conocimientos académicos,diurna,nocturna,fin de semana
10188,learn zf,56657,conocimientos académicos en ingles nivel b2 avanzado,conocimientos académicos,diurna,nocturna,fin de semana
3726,moda e imagen escuela taller de diseño y alta costura,7843,diseño de modas,técnico laboral,diurna,nocturna,N/A
10654,moda e imagen ltda,58168,técnico laboral en auxiliar de diseño de modas,técnico laboral,diurna,nocturna,fin de semana
7511,nestor toro parra y asociados empresa asociativa de trabajo,19997,conocimientos académicos en fundamentos juridicos para profesionales no abogados,conocimientos académicos,nocturna,sin definir,N/A
7511,nestor toro parra y asociados empresa asociativa de trabajo,19996,"conocimientos académicos en impuestos municipales, departamentales y nacionales",conocimientos académicos,nocturna,sin definir,N/A
7511,nestor toro parra y asociados empresa asociativa de trabajo,19961,conocimientos académicos en normas internacionales de contabilidad e informacion financiera nif,conocimientos académicos,nocturna,sin definir,N/A
7511,nestor toro parra y asociados empresa asociativa de trabajo,19960,conocimientos académicos en revisoria fiscal y auditoria,conocimientos académicos,nocturna,sin definir,N/A
7511,nestor toro parra y asociados empresa asociativa de trabajo,32247,técnico laboral en auxiliar en comercio exterior,técnico laboral,diurna,sin definir,N/A
9969,next academy,56707,conocimientos académicos en ingles nivel a1,conocimientos académicos,diurna,nocturna,fin de semana
9969,next academy,56711,conocimientos académicos en ingles nivel a2,conocimientos académicos,diurna,nocturna,fin de semana
9969,next academy,56708,conocimientos académicos en ingles nivel b1,conocimientos académicos,diurna,nocturna,fin de semana
9969,next academy,56710,conocimientos académicos en ingles nivel b2,conocimientos académicos,diurna,nocturna,fin de semana
9969,next academy,56076,técnico laboral en asesor comercial,técnico laboral,diurna,nocturna,fin de semana
9969,next academy,56074,técnico laboral en auxiliar administrativo,técnico laboral,diurna,nocturna,fin de semana
9969,next academy,56072,técnico laboral en auxiliar contable y financiero,técnico laboral,diurna,nocturna,fin de semana
9969,next academy,56077,técnico laboral en auxiliar de educacion para la primera infancia,técnico laboral,diurna,nocturna,fin de semana
2695,origen sistemas,7844,contabilidad sistematizada,conocimientos académicos,diurna,nocturna,fin de semana
2695,origen sistemas,7845,inglés principiantes nivel a1 y básico nivel a2,conocimientos académicos,diurna,nocturna,fin de semana
8887,pkf cabrera internacional,43293,conocimientos académicos en fundamentos juridicos empresarialesc,conocimientos académicos,diurna,nocturna,fin de semana
8887,pkf cabrera internacional,63312,conocimientos académicos en fundamentos jurídicos y tributarios empresariales,conocimientos académicos,diurna,nocturna,fin de semana
9704,politecnico de formacion integral del valle,48631,técnico laboral en atención integral a la primera infancia,técnico laboral,diurna,nocturna,fin de semana
9704,politecnico de formacion integral del valle,48632,técnico laboral en seguridad ocupacional,técnico laboral,diurna,nocturna,fin de semana
3089,politecnico empresarial colombiano - pec sede norte,7849,agente de viajes y turismo,técnico laboral,diurna,nocturna,fin de semana
3089,politecnico empresarial colombiano - pec sede norte,7850,auxiliar administrativo,técnico laboral,diurna,nocturna,fin de semana
3089,politecnico empresarial colombiano - pec sede norte,7852,cocina nacional e internacional,técnico laboral,diurna,nocturna,fin de semana
3089,politecnico empresarial colombiano - pec sede norte,7853,investigación y detectivismo,técnico laboral,diurna,nocturna,fin de semana
3089,politecnico empresarial colombiano - pec sede norte,7854,secretariado gerencial,técnico laboral,diurna,nocturna,fin de semana
3089,politecnico empresarial colombiano - pec sede norte,43970,"técnico laboral en asistente de mercadeo, comunicación y redes sociales",técnico laboral,diurna,nocturna,fin de semana
3089,politecnico empresarial colombiano - pec sede norte,14182,técnico laboral en auxiliar contable y financiero,técnico laboral,diurna,nocturna,fin de semana
3089,politecnico empresarial colombiano - pec sede norte,7851,técnico laboral en auxiliar de educación para la primera infancia,técnico laboral,diurna,nocturna,fin de semana
3089,politecnico empresarial colombiano - pec sede norte,61467,técnico laboral en auxiliar de programador de sistemas informaticos,técnico laboral,diurna,nocturna,fin de semana
3089,politecnico empresarial colombiano - pec sede norte,51389,técnico laboral en auxiliar de seguridad en el trabajo,técnico laboral,diurna,nocturna,fin de semana
3089,politecnico empresarial colombiano - pec sede norte,32248,técnico laboral en auxiliar en comercio exterior,técnico laboral,diurna,nocturna,fin de semana
3089,politecnico empresarial colombiano - pec sede norte,33880,técnico laboral en auxiliar en investigacion judicial,técnico laboral,diurna,nocturna,fin de semana
3089,politecnico empresarial colombiano - pec sede norte,33881,técnico laboral en panaderia y pasteleria,técnico laboral,diurna,nocturna,fin de semana
8352,politecnico empresarial colombiano - pec sur,36815,técnico laboral en agente de viajes y turismo,técnico laboral,diurna,nocturna,fin de semana
8352,politecnico empresarial colombiano - pec sur,43971,"técnico laboral en asistente de mercadeo, comunicación y redes sociales",técnico laboral,diurna,nocturna,fin de semana
8352,politecnico empresarial colombiano - pec sur,36813,técnico laboral en auxiliar administrativo,técnico laboral,diurna,nocturna,fin de semana
8352,politecnico empresarial colombiano - pec sur,36812,técnico laboral en auxiliar contable y financiero,técnico laboral,diurna,nocturna,fin de semana
8352,politecnico empresarial colombiano - pec sur,36816,técnico laboral en auxiliar de educación para la  primera infancia,técnico laboral,diurna,nocturna,fin de semana
8352,politecnico empresarial colombiano - pec sur,61469,técnico laboral en auxiliar de programador de sistemas informaticos,técnico laboral,diurna,nocturna,fin de semana
8352,politecnico empresarial colombiano - pec sur,51360,técnico laboral en auxiliar de seguridad en el trabajo,técnico laboral,diurna,nocturna,fin de semana
8352,politecnico empresarial colombiano - pec sur,36805,técnico laboral en auxiliar en comercio exterior,técnico laboral,diurna,nocturna,fin de semana
8352,politecnico empresarial colombiano - pec sur,36814,técnico laboral en auxiliar en investigaciòn criminalistica y judicial,técnico laboral,diurna,nocturna,fin de semana
8352,politecnico empresarial colombiano - pec sur,36811,técnico laboral en cocina nacional e internacional,técnico laboral,diurna,nocturna,fin de semana
8352,politecnico empresarial colombiano - pec sur,36810,técnico laboral en panaderia y pasteleria,técnico laboral,diurna,nocturna,fin de semana
3761,politecnico francisco de paula santander,7856,diseño de modas,técnico laboral,nocturna,sin definir,N/A
3761,politecnico francisco de paula santander,7857,investigaciòn judicial,técnico laboral,nocturna,sin definir,N/A
3761,politecnico francisco de paula santander,7858,locuciòn y periodismo,técnico laboral,nocturna,sin definir,N/A
3761,politecnico francisco de paula santander,36281,técnico laboral en auxiliar administrativo,técnico laboral,diurna,nocturna,fin de semana
3761,politecnico francisco de paula santander,7855,técnico laboral en auxiliar en atención a la primera infancia,técnico laboral,diurna,nocturna,fin de semana
3761,politecnico francisco de paula santander,39422,técnico laboral en auxiliar en investigacion judicial,técnico laboral,diurna,nocturna,fin de semana
3761,politecnico francisco de paula santander,7859,técnico laboral en auxiliar en sistemas informaticos,técnico laboral,diurna,nocturna,fin de semana
3761,politecnico francisco de paula santander,44009,técnico laboral en cuidado estetico de manos y pies,técnico laboral,diurna,nocturna,fin de semana
3761,politecnico francisco de paula santander,46730,técnico laboral en locucion presentador para radio y television,técnico laboral,diurna,nocturna,fin de semana
3761,politecnico francisco de paula santander,36282,técnico laboral en mecánico de motos,técnico laboral,diurna,nocturna,fin de semana
3761,politecnico francisco de paula santander,41275,técnico laboral en operativo de transito,técnico laboral,diurna,nocturna,fin de semana
3761,politecnico francisco de paula santander,46729,técnico laboral en sastre de confeccion sobre medidas,técnico laboral,diurna,nocturna,fin de semana
3761,politecnico francisco de paula santander,46728,técnico laboral en seguridad ocupacional,técnico laboral,diurna,nocturna,fin de semana
3761,politecnico francisco de paula santander,7860,técnico laboral en transito y transporte,técnico laboral,diurna,nocturna,fin de semana
10647,politecnico internacional de innovación y tecnologia,56633,técnico laboral en  auxiliar en gestion de servicios informaticos,técnico laboral,diurna,nocturna,fin de semana
10647,politecnico internacional de innovación y tecnologia,56631,técnico laboral en informador turístico,técnico laboral,diurna,nocturna,fin de semana
8959,politecnico laboral del pacifico,41953,técnico laboral en auxiliar contable y financiero,técnico laboral,diurna,nocturna,fin de semana
8959,politecnico laboral del pacifico,41951,técnico laboral en secretariado gerencial,técnico laboral,diurna,nocturna,fin de semana
8959,politecnico laboral del pacifico,41952,técnico laboral en sistemas informaticos,técnico laboral,diurna,nocturna,fin de semana
2674,politecnico maria auxiliadora,7087,auxiliar administrativo en salud,técnico laboral,diurna,nocturna,fin de semana
2674,politecnico maria auxiliadora,7089,auxiliar en salud oral,técnico laboral,diurna,nocturna,fin de semana
2674,politecnico maria auxiliadora,56579,técnico laboral en  auxiliar en sistemas informaticos,técnico laboral,diurna,nocturna,N/A
2674,politecnico maria auxiliadora,46741,técnico laboral en agente de viajes y turismo,técnico laboral,diurna,nocturna,fin de semana
2674,politecnico maria auxiliadora,31589,técnico laboral en auxiliar administrativo,técnico laboral,diurna,nocturna,N/A
2674,politecnico maria auxiliadora,58179,técnico laboral en auxiliar administrativo en salud,técnico laboral,diurna,nocturna,fin de semana
2674,politecnico maria auxiliadora,31588,técnico laboral en auxiliar contable y financiero,técnico laboral,diurna,nocturna,fin de semana
2674,politecnico maria auxiliadora,40914,técnico laboral en auxiliar de atencion integral a la primera infancia,técnico laboral,diurna,nocturna,N/A
2674,politecnico maria auxiliadora,7088,técnico laboral en auxiliar en enfermería,técnico laboral,diurna,nocturna,fin de semana
2674,politecnico maria auxiliadora,58181,técnico laboral en auxiliar en enfermería,técnico laboral,diurna,nocturna,fin de semana
2674,politecnico maria auxiliadora,31652,técnico laboral en auxiliar en mercadeo y ventas,técnico laboral,diurna,nocturna,N/A
2674,politecnico maria auxiliadora,58178,técnico laboral en auxiliar en salud oral,técnico laboral,diurna,nocturna,fin de semana
2674,politecnico maria auxiliadora,31650,técnico laboral en auxiliar en servicio al cliente y contac center,técnico laboral,diurna,nocturna,fin de semana
2674,politecnico maria auxiliadora,7090,técnico laboral en auxiliar en servicios farmacéuticos,técnico laboral,diurna,nocturna,fin de semana
2674,politecnico maria auxiliadora,58182,técnico laboral en auxiliar en servicios farmacéuticos,técnico laboral,diurna,nocturna,fin de semana
2674,politecnico maria auxiliadora,40913,técnico laboral en auxiliar en sistemas informaticos,técnico laboral,diurna,nocturna,N/A
2674,politecnico maria auxiliadora,31651,técnico laboral en operador logistico,técnico laboral,diurna,nocturna,N/A
2674,politecnico maria auxiliadora,31649,técnico laboral en seguridad ocupacional,técnico laboral,diurna,nocturna,fin de semana
3081,politecnico metropolitano,7861,asistencia gestión administrativa,técnico laboral,diurna,nocturna,fin de semana
3081,politecnico metropolitano,7862,auxiliar comercio exterior,técnico laboral,diurna,nocturna,fin de semana
3081,politecnico metropolitano,7863,auxiliar contable y financiero,técnico laboral,diurna,nocturna,fin de semana
3081,politecnico metropolitano,7864,auxiliar de diseño de modas,técnico laboral,diurna,nocturna,fin de semana
3081,politecnico metropolitano,7865,auxiliar de preescolar,técnico laboral,diurna,nocturna,fin de semana
3081,politecnico metropolitano,7866,diseño grafico,técnico laboral,diurna,sin definir,N/A
3081,politecnico metropolitano,7867,gestion alojamiento y agencias de turismo,técnico laboral,diurna,nocturna,fin de semana
3081,politecnico metropolitano,7868,mantenimiento de equipos electrónicos y de cómputo,técnico laboral,diurna,nocturna,fin de semana
3081,politecnico metropolitano,7869,secretariado ejecutivo,técnico laboral,diurna,sin definir,N/A
3081,politecnico metropolitano,7870,sistemas,técnico laboral,diurna,nocturna,fin de semana
3081,politecnico metropolitano,7871,técnico judicial,técnico laboral,diurna,sin definir,N/A
6723,politecnico nacional de artes y oficios,41081,"técnico laboral en animacion, recreacin y deportes",técnico laboral,diurna,nocturna,fin de semana
6723,politecnico nacional de artes y oficios,61584,técnico laboral en animación recreación y deportes,técnico laboral,diurna,nocturna,fin de semana
6723,politecnico nacional de artes y oficios,15569,técnico laboral en auxiliar administrativo,técnico laboral,diurna,nocturna,fin de semana
6723,politecnico nacional de artes y oficios,15565,técnico laboral en auxiliar contable y financiero,técnico laboral,diurna,nocturna,fin de semana
6723,politecnico nacional de artes y oficios,61582,técnico laboral en auxiliar de educación para la primera infancia,técnico laboral,diurna,nocturna,fin de semana
6723,politecnico nacional de artes y oficios,15564,técnico laboral en auxiliar en atencion integral a la primera infancia,técnico laboral,diurna,nocturna,fin de semana
6723,politecnico nacional de artes y oficios,41236,técnico laboral en auxiliar en sistemas informaticos,técnico laboral,diurna,fin de semana,N/A
6723,politecnico nacional de artes y oficios,61581,técnico laboral en instalación y mantenimiento de dispositivos con energia solar fotovoltaica,técnico laboral,diurna,nocturna,fin de semana
6723,politecnico nacional de artes y oficios,61583,técnico laboral en programación y soporte de tecnologías de la información,técnico laboral,diurna,nocturna,fin de semana
6723,politecnico nacional de artes y oficios,65180,técnico laboral en programador de soporte y asistencia informática con inteligencia artificial,técnico laboral,diurna,nocturna,fin de semana
6723,politecnico nacional de artes y oficios,15570,técnico laboral en reparacion y ensamble de computadores,técnico laboral,diurna,nocturna,fin de semana
6723,politecnico nacional de artes y oficios,65179,técnico laboral en técnico de mantenimiento y reparación de drones y equipos electrónicos,técnico laboral,diurna,nocturna,fin de semana
9365,politecnico pio sede refugio,51063,técnico laboral en agente de contac center,técnico laboral,diurna,nocturna,fin de semana
9365,politecnico pio sede refugio,51058,técnico laboral en agente de viajes y turismo,técnico laboral,diurna,nocturna,fin de semana
9365,politecnico pio sede refugio,45750,técnico laboral en atencion integral a la primera infancia,técnico laboral,diurna,nocturna,fin de semana
9365,politecnico pio sede refugio,45753,técnico laboral en auxiliar administrativo,técnico laboral,diurna,nocturna,fin de semana
9365,politecnico pio sede refugio,45754,técnico laboral en auxiliar en  contabilidad y finanzas,técnico laboral,diurna,nocturna,fin de semana
9365,politecnico pio sede refugio,61806,técnico laboral en auxiliar en archivo,técnico laboral,diurna,nocturna,fin de semana
9365,politecnico pio sede refugio,45749,técnico laboral en auxiliar en cocina internacional,técnico laboral,diurna,nocturna,fin de semana
9365,politecnico pio sede refugio,45751,técnico laboral en auxiliar en comercio exterior,técnico laboral,diurna,nocturna,fin de semana
9365,politecnico pio sede refugio,45747,técnico laboral en auxiliar en mercadeo y ventas,técnico laboral,diurna,nocturna,fin de semana
9365,politecnico pio sede refugio,45746,técnico laboral en auxiliar en recursos humanos,técnico laboral,diurna,nocturna,fin de semana
9365,politecnico pio sede refugio,61805,técnico laboral en auxiliar en veterinaria,técnico laboral,diurna,nocturna,fin de semana
9365,politecnico pio sede refugio,45745,técnico laboral en auxiliar ne nomina y prestaciones sociales,técnico laboral,diurna,nocturna,fin de semana
9365,politecnico pio sede refugio,51069,técnico laboral en barberia,técnico laboral,diurna,nocturna,fin de semana
9365,politecnico pio sede refugio,51066,técnico laboral en bartender,técnico laboral,diurna,nocturna,fin de semana
9365,politecnico pio sede refugio,61404,técnico laboral en cocina tradicional,técnico laboral,diurna,nocturna,fin de semana
9365,politecnico pio sede refugio,51070,técnico laboral en manicurista  pedicurista,técnico laboral,diurna,nocturna,fin de semana
9365,politecnico pio sede refugio,51061,técnico laboral en meseros y capitan de meseros,técnico laboral,diurna,nocturna,fin de semana
9365,politecnico pio sede refugio,51059,técnico laboral en panadero  pastelero,técnico laboral,diurna,nocturna,fin de semana
9365,politecnico pio sede refugio,51068,técnico laboral en peluqueeo estilista,técnico laboral,diurna,nocturna,fin de semana
9365,politecnico pio sede refugio,51067,técnico laboral en y gestion de empresas,técnico laboral,diurna,nocturna,fin de semana
8407,politecnico pio sede versalles,49114,conocimientos académicos en entrenador en baile de salsa,conocimientos académicos,diurna,nocturna,fin de semana
8407,politecnico pio sede versalles,55138,conocimientos académicos en español nivel a1,conocimientos académicos,diurna,nocturna,fin de semana
8407,politecnico pio sede versalles,57046,conocimientos académicos en español nivel a2,conocimientos académicos,diurna,nocturna,fin de semana
8407,politecnico pio sede versalles,55139,conocimientos académicos en español nivel b1,conocimientos académicos,diurna,nocturna,fin de semana
8407,politecnico pio sede versalles,49117,conocimientos académicos en español nivel b2,conocimientos académicos,diurna,nocturna,fin de semana
8407,politecnico pio sede versalles,57041,conocimientos académicos en ingles b1,conocimientos académicos,diurna,nocturna,fin de semana
8407,politecnico pio sede versalles,55135,conocimientos académicos en ingles nivel a1,conocimientos académicos,diurna,nocturna,fin de semana
8407,politecnico pio sede versalles,55137,conocimientos académicos en ingles nivel a2,conocimientos académicos,diurna,nocturna,fin de semana
8407,politecnico pio sede versalles,49116,conocimientos académicos en ingles nivel b2,conocimientos académicos,diurna,nocturna,fin de semana
8407,politecnico pio sede versalles,49119,técnico laboral en actividad fisica y deporte,técnico laboral,diurna,nocturna,fin de semana
8407,politecnico pio sede versalles,49118,técnico laboral en agente de viajes y turismo,técnico laboral,diurna,nocturna,fin de semana
8407,politecnico pio sede versalles,60679,técnico laboral en asistente en programación de software,técnico laboral,diurna,nocturna,fin de semana
8407,politecnico pio sede versalles,37450,técnico laboral en auxiliar administrativo,técnico laboral,diurna,nocturna,fin de semana
8407,politecnico pio sede versalles,40714,técnico laboral en auxiliar administrativo en salud,técnico laboral,diurna,nocturna,fin de semana
8407,politecnico pio sede versalles,64794,técnico laboral en auxiliar administrativo en salud,técnico laboral,diurna,nocturna,fin de semana
8407,politecnico pio sede versalles,37449,técnico laboral en auxiliar contable,técnico laboral,diurna,nocturna,fin de semana
8407,politecnico pio sede versalles,45303,técnico laboral en auxiliar de archivo,técnico laboral,diurna,nocturna,fin de semana
8407,politecnico pio sede versalles,37525,técnico laboral en auxiliar de talento humano,técnico laboral,diurna,nocturna,fin de semana
8407,politecnico pio sede versalles,60483,técnico laboral en auxiliar en enfermería,técnico laboral,diurna,fin de semana,N/A
8407,politecnico pio sede versalles,40715,técnico laboral en auxiliar en enfermería,técnico laboral,diurna,fin de semana,N/A
8407,politecnico pio sede versalles,44258,técnico laboral en auxiliar en mercadeo y ventas,técnico laboral,diurna,nocturna,fin de semana
8407,politecnico pio sede versalles,56870,técnico laboral en auxiliar en seguridad ocupacional,técnico laboral,diurna,nocturna,fin de semana
8407,politecnico pio sede versalles,55140,técnico laboral en auxiliar en seguridad ocupacional,técnico laboral,diurna,nocturna,fin de semana
8407,politecnico pio sede versalles,56869,técnico laboral en auxiliar en servicio al cliente y call center,técnico laboral,diurna,nocturna,fin de semana
8407,politecnico pio sede versalles,40716,técnico laboral en auxiliar en servicios farmacéuticos,técnico laboral,diurna,nocturna,fin de semana
8407,politecnico pio sede versalles,60484,técnico laboral en auxiliar en servicios farmacéuticos,técnico laboral,diurna,fin de semana,N/A
8407,politecnico pio sede versalles,49115,técnico laboral en auxiliar en servicios hoteleros,técnico laboral,diurna,nocturna,fin de semana
8407,politecnico pio sede versalles,61767,técnico laboral en auxiliar en veterinaria,técnico laboral,diurna,nocturna,fin de semana
8407,politecnico pio sede versalles,45304,técnico laboral en auxiliar en veterinaria,técnico laboral,diurna,nocturna,fin de semana
8407,politecnico pio sede versalles,46757,técnico laboral en cocina internacional,técnico laboral,diurna,nocturna,fin de semana
8407,politecnico pio sede versalles,46759,técnico laboral en matenimiento de equipos biomedicos,técnico laboral,diurna,nocturna,fin de semana
8407,politecnico pio sede versalles,46758,técnico laboral en panaderia y reposteria,técnico laboral,diurna,nocturna,fin de semana
2659,politecnico timdo,7647,auxiliar administrativo,técnico laboral,diurna,nocturna,N/A
2659,politecnico timdo,7649,auxiliar de enfermeria,técnico laboral,diurna,nocturna,fin de semana
2659,politecnico timdo,7650,auxiliar en administracion en salud,técnico laboral,diurna,nocturna,fin de semana
2659,politecnico timdo,7651,auxiliar en comercio exterior,técnico laboral,diurna,nocturna,fin de semana
2659,politecnico timdo,7653,auxiliar en salud oral,técnico laboral,diurna,nocturna,fin de semana
2659,politecnico timdo,7654,auxiliar en servicios farmacéuticos,técnico laboral,diurna,nocturna,fin de semana
2659,politecnico timdo,7655,fabricación industrial,técnico laboral,diurna,nocturna,fin de semana
2659,politecnico timdo,7645,tecnico laboral en agente de viajes y turismo,técnico laboral,diurna,nocturna,fin de semana
2659,politecnico timdo,7648,tecnico laboral en auxiliar contable,técnico laboral,diurna,nocturna,fin de semana
2659,politecnico timdo,7644,técnico laboral en auxiliar de sistemas informaticos,técnico laboral,diurna,nocturna,fin de semana
2659,politecnico timdo,7646,técnico laboral en auxiliar en educacion para la primera infancia,técnico laboral,diurna,nocturna,fin de semana
2659,politecnico timdo,56807,técnico laboral en auxiliar en enfermería,técnico laboral,diurna,nocturna,fin de semana
2659,politecnico timdo,56808,técnico laboral en auxiliar en salud oral,técnico laboral,diurna,nocturna,fin de semana
2659,politecnico timdo,39120,técnico laboral en cuidado estetico de manos y pies,técnico laboral,diurna,nocturna,fin de semana
2659,politecnico timdo,39121,técnico laboral en maquillaje artistico y decorativo,técnico laboral,diurna,nocturna,fin de semana
2659,politecnico timdo,7652,técnico laboral en mecanica dental,técnico laboral,diurna,nocturna,fin de semana
2659,politecnico timdo,32154,técnico laboral en mercadeo y ventas,técnico laboral,diurna,nocturna,fin de semana
2659,politecnico timdo,7656,técnico laboral en ortesis y protesis,técnico laboral,diurna,nocturna,fin de semana
2659,politecnico timdo,39119,técnico laboral en peluqueria,técnico laboral,diurna,nocturna,fin de semana
2659,politecnico timdo,32516,técnico laboral en seguridad ocupacional,técnico laboral,diurna,nocturna,fin de semana
3732,politécnico sabi,7877,auxiliar de servicios farmacéuticos,técnico laboral,diurna,fin de semana,N/A
3732,politécnico sabi,7878,auxiliar en enfermería,técnico laboral,diurna,nocturna,fin de semana
3732,politécnico sabi,58481,técnico laboral en auxiliar en servicios farmacéuticos,técnico laboral,diurna,sin definir,N/A
7001,pontificia universidad javeriana,20056,conocimientos académicos en excelencia en insolvencia,conocimientos académicos,diurna,fin de semana,N/A
7001,pontificia universidad javeriana,16887,conocimientos académicos en excelencia formacin en insolvencia,conocimientos académicos,diurna,fin de semana,N/A
7001,pontificia universidad javeriana,45292,conocimientos académicos en ingles nivel a1,conocimientos académicos,diurna,nocturna,fin de semana
7001,pontificia universidad javeriana,45293,conocimientos académicos en ingles nivel a2,conocimientos académicos,diurna,nocturna,fin de semana
7001,pontificia universidad javeriana,45291,conocimientos académicos en ingles nivel b1,conocimientos académicos,diurna,nocturna,fin de semana
7001,pontificia universidad javeriana,44834,conocimientos académicos en ingles nivel b2,conocimientos académicos,diurna,nocturna,fin de semana
7808,setravial,32302,curso de formación de conductores categoría a1,capacitación en conducción,diurna,nocturna,fin de semana
7808,setravial,54378,curso de formación de conductores categoría a2,capacitación en conducción,diurna,nocturna,fin de semana
7808,setravial,32305,curso de formación de conductores categoría a2,capacitación en conducción,diurna,nocturna,fin de semana
7808,setravial,32306,curso de formación de conductores categoría b1,capacitación en conducción,diurna,nocturna,fin de semana
7808,setravial,54380,curso de formación de conductores categoría b1,capacitación en conducción,diurna,nocturna,fin de semana
7808,setravial,32303,curso de formación de conductores categoría c1,capacitación en conducción,diurna,nocturna,fin de semana
7808,setravial,54379,curso de formación de conductores categoría c1,capacitación en conducción,diurna,nocturna,fin de semana
5421,skool centro educativo,7883,conocimientos académicos en ingles nivel a2,conocimientos académicos,diurna,nocturna,fin de semana
5421,skool centro educativo,41225,conocimientos académicos en ingles nivel a2,conocimientos académicos,diurna,nocturna,fin de semana
5421,skool centro educativo,7884,conocimientos académicos en ingles nivel b2,conocimientos académicos,diurna,nocturna,fin de semana
5421,skool centro educativo,41226,conocimientos académicos en ingles nivel b2,conocimientos académicos,diurna,nocturna,fin de semana
5421,skool centro educativo,41227,técnico laboral en agente de viajes y turismo,técnico laboral,diurna,nocturna,fin de semana
5421,skool centro educativo,41228,técnico laboral en informacion y servicio al cliente,técnico laboral,diurna,nocturna,fin de semana
10204,sobre ruedas ea,56590,curso de formación de conductores categoría a2,capacitación en conducción,diurna,nocturna,fin de semana
10204,sobre ruedas ea,56588,curso de formación de conductores categoría b1,capacitación en conducción,diurna,nocturna,fin de semana
10204,sobre ruedas ea,56589,curso de formación de conductores categoría c1,capacitación en conducción,diurna,nocturna,fin de semana
6620,solucion system,15184,conocimientos académicos en programas de diseño grafico,conocimientos académicos,diurna,nocturna,N/A
6620,solucion system,15183,conocimientos académicos en sistemas y mantenimiento de computadores,conocimientos académicos,diurna,nocturna,N/A
6620,solucion system,15182,conocimientos académicos en sistemas y ofimatica,conocimientos académicos,diurna,nocturna,N/A
9105,talentum line,43294,técnico laboral en animador rereacion y deporte,técnico laboral,diurna,nocturna,fin de semana
6903,tralala centro de estimulacion artistica,45535,conocimientos académicos en formacion artistica creativos e interpretativos,conocimientos académicos,diurna,nocturna,fin de semana
6903,tralala centro de estimulacion artistica,16485,técnico laboral en  atencion integral a la primera infancia,técnico laboral,diurna,nocturna,fin de semana
5466,universidad  cooperativa  de colombia,7880,auxiliar contable y financiero,técnico laboral,diurna,nocturna,fin de semana
5466,universidad  cooperativa  de colombia,7881,auxiliar de comercio exterior,técnico laboral,diurna,nocturna,fin de semana
5466,universidad  cooperativa  de colombia,7879,auxiliar en produccion industrial,técnico laboral,diurna,nocturna,fin de semana
5466,universidad  cooperativa  de colombia,7882,auxiliar en sistemas,técnico laboral,diurna,nocturna,fin de semana
5466,universidad  cooperativa  de colombia,56278,conocimientos académicos en idioma inglés nivel a2,conocimientos académicos,diurna,nocturna,fin de semana
5466,universidad  cooperativa  de colombia,56277,conocimientos académicos en idioma inglés nivel b1,conocimientos académicos,diurna,nocturna,fin de semana
5466,universidad  cooperativa  de colombia,56276,conocimientos académicos en idioma inglés nivel b2,conocimientos académicos,diurna,nocturna,fin de semana
5466,universidad  cooperativa  de colombia,15573,conocimientos académicos en ingles - principiantes a1,conocimientos académicos,diurna,nocturna,fin de semana
5466,universidad  cooperativa  de colombia,15576,conocimientos académicos en ingles avanzado b2,conocimientos académicos,diurna,nocturna,fin de semana
5466,universidad  cooperativa  de colombia,15574,conocimientos académicos en ingles basico a2,conocimientos académicos,diurna,nocturna,fin de semana
5466,universidad  cooperativa  de colombia,15575,conocimientos académicos en ingles intermedio b1,conocimientos académicos,diurna,nocturna,fin de semana
5466,universidad  cooperativa  de colombia,56275,técnico laboral en auxiliar de logistica y aprovisionamiento,técnico laboral,diurna,nocturna,fin de semana
5466,universidad  cooperativa  de colombia,56273,técnico laboral en auxiliar de servicio y telemercadeo,técnico laboral,diurna,nocturna,fin de semana
5466,universidad  cooperativa  de colombia,56274,técnico laboral en auxiliar en educación para la primera infancia,técnico laboral,diurna,nocturna,fin de semana
9617,universidad autonoma de occidente,47895,conocimientos académicos en  ingles nivel b1,conocimientos académicos,diurna,nocturna,fin de semana
9617,universidad autonoma de occidente,47897,conocimientos académicos en aleman nivel a1 a2,conocimientos académicos,diurna,nocturna,fin de semana
9617,universidad autonoma de occidente,47892,conocimientos académicos en español para extranjeros a1 a2,conocimientos académicos,diurna,nocturna,fin de semana
9617,universidad autonoma de occidente,47891,conocimientos académicos en español para extranjeros b1,conocimientos académicos,diurna,nocturna,fin de semana
9617,universidad autonoma de occidente,47900,conocimientos académicos en frances nivel a1 a2,conocimientos académicos,diurna,nocturna,fin de semana
9617,universidad autonoma de occidente,47901,conocimientos académicos en frances nivel b1,conocimientos académicos,diurna,nocturna,fin de semana
9617,universidad autonoma de occidente,47896,conocimientos académicos en ingles nivel a1 a2,conocimientos académicos,diurna,nocturna,fin de semana
9617,universidad autonoma de occidente,47894,conocimientos académicos en ingles nivel b2,conocimientos académicos,diurna,nocturna,fin de semana
9617,universidad autonoma de occidente,47893,conocimientos académicos en ingles nivel c1,conocimientos académicos,diurna,nocturna,fin de semana
9617,universidad autonoma de occidente,62178,conocimientos académicos en inglés nivel a2,conocimientos académicos,diurna,nocturna,fin de semana
9617,universidad autonoma de occidente,62180,conocimientos académicos en inglés nivel b1,conocimientos académicos,diurna,nocturna,fin de semana
9617,universidad autonoma de occidente,62182,conocimientos académicos en inglés nivel b2,conocimientos académicos,diurna,nocturna,fin de semana
9617,universidad autonoma de occidente,62183,conocimientos académicos en inglés nivel c1,conocimientos académicos,diurna,nocturna,fin de semana
9617,universidad autonoma de occidente,47898,conocimientos académicos en italiano nivel a1 a2,conocimientos académicos,diurna,nocturna,fin de semana
9617,universidad autonoma de occidente,47899,conocimientos académicos en portugues nivel a1 a2,conocimientos académicos,diurna,nocturna,fin de semana
9982,universidad autonoma de occidente,51032,técnico laboral en agente de ventas y publicidad,técnico laboral,diurna,fin de semana,N/A
9617,universidad autonoma de occidente,51071,técnico laboral en agente de viajes y turismo,técnico laboral,diurna,nocturna,fin de semana
9982,universidad autonoma de occidente,51028,técnico laboral en agente de viajes y turismo,técnico laboral,diurna,fin de semana,N/A
9982,universidad autonoma de occidente,51034,técnico laboral en asistencia y  soporte tecnologias  de la informacion,técnico laboral,diurna,sin definir,N/A
9982,universidad autonoma de occidente,51030,técnico laboral en auxiliar administrativo,técnico laboral,diurna,fin de semana,N/A
9617,universidad autonoma de occidente,51073,técnico laboral en auxiliar administrativo,técnico laboral,diurna,nocturna,fin de semana
9982,universidad autonoma de occidente,51031,técnico laboral en auxiliar de servicios generales de reparacion e instalaciones,técnico laboral,diurna,nocturna,fin de semana
9982,universidad autonoma de occidente,51035,técnico laboral en comerciante,técnico laboral,diurna,fin de semana,N/A
6725,universidad libre secional cali,59917,conocimientos académicos inglés nivel a1,conocimientos académicos,diurna,nocturna,fin de semana
6725,universidad libre secional cali,59918,conocimientos académicos inglés nivel a2,conocimientos académicos,diurna,nocturna,fin de semana
6725,universidad libre secional cali,59919,conocimientos académicos inglés nivel b1,conocimientos académicos,diurna,nocturna,fin de semana
6725,universidad libre secional cali,62053,técnico laboral en asistencia y soporte de tecnologías de la información,técnico laboral,diurna,nocturna,fin de semana
6725,universidad libre secional cali,65334,técnico laboral en auxiliar administrativo y de oficina,técnico laboral,diurna,nocturna,fin de semana
6725,universidad libre secional cali,65333,técnico laboral en auxiliar contable y financiero,técnico laboral,diurna,nocturna,fin de semana
6725,universidad libre secional cali,58482,"técnico laboral en auxiliar contable, tesorería y financiera",técnico laboral,diurna,nocturna,fin de semana
6725,universidad libre secional cali,62110,técnico laboral en auxiliar de logística y almacén,técnico laboral,diurna,nocturna,fin de semana
6725,universidad libre secional cali,62109,técnico laboral en auxiliar de mercadeo y ventas en la era digital,técnico laboral,diurna,nocturna,fin de semana
6725,universidad libre secional cali,15577,técnico laboral en auxiliar en enfermeria,técnico laboral,diurna,nocturna,fin de semana
6725,universidad libre secional cali,58483,técnico laboral por competencias en auxiliar administrativo,técnico laboral,diurna,nocturna,fin de semana
6962,universidad santiago de cali ( extension universitaria),44247,técnico laboral en agente de viajes y turismo,técnico laboral,diurna,nocturna,fin de semana
6962,universidad santiago de cali ( extension universitaria),63509,técnico laboral en agente de viajes y turismo,técnico laboral,diurna,nocturna,fin de semana
6962,universidad santiago de cali ( extension universitaria),44244,técnico laboral en animador de recreacion y deporte,técnico laboral,diurna,nocturna,fin de semana
6962,universidad santiago de cali ( extension universitaria),16708,técnico laboral en asistente en atencion a la primera infancia,técnico laboral,diurna,nocturna,fin de semana
6962,universidad santiago de cali ( extension universitaria),44245,técnico laboral en asistente en contac center,técnico laboral,diurna,nocturna,fin de semana
6962,universidad santiago de cali ( extension universitaria),44819,técnico laboral en asistente en saneamiento ambiental,técnico laboral,diurna,nocturna,fin de semana
6962,universidad santiago de cali ( extension universitaria),51983,técnico laboral en asistente veterinaria,técnico laboral,diurna,nocturna,fin de semana
6962,universidad santiago de cali ( extension universitaria),16704,técnico laboral en auxiliar administrativo,técnico laboral,diurna,nocturna,fin de semana
6962,universidad santiago de cali ( extension universitaria),16705,técnico laboral en auxiliar contable y financiero,técnico laboral,diurna,nocturna,fin de semana
6962,universidad santiago de cali ( extension universitaria),16706,"técnico laboral en auxiliar de bodega, almacen y centros de distribucion",técnico laboral,diurna,nocturna,fin de semana
6962,universidad santiago de cali ( extension universitaria),16707,técnico laboral en auxiliar de mercadeo,técnico laboral,diurna,nocturna,fin de semana
6962,universidad santiago de cali ( extension universitaria),44246,técnico laboral en auxiliar de sistemas informaticos,técnico laboral,diurna,nocturna,N/A
6962,universidad santiago de cali ( extension universitaria),47651,técnico laboral en auxiliar en enfermería,técnico laboral,diurna,nocturna,fin de semana
6962,universidad santiago de cali ( extension universitaria),62692,técnico laboral en auxiliar en moda y confección,técnico laboral,diurna,nocturna,fin de semana
6962,universidad santiago de cali ( extension universitaria),50993,técnico laboral en auxiliar en salud oral,técnico laboral,diurna,nocturna,fin de semana
6962,universidad santiago de cali ( extension universitaria),44252,técnico laboral en cocinero de cocina internacional,técnico laboral,diurna,nocturna,fin de semana
6962,universidad santiago de cali ( extension universitaria),44253,técnico laboral en confeccion y modas,técnico laboral,diurna,nocturna,fin de semana
6962,universidad santiago de cali ( extension universitaria),50989,técnico laboral en cuidado estetico de manos y pies,técnico laboral,diurna,nocturna,fin de semana
6962,universidad santiago de cali ( extension universitaria),50991,técnico laboral en maquillaje artistico,técnico laboral,diurna,nocturna,fin de semana
6962,universidad santiago de cali ( extension universitaria),50992,técnico laboral en operario de corte y preparación industrial de carnesy aves,técnico laboral,diurna,nocturna,fin de semana
6962,universidad santiago de cali ( extension universitaria),50990,técnico laboral en peluquero estilista,técnico laboral,diurna,nocturna,fin de semana
6981,cccf,16816,técnico laboral en mantenimiento y reparacion de automotores a gasolina y gas,técnico laboral,diurna,fin de semana,N/A
6981,cccf,16815,técnico laboral en mantenimiento y reparacion de automotores diesel,técnico laboral,diurna,fin de semana,N/A
6981,cccf,16814,"técnico laboral en mantenimientos de macanismos de transmision de potencia, seguridad y control de automotores",técnico laboral,diurna,fin de semana,N/A
6981,cccf,16813,técnico laboral en mantenimineto y repacion de motocicletas,técnico laboral,diurna,fin de semana,N/A
