fecha,ERA - Obrero,La Flora,Pance,Univalle,Base Aerea,Compartir,La Ermita,Cañaveralejo,Transitoria
2010-01-01,,,,,,,,,
2010-01-02,,,,,,,,,
2010-01-03,,,,,,,,,
2010-01-04,,,,,,,,,
2010-01-05,,,,,,,,,
2010-01-06,,,,,,,,,
2010-01-07,,,,,,,,,
2010-01-08,,,,,,,,,
2010-01-09,,,,,,,,,
2010-01-10,,,,,,,,,
2010-01-11,,,,,,,,,
2010-01-12,,,,,,,,,
2010-01-13,,,,,,,,,
2010-01-14,,,,,,,,,
2010-01-15,,,,,,,,,
2010-01-16,,,,,,,,,
2010-01-17,,,,,,,,,
2010-01-18,,,,,,,,,
2010-01-19,,,,,,,,,
2010-01-20,,,,,,,,,
2010-01-21,,,,,,,,,
2010-01-22,,,,,,,,,
2010-01-23,,,,,,,,,
2010-01-24,,,,,,,,,
2010-01-25,,,,,,,,,
2010-01-26,,,,,,,,,
2010-01-27,,,,,,,,,
2010-01-28,21,,,,,,,,
2010-01-29,21,,,,,,,,
2010-01-30,15,,,,,,,,
2010-01-31,15,,,,,,,,
2010-02-01,14,,,,,,,,
2010-02-02,16,,,,,,,,
2010-02-03,14,,,,,,,,
2010-02-04,19,,,,,,,,
2010-02-05,19,,,,,,,,
2010-02-06,26,,,,,,,,
2010-02-07,24,,,,,,,,
2010-02-08,19,,,,,,,,
2010-02-09,31,,,,,,,,
2010-02-10,31,,,,,,,,
2010-02-11,23,,,,,,,,
2010-02-12,23,,,,,,,,
2010-02-13,5,,,,,,,,
2010-02-14,1,,,,,,,,
2010-02-15,8,,,,,,,,
2010-02-16,10,,,,,,,,
2010-02-17,12,,,,,,,,
2010-02-18,10,,,,,,,,
2010-02-19,12,,,,,,,,
2010-02-20,14,,,,,,,,
2010-02-21,29,,,,,,,,
2010-02-22,21,,,,,,,,
2010-02-23,26,,,,,,,,
2010-02-24,39,,,,,,,,
2010-02-25,29,,,,,,,,
2010-02-26,40,,,,,,,,
2010-02-27,42,,,,,,,,
2010-02-28,31,,,,,,,,
2010-03-01,37,,,,,,,,
2010-03-02,39,,,,,,,,
2010-03-03,37,,,,,,,,
2010-03-04,40,,,,,,,,
2010-03-05,47,,,,,,,,
2010-03-06,48,,,,,,,,
2010-03-07,45,,,,,,,,
2010-03-08,33,,,,,,,,
2010-03-09,40,,,,,,,,
2010-03-10,34,,,,,,,,
2010-03-11,23,,,,,,,,
2010-03-12,26,,,,,,,,
2010-03-13,23,,,,,,,,
2010-03-14,24,,,,,,,,
2010-03-15,24,,,,,,,,
2010-03-16,38,,,,,,,,
2010-03-17,37,,,,,,,,
2010-03-18,37,,,,,,,,
2010-03-19,38,,,,,,,,
2010-03-20,60,,,,,,,,
2010-03-21,59,,,,,,,,
2010-03-22,20,,,,,,,,
2010-03-23,23,,,,,,,,
2010-03-24,23,,,,,,,,
2010-03-25,40,,,,,,,,
2010-03-26,40,,,,,,,,
2010-03-27,40,,,,,,,,
2010-03-28,34,,,,,,,,
2010-03-29,34,,,,,,,,
2010-03-30,26,,,,,,,,
2010-03-31,24,,,,,,,,
2010-04-01,19,,,,,,,,
2010-04-02,19,,,,,,,,
2010-04-03,19,,,,,,,,
2010-04-04,20,,,,,,,,
2010-04-05,23,,,,,,,,
2010-04-06,28,,,,,,,,
2010-04-07,28,,,,,,,,
2010-04-08,25,,,,,,,,
2010-04-09,40,,,,,,,,
2010-04-10,46,,,,,,,,
2010-04-11,46,,,,,,,,
2010-04-12,35,,,,,,,,
2010-04-13,34,,,,,,,,
2010-04-14,33,,,,,,,,
2010-04-15,31,,,,,,,,
2010-04-16,46,,,,,,,,
2010-04-17,41,,,,,,,,
2010-04-18,40,,,,,,,,
2010-04-19,42,,,,,,,,
2010-04-20,47,,,,,,,,
2010-04-21,41,,,,,,,,
2010-04-22,43,,,,,,,,
2010-04-23,44,,,,,,,,
2010-04-24,42,,,,,,,,
2010-04-25,40,,,,,,,,
2010-04-26,29,,,,,,,,
2010-04-27,22,,,,,,,,
2010-04-28,22,,,,,,,,
2010-04-29,21,,,,,,,,
2010-04-30,47,,,,,,,,
2010-05-01,40,,,,,,,,
2010-05-02,14,,,,,,,,
2010-05-03,29,,,,,,,,
2010-05-04,32,,,,,,,,
2010-05-05,50,34,,,,,,,
2010-05-06,45,30,,,,,,,
2010-05-07,39,31,,,,,,,
2010-05-08,32,36,,,,,,,
2010-05-09,35,28,,,,,,,
2010-05-10,32,5,,,,,,,
2010-05-11,54,,,,,,,,
2010-05-12,59,,,,,,,,
2010-05-13,56,3,,,,,,,
2010-05-14,43,31,,,,,,,
2010-05-15,35,30,,,,,,,
2010-05-16,29,6,,,,,,,
2010-05-17,19,,,,,,,,
2010-05-18,36,,,,,,,,
2010-05-19,41,,,,,,,,
2010-05-20,34,,,,,,,,
2010-05-21,22,,,,,,,,
2010-05-22,28,,,,,,,,
2010-05-23,34,,,,,,,,
2010-05-24,30,,,,,,,,
2010-05-25,33,,,,,,,,
2010-05-26,32,,,,,,,,
2010-05-27,31,,,,,,,,
2010-05-28,33,,,,,,,,
2010-05-29,40,,,,,,,,
2010-05-30,31,,,,,,,,
2010-05-31,30,,,,,,,,
2010-06-01,30,,,,,,,,
2010-06-02,26,,,,,,,,
2010-06-03,37,,,,,,,,
2010-06-04,53,,,,,,,,
2010-06-05,48,,,,,,,,
2010-06-06,35,,,,,,,,
2010-06-07,23,,,,,,,,
2010-06-08,27,,,,,,,,
2010-06-09,33,,,,,,,,
2010-06-10,31,,,,,,,,
2010-06-11,38,,,,,,,,
2010-06-12,40,,,,,,,,
2010-06-13,34,,,,,,,,
2010-06-14,17,,,,,,,,
2010-06-15,13,,,,,,,,
2010-06-16,32,3,,,,,,,
2010-06-17,33,17,,,,,,,
2010-06-18,27,24,,,,,,,
2010-06-19,30,22,,,,,,,
2010-06-20,27,19,,,,,,,
2010-06-21,25,28,,,,,,,
2010-06-22,29,33,,,,,,,
2010-06-23,36,39,,,,,,,
2010-06-24,28,18,,,,,,,
2010-06-25,40,24,,,,,,,
2010-06-26,38,25,,,,,,,
2010-06-27,29,24,,,,,,,
2010-06-28,25,27,,,,,,,
2010-06-29,33,31,,,,,,,
2010-06-30,33,24,,,,,,,
2010-07-01,33,50,,,,,,,
2010-07-02,28,36,,,,,,,
2010-07-03,34,38,,,,,,,
2010-07-04,29,36,,,,,,,
2010-07-05,21,30,,,,,,,
2010-07-06,23,17,,,,,,,
2010-07-07,20,21,,,,,,,
2010-07-08,31,32,,,,,,,
2010-07-09,32,33,,,,,,,
2010-07-10,29,31,,,,,,,
2010-07-11,27,32,,,,,,,
2010-07-12,18,14,,,,,,,
2010-07-13,23,31,,,,,,,
2010-07-14,28,37,,,,,,,
2010-07-15,27,29,,,,,,,
2010-07-16,26,25,,,,,,,
2010-07-17,37,33,,,,,,,
2010-07-18,40,36,,,,,,,
2010-07-19,25,30,,,,,,,
2010-07-20,27,32,,,,,,,
2010-07-21,23,30,,,,,,,
2010-07-22,23,34,,,,,,,
2010-07-23,33,44,,,,,,,
2010-07-24,36,45,,,,,,,
2010-07-25,32,52,,,,,,,
2010-07-26,23,30,,,,,,,
2010-07-27,26,39,,,,,,,
2010-07-28,28,34,,,,,,,
2010-07-29,28,29,,,,,,,
2010-07-30,29,29,,,,,,,
2010-07-31,23,17,,,,,,,
2010-08-01,23,16,,,,,,,
2010-08-02,27,27,,,,,,,
2010-08-03,26,19,,,,,,,
2010-08-04,28,26,,,,,,,
2010-08-05,41,43,,,,,,,
2010-08-06,36,43,,,,,,,
2010-08-07,18,29,,,,,,,
2010-08-08,11,28,,,,,,,
2010-08-09,24,34,,,,,,,
2010-08-10,35,46,,,,,,,
2010-08-11,40,39,,,,,,,
2010-08-12,42,40,,,,,,,
2010-08-13,43,35,,,,,,,
2010-08-14,57,34,,,,,,,
2010-08-15,61,30,,,,,,,
2010-08-16,41,32,,,,,,,
2010-08-17,34,26,,,,,,,
2010-08-18,34,72,,,,,,,
2010-08-19,34,72,,,,,,,
2010-08-20,38,47,,,,,,,
2010-08-21,35,51,,,,,,,
2010-08-22,32,51,,,,,,,
2010-08-23,46,38,,,,,,,
2010-08-24,48,43,,,,,,,
2010-08-25,41,40,,,,,,,
2010-08-26,38,37,,,,,,,
2010-08-27,32,29,,,,,,,
2010-08-28,33,26,,,,,,,
2010-08-29,32,24,,,,,,,
2010-08-30,23,29,,,,,,,
2010-08-31,22,25,,,,,,,
2010-09-01,26,26,,,,,,,
2010-09-02,22,27,,,,,,,
2010-09-03,45,51,,,,,,,
2010-09-04,46,50,,,,,,,
2010-09-05,26,34,,,,,,,
2010-09-06,33,34,,,,,,,
2010-09-07,51,40,,,,,,,
2010-09-08,52,41,,,,,,,
2010-09-09,40,45,,,,,,,
2010-09-10,34,52,,,,,,,
2010-09-11,35,52,,,,,,,
2010-09-12,23,36,,,,,,,
2010-09-13,31,27,,,,,,,
2010-09-14,37,41,,,,,,,
2010-09-15,41,47,,,,,,,
2010-09-16,41,42,,,,,,,
2010-09-17,40,31,,,,,,,
2010-09-18,28,41,,,,,,,
2010-09-19,28,40,,,,,,,
2010-09-20,25,31,,,,,,,
2010-09-21,35,30,,,,,,,
2010-09-22,33,28,,,,,,,
2010-09-23,46,43,,,,,,,
2010-09-24,40,38,,,,,,,
2010-09-25,36,41,,,,,,,
2010-09-26,28,25,,,,,,,
2010-09-27,31,23,,,,,,,
2010-09-28,32,31,,,,,,,
2010-09-29,28,37,,,,,,,
2010-09-30,26,28,,,,,,,
2010-10-01,25,28,,,,,,,
2010-10-02,40,51,,,,,,,
2010-10-03,33,48,,,,,,,
2010-10-04,24,29,,,,,,,
2010-10-05,38,42,,,,,,,
2010-10-06,25,35,,,,,,,
2010-10-07,40,52,,,,,,,
2010-10-08,26,38,,,,,,,
2010-10-09,26,43,,,,,,,
2010-10-10,34,40,,,,,,,
2010-10-11,26,37,,,,,,,
2010-10-12,32,45,,,,,,,
2010-10-13,30,39,,,,,,,
2010-10-14,32,40,,,,,,,
2010-10-15,37,38,,,,,,,
2010-10-16,40,35,,,,,,,
2010-10-17,30,31,,,,,,,
2010-10-18,15,22,,,,,,,
2010-10-19,19,21,,,,,,,
2010-10-20,30,22,,,,,,,
2010-10-21,35,32,,,,,,,
2010-10-22,22,28,,,,,,,
2010-10-23,23,22,,,,,,,
2010-10-24,20,23,,,,,,,
2010-10-25,26,19,,,,,,,
2010-10-26,42,32,,,,,,,
2010-10-27,42,42,,,,,,,
2010-10-28,29,33,,,,,,,
2010-10-29,40,48,,,,,,,
2010-10-30,35,42,,,,,,,
2010-10-31,17,32,,,,,,,
2010-11-01,,22,,,,,,,
2010-11-02,19,32,,,,,,,
2010-11-03,28,28,,,,,,,
2010-11-04,51,46,,,,,,,
2010-11-05,39,50,,,,,,,
2010-11-06,31,46,,,,,,,
2010-11-07,31,26,,,,,,,
2010-11-08,29,33,,,,,,,
2010-11-09,39,46,,,,,,,
2010-11-10,30,36,,,,,,,
2010-11-11,28,34,,,,,,,
2010-11-12,32,35,,,,,,,
2010-11-13,26,26,,,,,,,
2010-11-14,16,19,,,,,,,
2010-11-15,19,19,,,,,,,
2010-11-16,28,30,,,,,,,
2010-11-17,26,30,,,,,,,
2010-11-18,30,30,,,,,,,
2010-11-19,20,23,,,,,,,
2010-11-20,23,30,,,,,,,
2010-11-21,21,27,,,,,,,
2010-11-22,28,27,,,,,,,
2010-11-23,28,28,,,,,,,
2010-11-24,21,21,,,,,,,
2010-11-25,28,32,,,,,,,
2010-11-26,28,34,,,,,,,
2010-11-27,47,45,,,,,,,
2010-11-28,45,39,,,,,,,
2010-11-29,32,33,,,,,,,
2010-11-30,41,53,,,,,,,
2010-12-01,31,45,,,,,,,
2010-12-02,27,20,,,,,,,
2010-12-03,28,25,,,,,,,
2010-12-04,27,24,,,,,,,
2010-12-05,24,25,,,,,,,
2010-12-06,31,,,,,,,,
2010-12-07,34,10,,,,,,,
2010-12-08,35,20,,,,,,,
2010-12-09,19,25,,,,,,,
2010-12-10,32,23,,,,,,,
2010-12-11,30,44,,,,,,,
2010-12-12,30,34,,,,,,,
2010-12-13,18,19,,,,,,,
2010-12-14,27,32,,,,,,,
2010-12-15,25,32,,,,,,,
2010-12-16,24,22,,,,,,,
2010-12-17,43,39,,,,,,,
2010-12-18,42,43,,,,,,,
2010-12-19,20,33,,,,,,,
2010-12-20,31,27,,,,,,,
2010-12-21,29,27,,,,,,,
2010-12-22,41,43,,,,,,,
2010-12-23,33,37,,,,,,,
2010-12-24,34,25,,,,,,,
2010-12-25,35,28,,,,,,,
2010-12-26,20,20,,,,,,,
2010-12-27,24,16,,,,,,,
2010-12-28,29,26,,,,,,,
2010-12-29,31,27,,,,,,,
2010-12-30,27,26,,,,,,,
2010-12-31,19,28,,,,,,,
2011-01-01,23,30,,,,,,,
2011-01-02,19,24,,,,,,,
2011-01-03,14,23,,,,,,,
2011-01-04,14,29,,,,,,,
2011-01-05,22,40,,,,,,,
2011-01-06,22,40,,,,,,,
2011-01-07,28,33,,,,,,,
2011-01-08,33,39,,,,,,,
2011-01-09,24,25,,,,,,,
2011-01-10,15,26,,,,,,,
2011-01-11,17,28,,,,,,,
2011-01-12,27,32,,,,,,,
2011-01-13,27,41,,,,,,,
2011-01-14,25,42,,,,,,,
2011-01-15,27,45,,,,,,,
2011-01-16,19,33,,,,,,,
2011-01-17,25,23,,,,,,,
2011-01-18,22,24,,,,,,,
2011-01-19,26,27,,,,,,,
2011-01-20,32,33,,,,,,,
2011-01-21,25,33,,,,,,,
2011-01-22,24,27,,,,,,,
2011-01-23,15,26,,,,,,,
2011-01-24,15,24,,,,,,,
2011-01-25,19,29,,,,,,,
2011-01-26,19,24,,,,,,,
2011-01-27,35,29,,,,,,,
2011-01-28,33,31,,,,,,,
2011-01-29,15,18,,,,,,,
2011-01-30,16,20,,,,,,,
2011-01-31,15,23,,,,,,,
2011-02-01,33,31,,,,,,,
2011-02-02,32,44,,,,,,,
2011-02-03,31,46,,,,,,,
2011-02-04,24,32,,,,,,,
2011-02-05,26,37,,,,,,,
2011-02-06,21,33,,,,,,,
2011-02-07,27,28,,,,,,,
2011-02-08,22,28,,,,,,,
2011-02-09,22,27,,,,,,,
2011-02-10,22,29,,,,,,,
2011-02-11,36,40,,,,,,,
2011-02-12,35,41,,,,,,,
2011-02-13,17,29,,,,,,,
2011-02-14,20,29,,,,,,,
2011-02-15,23,29,,,,,,,
2011-02-16,22,27,,,,,,,
2011-02-17,20,30,,,,,,,
2011-02-18,16,33,,,,,,,
2011-02-19,16,34,,,,,,,
2011-02-20,17,35,,,,,,,
2011-02-21,19,34,,,,,,,
2011-02-22,19,35,,,,,,,
2011-02-23,17,36,,,,,,,
2011-02-24,22,37,,,,,,,
2011-02-25,30,40,,,,,,,
2011-02-26,43,40,,,,,,,
2011-02-27,32,34,,,,,,,
2011-02-28,26,27,,,,,,,
2011-03-01,25,22,,,,,,,
2011-03-02,21,21,,,,,,,
2011-03-03,28,36,,,,,,,
2011-03-04,30,35,,,,,,,
2011-03-05,26,37,,,,,,,
2011-03-06,22,25,,,,,,,
2011-03-07,22,28,,,,,,,
2011-03-08,29,32,,,,,,,
2011-03-09,33,32,,,,,,,
2011-03-10,27,28,,,,,,,
2011-03-11,33,37,,,,,,,
2011-03-12,25,29,,,,,,,
2011-03-13,20,34,,,,,,,
2011-03-14,20,35,,,,,,,
2011-03-15,20,33,,,,,,,
2011-03-16,28,30,,,,,,,
2011-03-17,33,35,,,,,,,
2011-03-18,44,51,,,,,,,
2011-03-19,45,50,,,,,,,
2011-03-20,31,31,,,,,,,
2011-03-21,18,24,,,,,,,
2011-03-22,22,20,,,,,,,
2011-03-23,14,31,,,,,,,
2011-03-24,19,27,,,,,,,
2011-03-25,46,31,,,,,,,
2011-03-26,50,36,,,,,,,
2011-03-27,34,32,,,,,,,
2011-03-28,28,37,,,,,,,
2011-03-29,42,40,,,,,,,
2011-03-30,35,37,,,,,,,
2011-03-31,40,48,,,,,,,
2011-04-01,30,40,,,,,,,
2011-04-02,26,36,,,,,,,
2011-04-03,23,32,,,,,,,
2011-04-04,21,40,,,,,,,
2011-04-05,31,38,,,,,,,
2011-04-06,43,34,,,,,,,
2011-04-07,39,34,,,,,,,
2011-04-08,38,34,,,,,,,
2011-04-09,26,26,,,,,,,
2011-04-10,16,24,,,,,,,
2011-04-11,17,34,,,,,,,
2011-04-12,24,24,,,,,,,
2011-04-13,39,25,,,,,,,
2011-04-14,28,37,,,,,,,
2011-04-15,30,33,,,,,,,
2011-04-16,24,40,,,,,,,
2011-04-17,19,20,,,,,,,
2011-04-18,33,32,,,,,,,
2011-04-19,25,27,,,,,,,
2011-04-20,22,20,,,,,,,
2011-04-21,22,27,,,,,,,
2011-04-22,12,24,,,,,,,
2011-04-23,16,28,,,,,,,
2011-04-24,16,24,,,,,,,
2011-04-25,17,20,,,,,,,
2011-04-26,23,29,,,,,,,
2011-04-27,16,26,,,,,,,
2011-04-28,21,24,,,,,,,
2011-04-29,32,38,,,,,,,
2011-04-30,33,42,,,,,,,
2011-05-01,28,,,,,,,,
2011-05-02,19,48,,,,,,,
2011-05-03,33,40,,,,,,,
2011-05-04,32,35,,,,,,,
2011-05-05,22,34,,,,,,,
2011-05-06,31,37,,,,,,,
2011-05-07,30,35,,,,,,,
2011-05-08,31,41,,,,,,,
2011-05-09,29,33,,,,,,,
2011-05-10,42,50,,,,,,,
2011-05-11,46,52,,,,,,,
2011-05-12,34,34,,,,,,,
2011-05-13,29,32,,,,,,,
2011-05-14,24,23,,,,,,,
2011-05-15,24,27,,,,,,,
2011-05-16,21,27,,,,,,,
2011-05-17,18,21,,,,,,,
2011-05-18,27,31,,,,,,,
2011-05-19,27,27,,,,,,,
2011-05-20,29,29,,,,,,,
2011-05-21,32,27,,,,,,,
2011-05-22,27,23,,,,,,,
2011-05-23,20,28,,,,,,,
2011-05-24,27,31,,,,,,,
2011-05-25,23,24,,,,,,,
2011-05-26,43,29,,,,,,,
2011-05-27,43,31,,,,,,,
2011-05-28,41,,,,,,,,
2011-05-29,41,,,,,,,,
2011-05-30,19,13,,,,,,,
2011-05-31,19,15,,,,,,,
2011-06-01,17,32,,,,,,,
2011-06-02,21,34,,,,,,,
2011-06-03,19,22,,,,,,,
2011-06-04,22,19,,,,,,,
2011-06-05,22,,,,,,,,
2011-06-06,8,,,,,,,,
2011-06-07,16,15,,,,,,,
2011-06-08,13,32,,,,,,,
2011-06-09,17,30,,,,,,,
2011-06-10,18,38,,,,,,,
2011-06-11,32,34,,,,,,,
2011-06-12,30,34,,,,,,,
2011-06-13,17,28,,,,,,,
2011-06-14,19,19,,,,,,,
2011-06-15,21,30,,,,,,,
2011-06-16,22,29,,,,,,,
2011-06-17,31,45,,,,,,,
2011-06-18,34,42,,,,,,,
2011-06-19,34,37,,,,,,,
2011-06-20,21,28,,,,,,,
2011-06-21,24,35,,,,,,,
2011-06-22,24,39,,,,,,,
2011-06-23,24,30,,,,,,,
2011-06-24,24,45,,,,,,,
2011-06-25,25,24,,,,,,,
2011-06-26,19,30,,,,,,,
2011-06-27,21,29,,,,,,,
2011-06-28,32,43,,,,,,,
2011-06-29,34,48,,,,,,,
2011-06-30,24,36,,,,,,,
2011-07-01,24,28,,,,,,,
2011-07-02,28,32,,,,,,,
2011-07-03,27,30,,,,,,,
2011-07-04,17,29,,,,,,,
2011-07-05,26,29,,,,,,,
2011-07-06,27,43,,,,,,,
2011-07-07,39,46,,,,,,,
2011-07-08,50,57,,,,,,,
2011-07-09,42,51,,,,,,,
2011-07-10,37,40,,,,,,,
2011-07-11,34,41,,,,,,,
2011-07-12,36,41,,,,,,,
2011-07-13,24,23,,,,,,,
2011-07-14,18,26,,,,,,,
2011-07-15,16,31,,,,,,,
2011-07-16,21,26,,,,,,,
2011-07-17,18,32,,,,,,,
2011-07-18,29,40,,,,,,,
2011-07-19,29,43,,,,,,,
2011-07-20,33,53,,,,,,,
2011-07-21,26,,,,,,,,
2011-07-22,48,,,,,,,,
2011-07-23,45,,,,,,,,
2011-07-24,34,,,,,,,,
2011-07-25,24,14,,,,,,,
2011-07-26,32,53,,,,,,,
2011-07-27,32,55,,,,,,,
2011-07-28,25,51,,,,,,,
2011-07-29,21,32,,,,,,,
2011-07-30,26,20,,,,,,,
2011-07-31,29,31,,,,,,,
2011-08-01,42,45,,,,,,,
2011-08-02,46,55,,,,,,,
2011-08-03,31,53,,,,,,,
2011-08-04,28,41,,,,,,,
2011-08-05,32,53,,,,,,,
2011-08-06,30,59,,,,,,,
2011-08-07,31,55,,,,,,,
2011-08-08,42,48,,,,,,,
2011-08-09,47,62,,,,,,,
2011-08-10,51,59,,,,,,,
2011-08-11,40,55,,,,,,,
2011-08-12,42,53,,,,,,,
2011-08-13,39,55,,,,,,,
2011-08-14,30,46,,,,,,,
2011-08-15,21,31,,,,,,,
2011-08-16,23,32,,,,,,,
2011-08-17,39,45,,,,,,,
2011-08-18,33,48,,,,,,,
2011-08-19,35,43,,,,,,,
2011-08-20,38,49,,,,,,,
2011-08-21,28,45,,,,,,,
2011-08-22,39,32,,,,,,,
2011-08-23,33,41,,,,,,,
2011-08-24,39,40,,,,,,,
2011-08-25,32,39,,,,,,,
2011-08-26,41,51,,,,,,,
2011-08-27,39,48,,,,,,,
2011-08-28,28,45,,,,,,,
2011-08-29,41,29,,,,,,,
2011-08-30,34,53,,,,,,,
2011-08-31,37,54,,,,,,,
2011-09-01,34,47,,,,,,,
2011-09-02,35,52,,,,,,,
2011-09-03,36,49,,,,,,,
2011-09-04,25,38,,,,,,,
2011-09-05,24,48,,,,,,,
2011-09-06,31,48,,,,,,,
2011-09-07,30,51,,,,,,,
2011-09-08,31,41,,,,,,,
2011-09-09,37,41,,,,,,,
2011-09-10,47,57,,,,,,,
2011-09-11,18,,,,,,,,
2011-09-12,16,21,,,,,,,
2011-09-13,17,54,,,,,,,
2011-09-14,14,53,,,,,,,
2011-09-15,13,41,,,,,,,
2011-09-16,17,36,,,,,,,
2011-09-17,16,33,,,,,,,
2011-09-18,12,29,,,,,,,
2011-09-19,18,22,,,,,,,
2011-09-20,18,29,,,,,,,
2011-09-21,30,41,,,,,,,
2011-09-22,28,36,,,,,,,
2011-09-23,25,30,,,,,,,
2011-09-24,34,40,,,,,,,
2011-09-25,26,34,,,,,,,
2011-09-26,22,30,,,,,,,
2011-09-27,,44,,,,,,,
2011-09-28,16,44,,,,,,,
2011-09-29,31,45,,,,,,,
2011-09-30,22,42,,,,,,,
2011-10-01,24,43,,,,,,,
2011-10-02,24,30,,,,,,,
2011-10-03,20,29,,,,,,,
2011-10-04,19,31,,,,,,,
2011-10-05,14,48,,,,,,,
2011-10-06,12,49,,,,,,,
2011-10-07,10,38,,,,,,,
2011-10-08,10,32,,,,,,,
2011-10-09,9,15,,,,,,,
2011-10-10,21,26,,,,,,,
2011-10-11,23,,,,,,,,
2011-10-12,11,9,,,,,,,
2011-10-13,17,23,,,,,,,
2011-10-14,19,22,,,,,,,
2011-10-15,19,22,,,,,,,
2011-10-16,13,20,,,,,,,
2011-10-17,8,8,,,,,,,
2011-10-18,10,26,,,,,,,
2011-10-19,11,38,,,,,,,
2011-10-20,21,36,,,,,,,
2011-10-21,26,34,,,,,,,
2011-10-22,27,,,,,,,,
2011-10-23,19,,,,,,,,
2011-10-24,30,,,,,,,,
2011-10-25,44,9,,,,,,,
2011-10-26,29,29,,,,,,,
2011-10-27,24,37,,,,,,,
2011-10-28,23,40,,,,,,,
2011-10-29,9,23,,,,,,,
2011-10-30,5,26,,,,,,,
2011-10-31,9,29,,,,,,,
2011-11-01,7,54,,,,,,,
2011-11-02,8,53,,,,,,,
2011-11-03,7,37,,,,,,,
2011-11-04,9,35,,,,,,,
2011-11-05,6,41,,,,,,,
2011-11-06,3,37,,,,,,,
2011-11-07,3,25,,,,,,,
2011-11-08,17,23,,,,,,,
2011-11-09,16,25,,,,,,,
2011-11-10,16,30,,,,,,,
2011-11-11,15,,,,,,,,
2011-11-12,19,,,,,,,,
2011-11-13,17,,,,,,,,
2011-11-14,14,,,,,,,,
2011-11-15,12,9,,,,,,,
2011-11-16,12,29,,,,,,,
2011-11-17,9,33,,,,,,,
2011-11-18,13,6,,,,,,,
2011-11-19,10,22,,,,,,,
2011-11-20,6,21,,,,,,,
2011-11-21,11,18,,,,,,,
2011-11-22,11,18,,,,,,,
2011-11-23,12,32,,,,,,,
2011-11-24,14,44,,,,,,,
2011-11-25,12,53,,,,,,,
2011-11-26,12,47,,,,,,,
2011-11-27,9,34,,,,,,,
2011-11-28,14,33,,,,,,,
2011-11-29,15,32,,,,,,,
2011-11-30,13,25,,,,,,,
2011-12-01,14,28,,,,,,,
2011-12-02,16,41,,,,,,,
2011-12-03,13,27,,,,,,,
2011-12-04,17,28,,,,,,,
2011-12-05,14,25,,,,,,,
2011-12-06,14,19,,,,,,,
2011-12-07,22,19,,,,,,,
2011-12-08,20,23,,,,,,,
2011-12-09,14,37,,,,,,,
2011-12-10,13,44,,,,,,,
2011-12-11,14,25,,,,,,,
2011-12-12,14,20,,,,,,,
2011-12-13,20,20,,,,,,,
2011-12-14,24,27,,,,,,,
2011-12-15,20,18,,,,,,,
2011-12-16,20,20,,,,,,,
2011-12-17,19,26,,,,,,,
2011-12-18,17,27,,,,,,,
2011-12-19,29,15,,,,,,,
2011-12-20,26,34,,,,,,,
2011-12-21,22,54,,,,,,,
2011-12-22,19,56,,,,,,,
2011-12-23,16,54,,,,,,,
2011-12-24,17,37,,,,,,,
2011-12-25,14,24,,,,,,,
2011-12-26,13,25,,,,,,,
2011-12-27,15,40,,,,,,,
2011-12-28,15,40,,,,,,,
2011-12-29,14,28,,,,,,,
2011-12-30,13,,,,,,,,
2011-12-31,12,,,,,,,,
2012-01-01,13,,,,,,,,
2012-01-02,14,,,,,,,,
2012-01-03,14,,,,,,,,
2012-01-04,13,,,,,,,,
2012-01-05,15,,,,,,,,
2012-01-06,15,,,,,,,,
2012-01-07,15,,,,,,,,
2012-01-08,10,,,,,,,,
2012-01-09,8,,,,,,,,
2012-01-10,16,,,,,,,,
2012-01-11,13,,,,,,,,
2012-01-12,16,10,,,,,,,
2012-01-13,17,9,,,,,,,
2012-01-14,17,11,,,,,,,
2012-01-15,13,9,,,,,,,
2012-01-16,16,11,,,,,,,
2012-01-17,17,72,,,,,,,
2012-01-18,17,69,,,,,,,
2012-01-19,15,69,,,,,,,
2012-01-20,22,67,,,,,,,
2012-01-21,17,66,,,,,,,
2012-01-22,17,62,,,,,,,
2012-01-23,16,60,,,,,,,
2012-01-24,22,55,,,,,,,
2012-01-25,16,11,,,,,,,
2012-01-26,19,56,,,,,,,
2012-01-27,20,58,,,,,,,
2012-01-28,17,58,,,,,,,
2012-01-29,13,57,,,,,,,
2012-01-30,19,55,,,,,,,
2012-01-31,20,56,,,,,,,
2012-02-01,20,56,,,,,,,
2012-02-02,20,56,,,,,,,
2012-02-03,19,53,,,,,,,
2012-02-04,19,52,,,,,,,
2012-02-05,14,52,,,,,,,
2012-02-06,22,53,,,,,,,
2012-02-07,21,55,,,,,,,
2012-02-08,23,52,,,,,,,
2012-02-09,21,48,,,,,,,
2012-02-10,23,52,,,,,,,
2012-02-11,21,47,,,,,,,
2012-02-12,16,41,,,,,,,
2012-02-13,20,41,,,,,,,
2012-02-14,20,44,,,,,,,
2012-02-15,20,44,,,,,,,
2012-02-16,17,42,,,,,,,
2012-02-17,16,38,,,,,,,
2012-02-18,17,33,,,,,,,
2012-02-19,13,,,,,,,,
2012-02-20,17,,,,,,,,
2012-02-21,17,12,,,,,,,
2012-02-22,21,58,,,,,,,
2012-02-23,19,52,,,,,,,
2012-02-24,23,58,,,,,,,
2012-02-25,20,57,,,,,,,
2012-02-26,19,33,,,,,,,
2012-02-27,22,33,,,,,,,
2012-02-28,21,33,,,,,,,
2012-02-29,20,30,,,,,,,
2012-03-01,22,35,,,,,,,
2012-03-02,22,53,,,,,,,
2012-03-03,26,51,,,,,,,
2012-03-04,19,40,,,,,,,
2012-03-05,20,24,,,,,,,
2012-03-06,24,30,,,,,,,
2012-03-07,23,53,,,,,,,
2012-03-08,22,54,,,,,,,
2012-03-09,24,52,,,,,,,
2012-03-10,22,45,,,,,,,
2012-03-11,21,43,,,,,,,
2012-03-12,24,52,,,,,,,
2012-03-13,23,53,,,,,,,
2012-03-14,26,45,,,,,,,
2012-03-15,24,29,,,,,,,
2012-03-16,27,11,,,,,,,
2012-03-17,23,24,,,,,,,
2012-03-18,23,31,,,,,,,
2012-03-19,21,26,,,,,,,
2012-03-20,26,40,,,,,,,
2012-03-21,27,39,,,,,,,
2012-03-22,26,32,,,,,,,
2012-03-23,24,9,,,,,,,
2012-03-24,22,8,,,,,,,
2012-03-25,21,7,,,,,,,
2012-03-26,27,10,,,,,,,
2012-03-27,24,32,,,,,,,
2012-03-28,23,10,,,,,,,
2012-03-29,26,9,,,,,,,
2012-03-30,27,11,,,,,,,
2012-03-31,29,45,,,,,,,
2012-04-01,30,36,,,,,,,
2012-04-02,29,33,,,,,,,
2012-04-03,22,37,,,,,,,
2012-04-04,21,36,,,,,,,
2012-04-05,,30,,,,,,,
2012-04-06,,14,,,,,,,
2012-04-07,,15,,,,,,,
2012-04-08,,19,,,,,,,
2012-04-09,17,11,,,,,,,
2012-04-10,17,12,,,,,,,
2012-04-11,21,5,,,,,,,
2012-04-12,24,,,,,,,,
2012-04-13,22,,,,,,,,
2012-04-14,20,,,,,,,,
2012-04-15,19,,,,,,,,
2012-04-16,19,,,,,,,,
2012-04-17,22,,,,,,,,
2012-04-18,20,,,,,,,,
2012-04-19,28,19,,,,,,,
2012-04-20,28,17,,,,,,,
2012-04-21,30,27,,,,,,,
2012-04-22,31,20,,,,,,,
2012-04-23,27,36,,,,,,,
2012-04-24,22,7,,,,,,,
2012-04-25,23,12,,,,,,,
2012-04-26,22,9,,,,,,,
2012-04-27,24,10,,,,,,,
2012-04-28,27,7,,,,,,,
2012-04-29,27,9,,,,,,,
2012-04-30,24,11,,,,,,,
2012-05-01,23,9,,,,,,,
2012-05-02,24,23,,,,,,,
2012-05-03,22,7,,,,,,,
2012-05-04,26,8,,,,,,,
2012-05-05,28,7,,,,,,,
2012-05-06,30,7,,,,,,,
2012-05-07,29,6,,,,,,,
2012-05-08,27,8,,,,,,,
2012-05-09,27,6,,,,,,,
2012-05-10,28,7,,,,,,,
2012-05-11,28,7,,,,,,,
2012-05-12,27,8,,,,,,,
2012-05-13,20,5,,,,,,,
2012-05-14,20,7,,,,,,,
2012-05-15,26,9,,,,,,,
2012-05-16,23,9,,,,,,,
2012-05-17,23,8,,,,,,,
2012-05-18,24,8,,,,,,,
2012-05-19,22,6,,,,,,,
2012-05-20,19,6,,,,,,,
2012-05-21,16,6,,,,,,,
2012-05-22,26,5,,,,,,,
2012-05-23,22,13,,,,,,,
2012-05-24,22,11,,,,,,,
2012-05-25,23,10,,,,,,,
2012-05-26,23,11,,,,,,,
2012-05-27,20,9,,,,,,,
2012-05-28,22,7,,,,,,,
2012-05-29,23,11,,,,,,,
2012-05-30,23,11,,,,,,,
2012-05-31,19,11,,,,,,,
2012-06-01,20,12,,,,,,,
2012-06-02,23,36,,,,,,,
2012-06-03,20,30,,,,,,,
2012-06-04,34,35,,,,,,,
2012-06-05,53,42,,,,,,,
2012-06-06,57,42,,,,,,,
2012-06-07,48,35,,,,,,,
2012-06-08,45,30,,,,,,,
2012-06-09,44,42,,,,,,,
2012-06-10,36,44,,,,,,,
2012-06-11,29,26,,,,,,,
2012-06-12,29,26,,,,,,,
2012-06-13,30,22,,,,,,,
2012-06-14,38,20,,,,,,,
2012-06-15,48,8,,,,,,,
2012-06-16,47,16,,,,,,,
2012-06-17,33,8,,,,,,,
2012-06-18,20,15,,,,,,,
2012-06-19,20,11,,,,,,,
2012-06-20,28,10,,,,,,,
2012-06-21,32,8,,,,,,,
2012-06-22,43,14,,,,,,,
2012-06-23,59,19,,,,,,,
2012-06-24,66,9,,,,,,,
2012-06-25,55,12,,,,,,,
2012-06-26,39,26,,,,,,,
2012-06-27,39,29,,,,,,,
2012-06-28,41,29,,,,,,,
2012-06-29,34,30,,,,,,,
2012-06-30,27,29,,,,,,,
2012-07-01,25,29,,,,,,,
2012-07-02,34,29,,,,,,,
2012-07-03,37,30,,,,,,,
2012-07-04,39,36,,,,,,,
2012-07-05,31,18,,,,,,,
2012-07-06,40,16,,,,,,,
2012-07-07,54,36,,,,,,,
2012-07-08,52,36,,,,,,,
2012-07-09,37,47,,,,,,,
2012-07-10,41,47,,,,,,,
2012-07-11,40,47,,,,,,,
2012-07-12,29,33,,,,,,,
2012-07-13,44,35,,,,,,,
2012-07-14,55,13,,,,,,,
2012-07-15,55,10,,,,,,,
2012-07-16,45,14,,,,,,,
2012-07-17,49,32,,,,,,,
2012-07-18,48,33,,,,,,,
2012-07-19,47,27,,,,,,,
2012-07-20,44,7,,,,,,,
2012-07-21,41,7,,,,,,,
2012-07-22,49,4,,,,,,,
2012-07-23,43,5,,,,,,,
2012-07-24,48,,,,,,,,
2012-07-25,51,,,,,,,,
2012-07-26,55,,,,,,,,
2012-07-27,53,,,,,,,,
2012-07-28,54,,,,,,,,
2012-07-29,53,,,,,,,,
2012-07-30,39,,,,,,,,
2012-07-31,40,,,,,,,,
2012-08-01,52,,,,,,,,
2012-08-02,54,,,,,,,,
2012-08-03,41,13,,,,,,,
2012-08-04,41,56,,,,,,,
2012-08-05,47,40,,,,,,,
2012-08-06,31,21,,,,,,,
2012-08-07,27,30,,,,,,,
2012-08-08,37,38,,,,,,,
2012-08-09,51,47,,,,,,,
2012-08-10,49,53,,,,,,,
2012-08-11,53,52,,,,,,,
2012-08-12,50,44,,,,,,,
2012-08-13,27,29,,,,,,,
2012-08-14,47,40,,,,,,,
2012-08-15,45,41,,,,,,,
2012-08-16,39,35,,,,,,,
2012-08-17,42,35,,,,,,,
2012-08-18,40,33,,,,,,,
2012-08-19,33,33,,,,,,,
2012-08-20,27,33,,,,,,,
2012-08-21,27,35,,,,,,,
2012-08-22,43,48,,,,,,,
2012-08-23,43,41,,,,,,,
2012-08-24,28,36,,,,,,,
2012-08-25,40,35,,,,,,,
2012-08-26,41,35,,,,,,,
2012-08-27,27,32,,,,,,,
2012-08-28,36,47,,,,,,,
2012-08-29,52,47,,,,,,,
2012-08-30,50,42,,,,,,,
2012-08-31,49,49,,,,,,,
2012-09-01,65,61,,,,,,,
2012-09-02,64,61,,,,,,,
2012-09-03,47,49,,,,,,,
2012-09-04,5,51,,,,,,,
2012-09-05,4,53,,,,,,,
2012-09-06,,60,,,,,,,
2012-09-07,,62,,,,,,,
2012-09-08,,58,,,,,,,
2012-09-09,,39,,,,,,,
2012-09-10,,28,,,,,,,
2012-09-11,,49,,,,,,,
2012-09-12,,57,,,,,,,
2012-09-13,,55,,,,,,,
2012-09-14,,52,,,,,,,
2012-09-15,,52,,,,,,,
2012-09-16,,42,,,,,,,
2012-09-17,,43,,,,,,,
2012-09-18,,43,,,,,,,
2012-09-19,,38,,,,,,,
2012-09-20,21,36,,,,,,,
2012-09-21,35,51,,,,,,,
2012-09-22,32,42,,,,,,,
2012-09-23,25,30,,,,,,,
2012-09-24,27,35,,,,,,,
2012-09-25,28,36,,,,,,,
2012-09-26,18,19,,,,,,,
2012-09-27,35,48,,,,,,,
2012-09-28,38,48,,,,,,,
2012-09-29,27,35,,,,,,,
2012-09-30,23,34,,,,,,,
2012-10-01,23,27,,,,,,,
2012-10-02,25,31,,,,,,,
2012-10-03,29,41,,,,,,,
2012-10-04,25,36,,,,,,,
2012-10-05,15,16,,,,,,,
2012-10-06,10,16,,,,,,,
2012-10-07,11,19,,,,,,,
2012-10-08,34,25,,,,,,,
2012-10-09,35,29,,,,,,,
2012-10-10,23,28,,,,,,,
2012-10-11,24,35,,,,,,,
2012-10-12,46,37,,,,,,,
2012-10-13,47,39,,,,,,,
2012-10-14,27,25,,,,,,,
2012-10-15,16,24,,,,,,,
2012-10-16,19,22,,,,,,,
2012-10-17,35,33,,,,,,,
2012-10-18,29,34,,,,,,,
2012-10-19,43,39,,,,,,,
2012-10-20,56,59,,,,,,,
2012-10-21,46,55,,,,,,,
2012-10-22,22,27,,,,,,,
2012-10-23,38,52,,,,,,,
2012-10-24,29,37,,,,,,,
2012-10-25,22,26,,,,,,,
2012-10-26,31,48,,,,,,,
2012-10-27,32,45,,,,,,,
2012-10-28,26,34,,,,,,,
2012-10-29,21,17,,,,,,,
2012-10-30,26,31,,,,,,,
2012-10-31,23,29,,,,,,,
2012-11-01,34,26,,,,,,,
2012-11-02,30,21,,,,,,,
2012-11-03,28,22,,,,,,,
2012-11-04,18,11,,,,,,,
2012-11-05,18,15,,,,,,,
2012-11-06,19,15,,,,,,,
2012-11-07,17,23,,,,,,,
2012-11-08,30,24,,,,,,,
2012-11-09,39,30,,,,,,,
2012-11-10,40,33,,,,,,,
2012-11-11,29,22,,,,,,,
2012-11-12,18,23,,,,,,,
2012-11-13,23,23,,,,,,,
2012-11-14,24,23,,,,,,,
2012-11-15,22,26,,,,,,,
2012-11-16,31,26,,,,,,,
2012-11-17,18,17,,,,,,,
2012-11-18,15,21,,,,,,,
2012-11-19,21,22,,,,,,,
2012-11-20,21,20,,,,,,,
2012-11-21,20,24,,,,,,,
2012-11-22,20,24,,,,,,,
2012-11-23,38,27,,,,,,,
2012-11-24,39,29,,,,,,,
2012-11-25,23,23,,,,,,,
2012-11-26,16,20,,,,,,,
2012-11-27,23,17,,,,,,,
2012-11-28,41,15,,,,,,,
2012-11-29,34,15,,,,,,,
2012-11-30,26,13,,,,,,,
2012-12-01,28,17,,,,,,,
2012-12-02,32,20,,,,,,,
2012-12-03,18,27,,,,,,,
2012-12-04,29,28,,,,,,,
2012-12-05,26,23,,,,,,,
2012-12-06,25,29,,,,,,,
2012-12-07,35,29,,,,,,,
2012-12-08,34,32,,,,,,,
2012-12-09,28,27,,,,,,,
2012-12-10,31,24,,,,,,,
2012-12-11,36,34,,,,,,,
2012-12-12,31,31,,,,,,,
2012-12-13,26,28,,,,,,,
2012-12-14,34,26,,,,,,,
2012-12-15,45,22,,,,,,,
2012-12-16,32,21,,,,,,,
2012-12-17,24,22,,,,,,,
2012-12-18,19,18,,,,,,,
2012-12-19,30,27,,,,,,,
2012-12-20,36,33,,,,,,,
2012-12-21,25,31,,,,,,,
2012-12-22,,24,,,,,,,
2012-12-23,,24,,,,,,,
2012-12-24,,28,,,,,,,
2012-12-25,,27,,,,,,,
2012-12-26,,24,,,,,,,
2012-12-27,,32,,,,,,,
2012-12-28,,32,,,,,,,
2012-12-29,,26,,,,,,,
2012-12-30,,27,,,,,,,
2012-12-31,,23,,,,,,,
2013-01-01,,27,,,,,,,
2013-01-02,,23,,,,,,,
2013-01-03,,27,,,,,,,
2013-01-04,,29,,,,,,,
2013-01-05,,31,,,,,,,
2013-01-06,,34,,,,,,,
2013-01-07,,21,,,,,,,
2013-01-08,,26,,,,,,,
2013-01-09,,42,,,,,,,
2013-01-10,,38,,,,,,,
2013-01-11,,35,,,,,,,
2013-01-12,,37,,,,,,,
2013-01-13,,40,,,,,,,
2013-01-14,,23,,,,,,,
2013-01-15,,24,,,,,,,
2013-01-16,,51,,,,,,,
2013-01-17,,50,,,,,,,
2013-01-18,,53,,,,,,,
2013-01-19,,56,,,,,,,
2013-01-20,,54,,,,,,,
2013-01-21,,52,,,,,,,
2013-01-22,,53,,,,,,,
2013-01-23,,53,,,,,,,
2013-01-24,27,20,,,,,,,
2013-01-25,35,40,,,,,,,
2013-01-26,34,32,,,,,,,
2013-01-27,33,32,,,,,,,
2013-01-28,29,29,,,,,,,
2013-01-29,29,34,,,,,,,
2013-01-30,28,28,,,,,,,
2013-01-31,34,33,,,,,,,
2013-02-01,31,25,,,,,,,
2013-02-02,20,26,,,,,,,
2013-02-03,21,26,,,,,,,
2013-02-04,16,20,,,,,,,
2013-02-05,21,23,,,,,,,
2013-02-06,35,24,,,,,,,
2013-02-07,,26,,,,,,,
2013-02-08,48,23,,,,,,,
2013-02-09,23,18,,,,,,,
2013-02-10,28,21,,,,,,,
2013-02-11,34,31,,,,,,,
2013-02-12,45,36,,,,,,,
2013-02-13,42,27,,,,,,,
2013-02-14,40,27,,,,,,,
2013-02-15,53,59,,,,,,,
2013-02-16,57,60,,,,,,,
2013-02-17,39,29,,,,,,,
2013-02-18,24,20,,,,,,,
2013-02-19,50,47,,,,,,,
2013-02-20,47,42,,,,,,,
2013-02-21,37,35,,,,,,,
2013-02-22,36,34,,,,,,,
2013-02-23,38,35,,,,,,,
2013-02-24,31,29,,,,,,,
2013-02-25,24,24,,,,,,,
2013-02-26,31,31,2,,,,,,
2013-02-27,35,35,34,,,,,,
2013-02-28,34,33,31,,,,,,
2013-03-01,24,25,29,32,,,,,
2013-03-02,35,32,40,46,,,,,
2013-03-03,39,39,44,32,,,,,
2013-03-04,,29,46,45,,,,,
2013-03-05,62,25,49,59,,,,,
2013-03-06,45,21,,54,,,,,
2013-03-07,24,10,39,28,,,,,
2013-03-08,29,19,45,38,,,,,
2013-03-09,40,12,51,54,,,,,
2013-03-10,39,10,43,38,,,,,
2013-03-11,30,11,39,29,,,,,
2013-03-12,30,9,34,26,,,,,
2013-03-13,23,8,30,17,,,,,
2013-03-14,32,7,34,22,,,,,
2013-03-15,25,9,,22,,,,,
2013-03-16,43,9,,50,,,,,
2013-03-17,36,7,,38,,,,,
2013-03-18,21,11,,32,,,,,
2013-03-19,23,15,11,34,,,,,
2013-03-20,20,15,,26,,,,,
2013-03-21,26,21,,9,,,,,
2013-03-22,38,11,,39,,,,,
2013-03-23,39,16,,53,,,,,
2013-03-24,49,13,,53,,,,,
2013-03-25,25,24,,38,,,,,
2013-03-26,35,10,,34,,,,,
2013-03-27,37,20,,32,,,,,
2013-03-28,31,15,,25,,,,,
2013-03-29,25,10,,29,,,,,
2013-03-30,21,9,,32,,,,,
2013-03-31,15,9,,28,,,,,
2013-04-01,25,15,33,25,,,,,
2013-04-02,40,35,36,35,,,,,
2013-04-03,36,35,41,37,,,,,
2013-04-04,28,40,47,40,,,,,
2013-04-05,,35,49,42,,,,,
2013-04-06,,39,,51,,,,,
2013-04-07,,35,,38,,,,,
2013-04-08,,24,,31,,,,,
2013-04-09,,31,22,29,,,,,
2013-04-10,,34,40,40,,,,,
2013-04-11,,33,39,57,,,,,
2013-04-12,,10,32,49,,,,,
2013-04-13,,38,44,59,,,,,
2013-04-14,,34,44,59,,,,,
2013-04-15,,14,30,53,,,,,
2013-04-16,,25,34,46,,,,,
2013-04-17,,37,38,48,,,,,
2013-04-18,,31,36,49,,,,,
2013-04-19,,19,20,30,,,,,
2013-04-20,,15,,26,,,,,
2013-04-21,25,18,,39,,,,,
2013-04-22,14,17,,30,,,,,
2013-04-23,22,35,,12,,,,,
2013-04-24,28,32,,25,,,,,
2013-04-25,28,,,30,,,,,
2013-04-26,29,,23,,,,,,
2013-04-27,22,,21,,,,,,
2013-04-28,21,,14,,,,,,
2013-04-29,27,9,,,,,,,
2013-04-30,31,23,,,,,,,
2013-05-01,36,28,,,,,,,
2013-05-02,14,14,,,,,,,
2013-05-03,21,27,,39,,,,,
2013-05-04,42,62,,55,,,,,
2013-05-05,34,55,,51,,,,,
2013-05-06,16,21,,36,,,,,
2013-05-07,26,37,,31,,,,,
2013-05-08,38,35,30,52,,,,,
2013-05-09,39,30,31,48,,,,,
2013-05-10,25,24,32,36,8,,,,
2013-05-11,31,25,33,31,52,,,,
2013-05-12,33,23,29,30,68,,,,
2013-05-13,33,23,35,42,64,,,,
2013-05-14,22,23,30,32,54,,,,
2013-05-15,26,24,29,33,52,,,,
2013-05-16,22,13,27,25,47,,,,
2013-05-17,33,21,25,42,60,,,,
2013-05-18,28,29,34,40,62,,,,
2013-05-19,29,33,31,40,57,,,,
2013-05-20,19,22,26,22,42,,,,
2013-05-21,19,22,25,20,42,,,,
2013-05-22,25,21,30,19,48,,,,
2013-05-23,22,20,20,19,43,,,,
2013-05-24,24,28,34,27,52,,,,
2013-05-25,33,37,33,28,57,,,,
2013-05-26,26,40,18,28,56,,,,
2013-05-27,32,23,33,41,56,,,,
2013-05-28,39,26,28,57,61,,,,
2013-05-29,23,22,28,33,47,,,,
2013-05-30,40,28,27,32,51,,,,
2013-05-31,34,21,21,26,43,,,,
2013-06-01,17,16,33,44,36,,,,
2013-06-02,,16,33,51,42,,,,
2013-06-03,,22,31,41,40,,,,
2013-06-04,,31,38,41,50,,,,
2013-06-05,,32,40,42,42,,,,
2013-06-06,,31,39,48,41,,,,
2013-06-07,,38,50,56,60,,,,
2013-06-08,,43,54,64,65,,,,
2013-06-09,,,53,57,38,,,,
2013-06-10,,,41,45,41,,,,
2013-06-11,,,42,43,26,,,,
2013-06-12,,,31,35,25,,,,
2013-06-13,,,37,61,31,,,,
2013-06-14,,,36,36,17,,,,
2013-06-15,,,30,58,37,,,,
2013-06-16,,,39,57,35,,,,
2013-06-17,,10,32,38,33,,,,
2013-06-18,,29,41,50,63,,,,
2013-06-19,,26,45,47,59,,,,
2013-06-20,,30,38,50,47,,,,
2013-06-21,,36,47,61,53,,,,
2013-06-22,,37,45,47,61,,,,
2013-06-23,,35,52,51,58,,,,
2013-06-24,,26,45,40,58,,,,
2013-06-25,,18,43,24,35,,,,
2013-06-26,,30,52,34,49,,,,
2013-06-27,,31,42,32,55,,,,
2013-06-28,,25,38,41,53,,,,
2013-06-29,,23,38,47,55,,,,
2013-06-30,,23,45,50,75,,,,
2013-07-01,,24,37,42,72,,,,
2013-07-02,,23,45,42,50,,,,
2013-07-03,,32,53,47,65,,,,
2013-07-04,,34,46,37,63,,,,
2013-07-05,,32,,42,60,,,,
2013-07-06,,33,,45,60,,,,
2013-07-07,,33,,50,59,,,,
2013-07-08,,29,,35,53,,,,
2013-07-09,,29,,43,54,,,,
2013-07-10,,42,,45,64,,,,
2013-07-11,,36,42,50,59,,,,
2013-07-12,14,30,41,48,53,,,,
2013-07-13,13,19,35,43,44,,,,
2013-07-14,16,23,46,60,57,,,,
2013-07-15,21,29,46,54,56,,,,
2013-07-16,38,38,53,60,81,,,,
2013-07-17,37,43,53,59,78,,,,
2013-07-18,37,45,48,51,61,,,,
2013-07-19,32,35,44,45,66,,,,
2013-07-20,41,52,35,51,72,,,,
2013-07-21,25,40,38,42,61,,,,
2013-07-22,23,29,37,44,,,,,
2013-07-23,33,35,,64,,,,,
2013-07-24,40,44,,66,,,,,
2013-07-25,36,41,,61,,,,,
2013-07-26,36,40,,67,,,,,
2013-07-27,27,42,,58,,,,,
2013-07-28,21,34,,77,,,,,
2013-07-29,22,30,,45,,,,,
2013-07-30,32,32,,43,,,,,
2013-07-31,40,46,,50,,,,,
2013-08-01,35,49,12,59,,,,,
2013-08-02,28,34,40,54,,,,,
2013-08-03,23,30,42,40,,,,,
2013-08-04,20,35,38,48,,,,,
2013-08-05,16,27,41,49,,,,,
2013-08-06,30,34,46,41,,,,,
2013-08-07,32,33,44,47,,,,,
2013-08-08,21,54,28,38,,,,,
2013-08-09,31,57,39,52,,,,,
2013-08-10,22,58,32,39,,,,,
2013-08-11,25,56,,46,,,,,
2013-08-12,15,,30,42,,,,,
2013-08-13,23,56,37,61,,,,,
2013-08-14,33,,46,51,,,,,
2013-08-15,36,,45,54,,,,,
2013-08-16,52,,42,53,,,,,
2013-08-17,36,,43,31,,,,,
2013-08-18,13,,36,44,,,,,
2013-08-19,16,,37,47,,,,,
2013-08-20,35,,54,41,,,,,
2013-08-21,38,,56,87,,,,,
2013-08-22,47,,53,77,,,,,
2013-08-23,52,,52,80,,,,,
2013-08-24,43,,49,47,,,,,
2013-08-25,34,,47,43,,,,,
2013-08-26,18,,30,47,,,,,
2013-08-27,5,41,53,54,,,,,
2013-08-28,4,46,59,55,,,,,
2013-08-29,4,43,54,52,,,,,
2013-08-30,4,38,44,47,,,,,
2013-08-31,4,38,54,49,,,,,
2013-09-01,4,39,59,67,,,46,,
2013-09-02,6,35,53,48,,,47,,
2013-09-03,17,36,51,53,,,48,,
2013-09-04,22,29,51,58,,,47,,
2013-09-05,28,,50,87,,,48,,
2013-09-06,20,,39,46,,,43,,
2013-09-07,15,,31,67,,,41,,
2013-09-08,15,,36,53,,,40,,
2013-09-09,15,,31,47,,,40,,
2013-09-10,15,,21,41,,,40,,
2013-09-11,20,,31,58,,,52,,
2013-09-12,17,,31,43,,,50,,
2013-09-13,18,,35,45,,,42,,
2013-09-14,25,,45,50,,,49,,
2013-09-15,29,,41,49,,,52,,
2013-09-16,25,,30,80,,,49,,
2013-09-17,24,,35,26,,,47,,
2013-09-18,26,,33,40,,,48,,
2013-09-19,31,,49,41,,,49,,
2013-09-20,34,,54,38,,,56,,
2013-09-21,36,,54,52,,,57,,
2013-09-22,22,,45,47,,,44,,
2013-09-23,,,40,36,,,40,,
2013-09-24,,,38,49,,,48,,
2013-09-25,,,39,50,,,49,,
2013-09-26,24,,40,48,34,,48,,
2013-09-27,27,43,46,45,45,,50,,
2013-09-28,28,43,42,50,42,,50,,
2013-09-29,17,29,31,33,28,,40,,
2013-09-30,13,29,29,44,34,,35,,
2013-10-01,25,37,36,44,41,,43,,
2013-10-02,22,39,41,64,49,,47,,
2013-10-03,21,34,43,37,49,,46,,
2013-10-04,15,39,30,46,62,,47,,
2013-10-05,18,38,43,46,66,,47,,
2013-10-06,21,41,44,46,50,,44,,
2013-10-07,19,44,35,67,49,,43,,
2013-10-08,33,54,,50,70,,55,,
2013-10-09,35,52,,51,69,,55,,
2013-10-10,35,49,,56,64,,53,,
2013-10-11,35,42,38,61,66,,54,,
2013-10-12,25,38,44,54,53,,42,,
2013-10-13,20,24,22,40,45,,32,,
2013-10-14,10,18,16,32,42,,28,,
2013-10-15,18,39,22,47,57,,55,,
2013-10-16,,40,36,49,56,,55,,
2013-10-17,,35,37,57,71,,52,,
2013-10-18,,52,41,51,79,,60,,
2013-10-19,,52,42,61,66,,53,,
2013-10-20,,47,44,62,54,,47,,
2013-10-21,17,36,34,44,47,,39,,
2013-10-22,16,35,22,33,45,,43,,
2013-10-23,25,52,33,41,59,,57,,
2013-10-24,44,53,35,41,67,,60,,
2013-10-25,48,57,51,55,75,,63,,
2013-10-26,27,44,42,47,62,,51,,
2013-10-27,18,36,27,28,53,,44,,
2013-10-28,23,38,32,45,47,,41,,
2013-10-29,24,37,34,37,49,,41,,
2013-10-30,21,37,,49,61,,41,,
2013-10-31,19,37,,34,56,,39,,
2013-11-01,33,44,,28,48,,52,,
2013-11-02,27,37,,29,57,,48,,
2013-11-03,22,37,,27,56,,40,,
2013-11-04,12,24,,22,29,,24,,
2013-11-05,,48,,58,67,,58,,
2013-11-06,,54,,57,65,,61,,
2013-11-07,,48,,54,55,,53,,
2013-11-08,,40,,50,42,,40,,
2013-11-09,,36,,41,38,,38,,
2013-11-10,,33,,51,46,,31,,
2013-11-11,25,30,,48,51,,32,,
2013-11-12,17,35,,47,45,,41,,
2013-11-13,,44,,56,57,,49,,
2013-11-14,,52,,63,63,,53,,
2013-11-15,,48,,59,65,,53,,
2013-11-16,36,44,,55,57,,56,,
2013-11-17,29,39,,49,53,,44,,
2013-11-18,20,30,,44,54,,43,,
2013-11-19,21,33,,46,57,,47,,
2013-11-20,20,,,42,50,,43,,
2013-11-21,26,,,51,63,,53,,
2013-11-22,30,,,52,62,,51,,
2013-11-23,,,,52,59,,48,,
2013-11-24,,,,50,54,,42,,
2013-11-25,,,,,53,,48,,
2013-11-26,,,,,60,,55,,
2013-11-27,,,,,52,,51,,
2013-11-28,,,,,68,,53,,
2013-11-29,,,,,62,,52,,
2013-11-30,,,,,40,,44,,
2013-12-01,17,30,32,43,,,39,,
2013-12-02,15,,22,44,,,43,,
2013-12-03,28,,33,44,,,53,,
2013-12-04,37,44,37,65,,,54,,
2013-12-05,,53,44,69,,,57,,
2013-12-06,,57,41,54,,,57,,
2013-12-07,20,53,27,44,,,54,,
2013-12-08,20,32,26,33,,,43,,
2013-12-09,28,54,28,46,,,60,,
2013-12-10,29,54,41,50,,,60,,
2013-12-11,,61,54,52,,,57,,
2013-12-12,28,59,42,52,,,58,,
2013-12-13,18,53,38,46,,,52,,
2013-12-14,27,52,37,45,,,53,,
2013-12-15,29,51,43,47,,,53,,
2013-12-16,,35,36,34,,,38,,
2013-12-17,,36,29,35,,,49,,
2013-12-18,37,34,28,46,,,52,,
2013-12-19,17,39,34,42,,,43,,
2013-12-20,28,53,36,45,,,55,,
2013-12-21,24,49,36,39,,,54,,
2013-12-22,19,26,22,21,,,36,,
2013-12-23,14,22,22,31,,,35,,
2013-12-24,26,41,51,49,,,61,,
2013-12-25,36,45,41,52,,,62,,
2013-12-26,34,42,36,49,,,55,,
2013-12-27,41,52,28,54,,,54,,
2013-12-28,48,54,,62,,,57,,
2013-12-29,31,54,,60,,,56,,
2013-12-30,17,36,,44,,,42,,
2013-12-31,17,37,,33,,,37,,
2014-01-01,15,17,28,44,,,26,,
2014-01-02,6,24,34,32,,,3,,
2014-01-03,8,26,36,32,,,3,,
2014-01-04,,26,44,42,,,35,,
2014-01-05,15,27,35,38,,,3,,
2014-01-06,3,13,21,23,,,18,,
2014-01-07,1,23,38,37,,,36,,
2014-01-08,,28,35,35,,,34,,
2014-01-09,,33,28,49,,,46,,
2014-01-10,1,22,33,33,,,34,,
2014-01-11,19,35,2,31,,,47,,
2014-01-12,2,42,27,49,,,42,,
2014-01-13,21,38,24,4,,,46,,
2014-01-14,26,47,,37,,,51,,
2014-01-15,26,38,,34,,,46,,
2014-01-16,3,55,34,53,,,52,,
2014-01-17,28,52,35,55,,,52,,
2014-01-18,29,53,41,67,,,53,,
2014-01-19,,44,26,37,,,4,,
2014-01-20,15,33,19,31,,,42,,
2014-01-21,19,43,19,31,,,44,,
2014-01-22,31,44,34,43,,,46,,
2014-01-23,26,5,34,4,,,46,,
2014-01-24,2,44,37,45,,,4,,
2014-01-25,18,44,25,29,,,36,,
2014-01-26,3,18,15,28,,,21,,
2014-01-27,12,49,24,36,,,39,,
2014-01-28,27,49,36,52,,,42,,
2014-01-29,2,4,24,4,,,42,,
2014-01-30,11,32,15,35,,,39,,
2014-01-31,32,53,29,69,,,47,,
2014-02-01,21,49,4,65,58,35,5,,
2014-02-02,12,3,24,22,34,26,31,,
2014-02-03,27,52,48,34,61,9,48,,
2014-02-04,3,53,4,49,63,2,48,,
2014-02-05,16,34,28,34,41,33,37,,
2014-02-06,4,62,48,83,88,67,59,,
2014-02-07,35,65,42,58,82,67,54,,
2014-02-08,3,55,45,57,65,53,53,,
2014-02-09,17,44,29,47,53,4,36,,
2014-02-10,2,42,36,46,53,44,4,,
2014-02-11,34,57,44,58,83,63,54,,
2014-02-12,13,31,2,41,,16,33,,
2014-02-13,14,28,,3,,29,37,,
2014-02-14,21,47,,39,58,55,38,,
2014-02-15,29,52,,55,65,,51,,
2014-02-16,22,43,,41,59,,4,,
2014-02-17,31,48,,39,71,,45,,
2014-02-18,29,51,3,55,2,,53,,
2014-02-19,21,46,28,49,2,,49,,
2014-02-20,2,38,29,39,2,,39,,
2014-02-21,22,4,29,43,43,,4,,
2014-02-22,31,46,2,44,52,,46,,
2014-02-23,12,33,22,3,42,,27,,
2014-02-24,23,42,22,33,41,,35,,
2014-02-25,21,37,26,2,47,,34,,
2014-02-26,18,41,28,47,,,43,,
2014-02-27,21,36,2,35,,,35,,
2014-02-28,22,,21,35,,,46,,
2014-03-01,11,,12,21,,,3,,
2014-03-02,8,,18,22,,,28,,
2014-03-03,18,,17,29,,,33,,
2014-03-04,18,,31,4,,,4,,
2014-03-05,21,,25,42,,,44,,
2014-03-06,,44,27,45,,,4,,
2014-03-07,,42,25,47,,,38,,
2014-03-08,,33,22,4,,,29,,
2014-03-09,,26,17,32,,,25,,
2014-03-10,,35,21,28,,,37,,
2014-03-11,,54,26,41,,,46,,
2014-03-12,,51,32,45,,,56,,
2014-03-13,,58,33,52,,,64,,
2014-03-14,,54,31,44,,,53,,
2014-03-15,,5,34,46,,,48,,
2014-03-16,,42,34,4,,,41,,
2014-03-17,,31,27,25,,,39,,
2014-03-18,,36,33,33,,,34,,
2014-03-19,,55,47,53,,,42,,
2014-03-20,,51,45,53,,,43,,
2014-03-21,2,49,25,26,,,35,,
2014-03-22,,54,31,4,,,37,,
2014-03-23,26,37,34,51,,,34,,
2014-03-24,,35,21,4,,,3,,
2014-03-25,27,51,26,45,,,44,,
2014-03-26,28,54,19,29,,,45,,
2014-03-27,54,58,25,46,,,45,,
2014-03-28,,58,36,58,,,43,,
2014-03-29,,43,,4,,,31,,
2014-03-30,34,38,,35,,,29,,
2014-03-31,28,49,,43,,,3,,
2014-04-01,43,59,47,61,,,41,,
2014-04-02,,56,48,4,,,46,,
2014-04-03,,56,3,4,,,44,,
2014-04-04,,53,29,56,,49,34,,
2014-04-05,,5,33,54,,42,36,,
2014-04-06,16,39,3,34,,23,23,,
2014-04-07,14,34,36,24,,2,27,,
2014-04-08,46,,37,49,,38,4,,
2014-04-09,37,53,45,47,,55,36,,
2014-04-10,19,52,4,49,,54,32,,
2014-04-11,29,58,39,71,,6,36,,
2014-04-12,34,6,4,55,,6,37,,
2014-04-13,23,47,37,57,,59,29,,
2014-04-14,28,48,36,52,,61,31,,
2014-04-15,16,36,31,39,,35,23,,
2014-04-16,2,43,58,64,,52,33,,
2014-04-17,16,,42,54,,5,23,,
2014-04-18,14,,34,52,,34,23,,
2014-04-19,22,,26,46,,,26,,
2014-04-20,18,,28,45,,,23,,
2014-04-21,18,,41,38,,,26,,
2014-04-22,15,44,21,45,,,25,,
2014-04-23,15,3,13,28,,18,25,,
2014-04-24,27,46,21,51,,58,31,,
2014-04-25,3,49,45,49,,54,31,,
2014-04-26,11,29,32,34,,23,21,,
2014-04-27,4,27,3,36,,25,14,,
2014-04-28,16,38,41,41,,32,23,,
2014-04-29,6,33,39,41,,26,21,,
2014-04-30,26,54,32,37,,48,29,,
2014-05-01,,46,34,48,,49,,,
2014-05-02,19,41,23,31,,34,,,
2014-05-03,13,41,34,37,,33,,,
2014-05-04,,32,3,36,1,33,,,
2014-05-05,,5,37,4,4,47,,,
2014-05-06,5,57,34,4,51,5,,,
2014-05-07,23,43,28,45,34,4,,,
2014-05-08,29,35,34,49,37,38,,,
2014-05-09,1,19,31,29,27,21,,,
2014-05-10,18,39,3,43,41,39,,,
2014-05-11,2,24,2,6,28,23,,,
2014-05-12,,43,32,34,31,36,,,
2014-05-13,,55,44,57,59,48,,,
2014-05-14,29,47,26,52,56,52,,,
2014-05-15,22,47,34,39,48,4,,,
2014-05-16,29,54,32,34,57,5,,,
2014-05-17,,45,39,65,48,46,,,
2014-05-18,17,36,3,14,4,44,,,
2014-05-19,,49,36,57,57,56,,,
2014-05-20,25,42,3,54,42,55,,,
2014-05-21,25,51,39,65,51,62,,,
2014-05-22,,56,13,62,59,65,,,
2014-05-23,4,53,26,66,45,58,,,
2014-05-24,29,43,43,56,45,45,,,
2014-05-25,16,43,39,52,49,43,,,
2014-05-26,31,57,41,65,6,65,,,
2014-05-27,45,64,4,76,73,68,,,
2014-05-28,,61,13,62,62,71,,,
2014-05-29,1,7,22,45,33,13,,,
2014-05-30,,53,42,58,57,57,,,
2014-05-31,39,37,48,84,53,57,,,
2014-06-01,14,29,35,48,47,41,,,
2014-06-02,8,21,23,39,32,25,,,
2014-06-03,19,38,33,5,49,41,,,
2014-06-04,24,54,37,6,62,53,,,
2014-06-05,,48,36,62,59,52,,,
2014-06-06,54,51,35,59,63,63,,,
2014-06-07,,4,3,55,41,42,,,
2014-06-08,,28,25,32,33,33,,,
2014-06-09,15,39,33,43,41,35,,,
2014-06-10,,53,41,55,57,53,,,
2014-06-11,35,47,36,77,56,56,,,
2014-06-12,22,49,42,55,5,42,,,
2014-06-13,28,11,37,54,54,51,47,,
2014-06-14,3,,4,6,46,55,51,,
2014-06-15,1,,3,46,52,53,32,,
2014-06-16,23,,42,55,47,49,43,,
2014-06-17,33,,32,54,54,58,53,,
2014-06-18,,,4,62,55,28,53,,
2014-06-19,52,,36,56,58,26,57,,
2014-06-20,39,,28,44,56,21,54,,
2014-06-21,33,,41,68,62,24,55,,
2014-06-22,,,47,74,69,38,52,,
2014-06-23,,,4,63,57,22,41,,
2014-06-24,,,31,52,52,16,39,,
2014-06-25,,7,21,32,56,18,45,,
2014-06-26,,45,31,6,59,3,44,,
2014-06-27,,55,32,56,66,32,49,,
2014-06-28,,53,34,61,57,32,49,,
2014-06-29,,41,34,54,56,32,36,,
2014-06-30,,30,20,36,3,27,25,,
2014-07-01,,43,26,49,,3,42,31,
2014-07-02,,32,17,51,,25,32,24,
2014-07-03,,47,27,56,,52,43,34,
2014-07-04,,46,25,49,,41,44,3,
2014-07-05,,4,27,57,,5,39,29,
2014-07-06,1,35,25,53,,47,34,29,
2014-07-07,2,53,33,53,,52,48,32,
2014-07-08,23,46,37,64,,53,51,34,
2014-07-09,27,6,38,64,58,65,53,41,
2014-07-10,4,65,39,65,66,65,54,45,
2014-07-11,37,6,42,67,71,76,55,51,
2014-07-12,2,57,36,47,59,65,4,34,
2014-07-13,13,44,28,41,48,59,4,32,
2014-07-14,26,46,34,51,53,59,46,36,
2014-07-15,23,53,44,56,59,57,51,36,
2014-07-16,28,62,52,71,66,64,58,45,
2014-07-17,29,57,43,62,65,68,56,44,
2014-07-18,25,52,38,57,62,56,5,36,
2014-07-19,27,54,41,46,6,65,46,37,
2014-07-20,15,42,45,52,72,63,35,35,
2014-07-21,21,46,41,52,56,55,42,36,
2014-07-22,2,55,44,64,61,66,51,35,
2014-07-23,28,6,41,59,71,63,58,46,
2014-07-24,3,58,71,97,68,68,54,45,
2014-07-25,26,54,43,52,6,6,47,41,
2014-07-26,17,49,4,48,58,54,44,31,
2014-07-27,14,38,45,56,57,52,35,33,
2014-07-28,21,57,43,54,62,58,44,41,
2014-07-29,26,59,45,49,66,58,51,39,
2014-07-30,24,55,42,65,65,58,54,46,
2014-07-31,32,73,47,6,7,68,53,53,
2014-08-01,,69,51,74,81,8,57,49,
2014-08-02,46,64,56,66,82,81,61,47,
2014-08-03,2,45,39,39,56,61,45,31,
2014-08-04,26,55,51,58,74,68,46,39,
2014-08-05,27,57,53,63,59,62,53,42,
2014-08-06,29,59,47,67,7,67,5,39,
2014-08-07,,38,39,55,58,48,37,31,
2014-08-08,,49,58,6,67,59,51,37,
2014-08-09,,36,,59,53,54,33,28,
2014-08-10,,4,,41,49,35,3,24,
2014-08-11,,41,4,34,52,37,31,22,
2014-08-12,18,45,43,56,59,61,45,34,
2014-08-13,32,45,49,55,67,53,4,44,
2014-08-14,15,53,43,56,64,67,46,4,
2014-08-15,,55,17,55,7,59,44,43,
2014-08-16,,,52,62,71,72,56,43,
2014-08-17,,,46,58,81,78,47,4,
2014-08-18,,,46,47,57,55,36,32,
2014-08-19,,,41,43,58,6,37,34,
2014-08-20,18,55,46,54,71,7,4,39,
2014-08-21,23,54,48,54,68,64,45,43,
2014-08-22,,59,64,46,86,72,55,5,
2014-08-23,28,44,47,59,6,61,44,38,
2014-08-24,22,42,48,55,56,57,38,33,
2014-08-25,24,51,43,59,6,62,53,37,
2014-08-26,,51,49,57,63,66,41,35,
2014-08-27,,45,41,52,67,58,37,26,
2014-08-28,34,52,58,58,6,76,51,38,
2014-08-29,32,56,25,154,121,72,5,45,
2014-08-30,32,53,,67,59,62,49,39,
2014-08-31,19,46,,17,68,67,4,54,
2014-09-01,31,52,28,79,60,61,49,53,
2014-09-02,,44,84,73,57,65,48,43,
2014-09-03,,53,44,73,80,82,49,35,
2014-09-04,,48,43,59,57,61,40,36,
2014-09-05,,57,51,62,73,75,52,44,
2014-09-06,,55,45,62,66,71,49,45,
2014-09-07,,48,40,57,64,58,42,35,
2014-09-08,,50,48,58,61,70,44,39,
2014-09-09,,53,47,58,58,60,46,39,
2014-09-10,,53,43,61,59,59,46,39,
2014-09-11,,42,64,69,58,68,40,41,
2014-09-12,,,52,56,61,52,42,27,
2014-09-13,,,49,59,59,57,42,40,
2014-09-14,,,54,53,52,45,29,29,
2014-09-15,,,77,45,58,40,37,21,
2014-09-16,,45,49,61,56,46,43,29,
2014-09-17,,44,43,61,57,29,38,41,
2014-09-18,,38,64,60,46,53,39,32,
2014-09-19,,48,43,61,66,92,39,31,
2014-09-20,,41,49,57,64,54,45,30,
2014-09-21,,42,30,61,57,,35,25,
2014-09-22,,25,58,40,40,16,26,17,
2014-09-23,,48,51,47,60,22,40,29,
2014-09-24,,41,50,58,50,,41,39,
2014-09-25,,42,42,41,54,30,42,36,
2014-09-26,,56,58,67,63,6,48,32,
2014-09-27,,54,61,55,59,,52,39,
2014-09-28,,32,50,57,55,17,28,34,
2014-09-29,,45,64,56,57,48,46,37,
2014-09-30,,53,64,54,69,57,51,37,
2014-10-01,,61,61,93,81,70,58,45,
2014-10-02,,62,53,69,75,73,64,54,
2014-10-03,,56,37,62,52,58,52,40,
2014-10-04,,37,30,45,51,45,40,30,
2014-10-05,,27,10,34,42,37,25,20,
2014-10-06,,29,21,37,36,34,32,25,
2014-10-07,,29,20,38,36,34,38,29,
2014-10-08,,29,6,30,33,28,36,19,
2014-10-09,,36,,33,51,52,35,26,
2014-10-10,,40,18,46,61,45,51,26,
2014-10-11,,43,15,42,55,45,48,29,
2014-10-12,,49,28,63,64,67,45,37,
2014-10-13,,35,29,56,55,53,42,39,
2014-10-14,,49,29,47,53,43,53,40,
2014-10-15,,52,33,57,52,52,55,43,
2014-10-16,,52,43,56,57,52,51,42,
2014-10-17,,48,32,58,57,55,51,46,
2014-10-18,,27,,36,35,42,29,21,
2014-10-19,,21,6,21,29,27,24,17,
2014-10-20,,41,,41,57,41,42,32,
2014-10-21,,56,21,54,67,59,52,37,
2014-10-22,,51,,45,59,28,51,35,
2014-10-23,,49,16,45,62,,51,30,
2014-10-24,,54,22,43,76,29,52,42,
2014-10-25,,,8,7,25,28,30,19,
2014-10-26,,22,26,15,21,19,25,19,
2014-10-27,,44,54,57,30,38,49,39,
2014-10-28,,51,41,30,54,47,51,40,
2014-10-29,,46,41,33,42,55,39,32,
2014-10-30,,36,28,23,39,37,45,28,
2014-10-31,,38,35,30,41,39,43,25,
2014-11-01,,48,54,41,54,44,46,35,
2014-11-02,,36,39,47,48,39,34,35,
2014-11-03,,47,40,46,58,56,33,34,
2014-11-04,,28,37,27,43,31,38,28,
2014-11-05,,30,31,26,32,27,27,19,
2014-11-06,,39,34,30,42,30,37,23,
2014-11-07,,46,45,40,49,52,39,32,
2014-11-08,,36,28,24,37,42,41,25,
2014-11-09,,32,39,33,39,45,34,29,
2014-11-10,,29,34,24,30,26,28,17,
2014-11-11,,30,29,27,40,26,37,22,
2014-11-12,,27,25,22,30,33,32,19,
2014-11-13,,50,30,31,62,55,52,41,
2014-11-14,,52,49,54,87,59,55,41,
2014-11-15,,,36,33,56,45,41,31,
2014-11-16,,,38,29,70,60,39,35,
2014-11-17,,,42,,64,49,35,33,
2014-11-18,,,39,39,46,39,38,32,
2014-11-19,,36,24,25,57,61,47,29,
2014-11-20,,61,61,47,67,58,58,48,
2014-11-21,,54,45,39,55,57,48,36,
2014-11-22,,32,31,29,35,42,33,26,
2014-11-23,,40,41,40,56,54,40,33,
2014-11-24,,53,42,45,53,54,44,38,
2014-11-25,,56,25,26,58,44,52,31,
2014-11-26,,24,22,33,55,46,41,27,
2014-11-27,,42,41,57,62,63,52,39,
2014-11-28,,55,61,58,71,62,56,43,
2014-11-29,,55,44,49,65,64,52,42,
2014-11-30,,48,41,41,69,61,37,37,
2014-12-01,,53,54,44,56,53,52,42,
2014-12-02,,51,84,67,59,52,45,42,
2014-12-03,,53,41,39,57,59,49,36,
2014-12-04,,48,44,77,44,49,49,36,
2014-12-05,,37,34,39,51,45,45,28,
2014-12-06,,44,46,38,67,59,43,37,
2014-12-07,,42,34,33,52,62,40,38,
2014-12-08,,35,44,42,37,49,42,37,
2014-12-09,,31,17,27,45,49,45,30,
2014-12-10,,45,39,62,62,58,55,49,
2014-12-11,,40,40,57,43,49,53,41,
2014-12-12,,52,43,45,71,70,49,33,
2014-12-13,,22,33,34,52,42,34,20,
2014-12-14,,28,37,38,44,43,30,24,
2014-12-15,,53,44,41,58,57,49,35,
2014-12-16,,63,49,70,67,65,58,47,
2014-12-17,,40,28,56,61,63,55,36,
2014-12-18,,42,43,60,64,68,52,39,
2014-12-19,,50,42,56,55,55,46,31,
2014-12-20,,52,35,54,60,65,46,37,
2014-12-21,,46,41,64,66,67,44,37,
2014-12-22,,60,45,71,72,70,58,45,
2014-12-23,,57,47,67,64,63,51,44,
2014-12-24,,44,42,57,53,55,38,32,
2014-12-25,,32,36,53,45,53,42,35,
2014-12-26,,46,40,45,45,51,39,31,
2014-12-27,,48,54,63,67,66,49,38,
2014-12-28,,39,47,53,58,59,41,38,
2014-12-29,,51,43,53,69,67,45,36,
2014-12-30,,42,41,44,57,55,44,35,
2014-12-31,,47,44,61,68,67,40,38,
2015-01-01,,38,41,72,82,62,38,47,
2015-01-02,,35,48,51,55,47,38,29,
2015-01-03,,37,49,56,49,45,37,35,
2015-01-04,,33,46,50,52,38,36,33,
2015-01-05,,39,43,45,43,43,42,31,
2015-01-06,,,50,,57,62,47,38,
2015-01-07,,,50,80,69,69,48,37,
2015-01-08,,,58,65,62,58,51,42,
2015-01-09,,,61,67,68,69,56,53,
2015-01-10,,,61,61,56,63,41,39,
2015-01-11,,,48,59,62,57,40,39,
2015-01-12,,,45,64,54,51,40,44,
2015-01-13,,,46,53,45,51,42,31,
2015-01-14,,,32,48,,,39,29,
2015-01-15,,27,34,54,,,36,24,
2015-01-16,,52,47,57,5,,47,32,
2015-01-17,,35,36,44,28,,40,27,
2015-01-18,,19,37,46,29,,22,20,
2015-01-19,,52,34,53,47,,50,27,
2015-01-20,,41,33,54,44,,43,27,
2015-01-21,,37,35,52,33,,46,29,
2015-01-22,,19,33,29,22,,30,20,
2015-01-23,,42,34,50,53,,47,28,
2015-01-24,,46,32,49,46,,41,28,
2015-01-25,,44,40,54,44,,38,32,
2015-01-26,,45,44,44,40,,35,32,
2015-01-27,,46,29,26,48,,47,36,
2015-01-28,,61,58,,64,,55,42,
2015-01-29,,52,51,,54,,45,38,
2015-01-30,,37,39,31,36,,45,25,
2015-01-31,,36,36,42,33,,35,21,
2015-02-01,,27,45,47,36,,29,24,
2015-02-02,,39,48,74,44,,43,33,
2015-02-03,,39,42,53,38,,34,32,
2015-02-04,,46,46,53,41,,38,34,
2015-02-05,,48,31,59,40,,48,38,
2015-02-06,,,34,62,39,,44,41,
2015-02-07,,,29,50,29,,35,27,
2015-02-08,,,30,42,29,,22,19,
2015-02-09,,,41,41,21,,26,15,
2015-02-10,,24,28,42,29,,25,18,
2015-02-11,,46,54,58,43,,46,34,
2015-02-12,,47,44,59,50,,44,36,
2015-02-13,,52,48,65,48,,54,41,
2015-02-14,,55,34,59,50,,46,41,
2015-02-15,,36,39,53,31,,32,33,
2015-02-16,,44,28,53,43,,38,31,
2015-02-17,,38,,44,34,,37,32,
2015-02-18,,,,45,19,,30,28,
2015-02-19,,,7,56,37,,35,35,
2015-02-20,,37,40,60,42,,36,41,
2015-02-21,,52,58,70,54,,37,36,
2015-02-22,,45,48,73,60,,38,41,
2015-02-23,,54,46,74,55,,46,40,
2015-02-24,,45,46,,51,,46,43,
2015-02-25,,47,50,61,54,,48,39,
2015-02-26,,57,47,70,66,,52,38,
2015-02-27,,40,43,68,53,,39,38,
2015-02-28,,53,54,60,57,,46,35,
2015-03-01,,21,43,56,29,,24,27,
2015-03-02,,41,50,58,52,,37,28,
2015-03-03,,32,47,54,33,,30,24,
2015-03-04,,19,28,22,28,,26,15,
2015-03-05,,43,43,43,41,,38,31,
2015-03-06,,42,51,65,49,,42,37,
2015-03-07,,41,47,65,56,,41,33,
2015-03-08,,46,51,66,51,,36,37,
2015-03-09,,42,49,57,41,,36,29,
2015-03-10,,43,43,52,41,,43,36,
2015-03-11,,36,64,57,41,,37,35,
2015-03-12,,34,40,54,33,,40,30,
2015-03-13,,44,44,54,44,,52,35,
2015-03-14,,26,32,44,37,,34,28,
2015-03-15,,37,45,69,48,,36,33,
2015-03-16,,24,35,50,35,,29,26,
2015-03-17,,35,34,53,42,,38,29,
2015-03-18,,24,19,33,36,,41,25,
2015-03-19,,45,34,42,28,9,48,29,
2015-03-20,,32,34,46,29,40,40,31,
2015-03-21,,32,31,8,32,54,37,27,
2015-03-22,,38,39,,50,57,34,29,
2015-03-23,,32,42,,40,51,35,31,
2015-03-24,,42,45,,34,56,43,40,
2015-03-25,,38,37,14,54,59,47,35,
2015-03-26,,34,39,65,48,59,42,37,
2015-03-27,,51,77,87,67,67,48,40,
2015-03-28,,34,36,55,45,59,44,35,
2015-03-29,,20,26,36,35,16,28,20,
2015-03-30,,37,35,55,48,,48,31,
2015-03-31,,48,93,74,57,36,56,46,
2015-04-01,,35,37,59,40,52,45,32,
2015-04-02,,27,32,51,28,38,27,21,
2015-04-03,,21,32,44,28,37,28,26,
2015-04-04,,27,34,49,27,26,34,32,
2015-04-05,,25,40,52,22,25,32,35,
2015-04-06,,43,40,61,44,38,44,37,
2015-04-07,,34,40,57,39,33,41,33,
2015-04-08,,35,41,64,19,68,53,39,
2015-04-09,,48,51,66,49,68,53,43,
2015-04-10,,52,48,66,84,62,57,44,
2015-04-11,,40,36,56,25,58,43,36,
2015-04-12,,34,41,8,37,59,34,31,
2015-04-13,,39,44,45,33,51,39,34,
2015-04-14,,32,43,49,49,49,41,27,
2015-04-15,,24,28,47,36,37,,24,
2015-04-16,,20,,41,31,32,,23,
2015-04-17,,28,,54,27,36,,30,
2015-04-18,,46,,61,41,54,,42,
2015-04-19,,17,6,54,27,30,,25,
2015-04-20,,34,41,52,36,32,,32,
2015-04-21,,40,41,61,31,42,,34,
2015-04-22,,47,48,57,37,58,,39,
2015-04-23,,56,45,56,41,51,,38,
2015-04-24,,49,39,57,26,48,,39,
2015-04-25,,52,33,57,22,47,,42,
2015-04-26,,43,41,15,34,55,,35,
2015-04-27,,54,45,42,,54,,39,
2015-04-28,,55,51,56,,58,,39,
2015-04-29,,57,48,56,,52,,39,
2015-04-30,,56,47,59,,56,,37,
2015-05-01,,37,36,34,,46,,33,
2015-05-02,,44,42,31,,57,,36,
2015-05-03,,22,26,45,,42,,24,
2015-05-04,,40,44,48,,46,,34,
2015-05-05,,51,46,61,,52,,39,
2015-05-06,,40,36,63,,54,,36,
2015-05-07,,51,46,47,,58,,32,
2015-05-08,,59,43,59,,69,,44,
2015-05-09,,52,47,56,,66,,35,
2015-05-10,,31,39,56,,50,,31,
2015-05-11,,45,40,61,,56,,38,
2015-05-12,,55,47,70,,65,,40,
2015-05-13,,55,44,72,,69,,40,
2015-05-14,,54,47,65,,69,,43,
2015-05-15,42,,35,69,,62,,37,
2015-05-16,43,,43,64,,62,,35,
2015-05-17,24,,38,56,,51,,24,
2015-05-18,33,,39,60,,44,,35,
2015-05-19,40,,43,53,,57,,36,
2015-05-20,33,,71,52,,56,,31,
2015-05-21,35,,32,47,,42,,30,
2015-05-22,44,37,39,57,,60,,39,
2015-05-23,54,,49,,,63,,43,
2015-05-24,27,,37,,,37,,26,
2015-05-25,27,,33,22,,38,,26,
2015-05-26,43,,51,53,,52,,35,
2015-05-27,34,,39,41,,41,,28,
2015-05-28,28,,30,42,,30,,24,
2015-05-29,45,,32,62,,60,,40,
2015-05-30,44,50,35,55,,26,,32,
2015-05-31,29,45,45,52,,,,26,
2015-06-01,46,45,41,54,,,,35,
2015-06-02,45,48,51,65,,,,43,
2015-06-03,44,50,46,61,,,,38,
2015-06-04,39,45,47,68,,35,,37,
2015-06-05,38,44,48,61,,52,,33,
2015-06-06,30,39,64,65,,40,,33,
2015-06-07,29,39,35,46,,48,,30,
2015-06-08,18,38,23,37,,30,,17,
2015-06-09,35,35,36,42,,42,,30,
2015-06-10,33,35,47,61,,19,,36,
2015-06-11,37,41,49,57,,,45,36,
2015-06-12,44,43,58,57,,,47,38,
2015-06-13,56,49,44,74,,,53,51,
2015-06-14,41,35,61,60,,,37,36,
2015-06-15,38,35,46,55,,,40,40,
2015-06-16,42,41,39,52,,,44,36,
2015-06-17,44,44,64,58,,32,47,43,
2015-06-18,,43,84,80,,62,,47,
2015-06-19,,52,48,65,,58,,49,
2015-06-20,,46,35,41,,54,,33,
2015-06-21,,35,50,52,,38,,33,
2015-06-22,,39,38,46,,45,,39,
2015-06-23,,44,44,55,,69,,50,
2015-06-24,39,45,37,42,,52,,38,
2015-06-25,46,53,46,55,,59,44,47,
2015-06-26,45,48,44,45,,56,46,40,62
2015-06-27,37,48,44,47,,54,42,44,54
2015-06-28,31,50,43,39,,41,30,28,40
2015-06-29,29,50,45,56,,35,30,30,38
2015-06-30,52,48,50,68,,59,47,52,62
2015-07-01,54,48,67,28,,74,57,57,64
2015-07-02,52,52,51,77,,67,54,49,60
2015-07-03,55,50,44,66,,65,57,50,64
2015-07-04,55,54,84,90,,71,57,56,67
2015-07-05,47,48,46,79,,30,49,42,61
2015-07-06,41,48,45,59,,39,45,34,58
2015-07-07,39,50,38,32,,29,38,33,32
2015-07-08,37,52,48,49,,,41,32,32
2015-07-09,44,52,67,58,,32,40,37,49
2015-07-10,52,55,58,67,,79,53,44,55
2015-07-11,36,50,12,43,,46,41,30,45
2015-07-12,28,48,3,36,,48,31,19,35
2015-07-13,31,48,6,42,,45,38,26,39
2015-07-14,48,52,44,73,,70,55,49,52
2015-07-15,53,52,50,65,,61,61,49,49
2015-07-16,40,47,38,58,,53,45,40,
2015-07-17,40,48,46,47,,53,44,36,
2015-07-18,48,50,47,62,,62,47,44,58
2015-07-19,28,48,46,12,,41,32,31,38
2015-07-20,17,47,31,,,28,20,18,23
2015-07-21,31,48,42,36,,41,34,24,28
2015-07-22,32,45,41,45,,34,37,29,32
2015-07-23,36,48,39,32,,37,41,28,30
2015-07-24,51,50,50,80,,59,53,52,44
2015-07-25,52,50,40,,,66,48,42,56
2015-07-26,37,47,45,,,48,39,35,
2015-07-27,46,52,49,45,,57,47,46,
2015-07-28,43,51,43,52,,51,46,39,
2015-07-29,31,52,47,51,,39,40,32,
2015-07-30,37,51,64,12,,55,48,48,
2015-07-31,42,52,64,,,14,45,36,
2015-08-01,47,50,71,,,,53,47,
2015-08-02,44,50,44,,,,44,44,
2015-08-03,45,50,35,,,,45,40,
2015-08-04,45,50,30,,,,47,39,
2015-08-05,47,50,33,,,57,45,44,
2015-08-06,44,48,37,,,55,49,37,
2015-08-07,46,47,43,,,54,46,46,
2015-08-08,53,47,41,,,60,47,48,
2015-08-09,33,47,41,,,48,33,30,
2015-08-10,38,47,32,44,,42,37,33,
2015-08-11,43,48,39,67,71,,42,44,
2015-08-12,40,47,38,54,66,,43,41,
2015-08-13,46,45,52,52,69,,49,36,
2015-08-14,35,44,34,51,64,,41,44,
2015-08-15,36,44,32,52,83,,40,27,
2015-08-16,29,42,46,46,54,,31,31,
2015-08-17,28,42,48,42,53,,27,23,
2015-08-18,36,45,61,71,62,,38,35,
2015-08-19,43,44,64,54,68,,41,38,54
2015-08-20,41,44,47,43,67,,44,33,56
2015-08-21,49,47,61,70,73,,48,44,51
2015-08-22,48,47,67,82,91,75,48,51,64
2015-08-23,44,44,77,67,71,61,41,41,51
2015-08-24,37,47,45,59,63,,38,34,38
2015-08-25,43,52,49,66,67,,43,39,41
2015-08-26,45,48,64,65,77,,48,41,49
2015-08-27,53,47,58,73,82,35,,49,
2015-08-28,52,46,54,78,87,69,,50,
2015-08-29,53,,44,78,78,63,,49,51
2015-08-30,53,,71,97,93,79,,45,58
2015-08-31,59,,64,78,87,81,,53,59
2015-09-01,54,,58,72,72,64,47,48,54
2015-09-02,,,54,46,73,63,48,45,53
2015-09-03,,,54,50,79,59,52,45,52
2015-09-04,46,,52,63,76,54,48,46,53
2015-09-05,54,,71,84,88,72,53,52,56
2015-09-06,40,,77,75,71,64,39,48,53
2015-09-07,46,,48,71,72,62,48,40,47
2015-09-08,46,,87,65,73,62,49,41,53
2015-09-09,42,,46,50,59,58,41,32,49
2015-09-10,38,,39,42,65,74,46,33,42
2015-09-11,47,,12,57,74,58,43,49,42
2015-09-12,48,,,100,83,72,51,52,52
2015-09-13,45,,,93,93,77,46,44,
2015-09-14,54,,47,81,85,78,54,53,
2015-09-15,55,,90,86,95,88,60,54,57
2015-09-16,54,,87,97,91,85,54,56,58
2015-09-17,45,,74,61,72,64,51,41,45
2015-09-18,32,,80,55,63,44,41,27,31
2015-09-19,33,,77,52,61,45,35,31,35
2015-09-20,36,,61,55,60,45,35,34,36
2015-09-21,44,,100,80,78,55,46,39,46
2015-09-22,45,,87,62,68,55,48,45,44
2015-09-23,43,,71,42,65,55,43,41,40
2015-09-24,51,,84,61,81,,52,50,52
2015-09-25,49,,90,74,65,,52,48,48
2015-09-26,50,,84,51,87,,52,45,55
2015-09-27,42,,48,,72,,45,40,42
2015-09-28,48,,87,9,75,,47,45,47
2015-09-29,41,,58,40,65,,47,44,45
2015-09-30,30,,47,38,3,,34,29,31
2015-10-01,28,,64,37,,,37,25,29
2015-10-02,42,,47,74,28,,45,35,35
2015-10-03,40,,93,53,75,,40,37,39
2015-10-04,32,,58,57,66,,34,33,37
2015-10-05,39,,45,57,11,58,40,37,45
2015-10-06,36,40,80,53,,52,42,36,43
2015-10-07,50,40,97,56,,58,48,41,44
2015-10-08,45,38,57,58,,70,50,41,54
2015-10-09,46,38,48,54,,59,49,44,48
2015-10-10,41,33,97,53,,62,44,38,38
2015-10-11,23,20,39,27,,51,29,23,28
2015-10-12,35,35,51,32,,45,32,27,
2015-10-13,34,36,43,27,,42,37,29,
2015-10-14,36,28,40,38,,40,38,32,
2015-10-15,31,25,45,39,,39,34,24,24
2015-10-16,31,25,34,24,,32,39,26,24
2015-10-17,47,37,64,41,,50,48,33,39
2015-10-18,33,26,71,32,,44,33,29,36
2015-10-19,44,39,5,41,,55,49,36,41
2015-10-20,40,34,61,34,,54,42,33,41
2015-10-21,44,43,87,40,,58,45,41,46
2015-10-22,47,39,61,42,,52,54,35,50
2015-10-23,44,38,51,42,,53,41,28,43
2015-10-24,42,26,24,36,,55,36,26,33
2015-10-25,24,14,15,12,,30,18,17,25
2015-10-26,35,29,24,36,,54,37,28,
2015-10-27,40,33,31,45,,49,43,36,36
2015-10-28,58,42,34,42,,57,48,42,41
2015-10-29,38,34,36,42,,54,39,36,44
2015-10-30,42,25,28,54,,39,36,32,35
2015-10-31,51,34,30,55,,55,43,34,43
2015-11-01,27,18,14,11,,30,29,22,19
2015-11-02,18,15,13,,,29,21,15,18
2015-11-03,39,28,24,32,,43,47,33,33
2015-11-04,44,35,25,29,,49,52,38,38
2015-11-05,43,30,28,39,,52,48,37,36
2015-11-06,33,24,23,27,,37,47,25,
2015-11-07,,21,,27,,33,32,24,
2015-11-08,,33,,38,,55,46,33,
2015-11-09,,37,27,45,,52,53,37,
2015-11-10,54,41,38,43,,51,54,43,
2015-11-11,50,34,40,35,,49,53,43,
2015-11-12,49,41,55,45,,58,55,49,
2015-11-13,53,44,49,52,,55,58,47,
2015-11-14,46,42,39,34,,53,46,35,44
2015-11-15,46,31,31,30,,50,40,26,42
2015-11-16,40,26,32,33,,39,33,30,35
2015-11-17,36,18,23,38,,34,36,31,22
2015-11-18,38,30,19,25,,41,47,24,28
2015-11-19,40,31,25,31,,44,,27,
2015-11-20,38,32,29,38,,43,42,33,
2015-11-21,39,33,31,55,,64,42,39,
2015-11-22,38,24,24,44,,36,29,28,
2015-11-23,51,39,35,37,,52,48,37,
2015-11-24,55,33,35,42,,51,54,35,
2015-11-25,47,38,33,42,73,52,50,38,40
2015-11-26,52,45,42,40,72,61,53,42,
2015-11-27,55,47,44,50,,60,53,47,
2015-11-28,56,39,40,28,,53,51,39,
2015-11-29,36,30,35,44,,52,39,34,
2015-11-30,49,34,45,40,,54,45,40,
2015-12-01,45,36,53,43,,54,46,40,44
2015-12-02,56,45,52,54,,59,53,46,51
2015-12-03,62,55,49,60,89,77,59,53,62
2015-12-04,59,53,58,69,3,80,56,60,63
2015-12-05,50,48,48,58,,71,53,47,58
2015-12-06,40,40,45,39,64,57,39,39,52
2015-12-07,47,44,52,53,73,61,52,45,55
2015-12-08,51,37,50,53,73,64,50,41,49
2015-12-09,,43,71,53,69,57,53,46,51
2015-12-10,,52,45,44,72,57,51,39,52
2015-12-11,55,51,58,71,90,75,55,42,55
2015-12-12,52,48,49,47,80,58,51,40,51
2015-12-13,54,35,45,9,59,52,42,35,47
2015-12-14,52,45,48,40,71,54,52,37,45
2015-12-15,50,34,41,41,70,55,45,32,32
2015-12-16,51,37,64,54,64,56,47,38,47
2015-12-17,52,40,31,45,78,66,54,30,48
2015-12-18,51,47,84,58,88,73,53,41,53
2015-12-19,62,53,46,61,100,76,59,44,54
2015-12-20,54,40,50,66,86,68,49,43,55
2015-12-21,51,44,44,52,75,64,45,41,47
2015-12-22,58,50,51,63,83,63,54,39,52
2015-12-23,54,54,55,58,73,58,55,43,52
2015-12-24,55,53,34,58,75,67,49,42,54
2015-12-25,52,32,,59,72,60,46,44,54
2015-12-26,52,44,,60,79,68,49,41,55
2015-12-27,51,40,,62,75,60,47,43,52
2015-12-28,54,49,,66,78,66,54,47,54
2015-12-29,54,53,46,59,71,57,53,47,58
2015-12-30,57,45,46,65,75,64,51,42,
2015-12-31,46,44,37,54,69,63,44,36,
2016-01-01,43,37,31,,80,62,40,36,41
2016-01-02,36,37,24,,61,42,28,26,25
2016-01-03,43,,21,,51,28,26,25,24
2016-01-04,35,34,22,,63,43,34,29,30
2016-01-05,53,48,32,,57,43,32,32,36
2016-01-06,35,31,22,31,54,35,30,26,28
2016-01-07,40,33,31,34,54,44,29,25,32
2016-01-08,48,35,30,49,22,45,40,36,42
2016-01-09,43,32,31,35,,52,31,30,38
2016-01-10,33,26,20,41,,39,25,24,29
2016-01-11,30,,17,26,,27,18,18,24
2016-01-12,30,38,22,33,,51,29,24,32
2016-01-13,54,47,36,40,,49,40,30,39
2016-01-14,52,44,50,59,,52,43,41,52
2016-01-15,53,50,53,67,,56,49,45,
2016-01-16,53,52,48,58,,63,49,44,53
2016-01-17,46,40,46,45,,54,38,33,43
2016-01-18,49,47,42,44,,54,41,37,43
2016-01-19,52,58,47,55,,57,45,39,
2016-01-20,60,53,54,60,,62,48,40,
2016-01-21,56,53,57,56,2,64,48,42,53
2016-01-22,54,46,57,74,,62,50,52,47
2016-01-23,36,35,53,51,70,49,35,35,42
2016-01-24,42,33,49,55,64,52,38,36,44
2016-01-25,46,31,33,57,66,52,42,37,38
2016-01-26,46,38,36,58,66,57,45,34,38
2016-01-27,49,49,47,66,72,61,44,38,49
2016-01-28,60,42,48,61,67,57,47,37,45
2016-01-29,58,47,48,66,81,68,46,39,53
2016-01-30,43,41,32,59,75,62,39,31,38
2016-01-31,45,34,30,56,65,58,35,32,39
2016-02-01,48,48,42,62,68,64,44,38,44
2016-02-02,55,52,48,67,78,67,48,41,46
2016-02-03,49,42,47,67,72,60,45,41,43
2016-02-04,47,30,42,62,66,55,42,36,48
2016-02-05,35,26,24,53,61,46,27,35,27
2016-02-06,55,50,45,93,87,70,51,46,43
2016-02-07,42,32,45,66,66,53,36,38,40
2016-02-08,55,41,45,70,81,63,47,53,51
2016-02-09,53,45,53,69,69,58,46,45,50
2016-02-10,56,45,53,66,23,59,51,45,46
2016-02-11,42,34,43,40,64,52,36,33,40
2016-02-12,52,38,36,47,73,51,42,36,39
2016-02-13,49,45,35,52,74,57,44,42,37
2016-02-14,35,32,38,54,64,52,32,34,34
2016-02-15,54,41,47,59,80,57,46,42,45
2016-02-16,64,54,56,72,88,71,53,54,55
2016-02-17,53,45,44,64,74,60,42,45,47
2016-02-18,55,37,46,58,72,62,46,43,44
2016-02-19,53,45,47,62,78,62,46,43,47
2016-02-20,49,37,46,54,66,62,47,37,48
2016-02-21,29,16,18,36,45,28,22,21,18
2016-02-22,30,22,24,39,55,39,29,25,26
2016-02-23,55,41,31,59,84,57,50,41,
2016-02-24,55,51,36,60,87,66,52,,
2016-02-25,53,42,37,58,81,65,49,35,52
2016-02-26,46,31,32,57,66,47,34,23,36
2016-02-27,,33,37,50,53,46,32,30,41
2016-02-28,,36,43,53,64,5,35,33,43
2016-02-29,,32,35,49,65,33,34,25,35
2016-03-01,38,29,34,48,57,40,33,29,36
2016-03-02,,23,24,50,69,10,35,27,30
2016-03-03,,57,43,58,74,52,42,36,42
2016-03-04,,21,16,24,66,28,34,23,
2016-03-05,,41,2,19,84,67,42,32,
2016-03-06,,23,27,25,31,34,22,19,
2016-03-07,,47,29,58,70,53,43,37,
2016-03-08,,51,36,63,77,62,49,45,43
2016-03-09,,55,38,55,87,63,55,45,53
2016-03-10,56,45,44,53,80,58,52,43,47
2016-03-11,43,34,35,58,85,58,42,36,35
2016-03-12,39,33,38,54,76,61,36,36,38
2016-03-13,51,40,43,60,83,64,49,39,44
2016-03-14,53,,38,67,84,9,51,46,38
2016-03-15,46,55,36,58,82,64,42,32,34
2016-03-16,53,45,36,57,9,68,40,41,41
2016-03-17,30,32,20,30,,34,31,17,24
2016-03-18,41,33,28,48,,42,,32,27
2016-03-19,49,43,44,55,,56,,37,43
2016-03-20,29,28,28,43,,32,,26,31
2016-03-21,32,25,31,43,,33,,26,24
2016-03-22,46,33,41,56,,45,,36,37
2016-03-23,37,33,35,53,,44,,33,37
2016-03-24,40,34,38,61,,51,,37,36
2016-03-25,33,26,32,54,,36,,31,31
2016-03-26,35,25,36,54,,44,,29,34
2016-03-27,27,25,29,47,,37,,26,29
2016-03-28,42,40,38,53,,51,,39,39
2016-03-29,52,46,45,9,,,,47,46
2016-03-30,36,26,33,59,,,,34,33
2016-03-31,43,35,25,58,,,,36,28
2016-04-01,41,33,32,50,,,,31,38
2016-04-02,29,19,19,14,,7,,16,19
2016-04-03,47,34,28,62,,68,,41,38
2016-04-04,52,38,30,59,,46,,43,34
2016-04-05,53,41,46,80,,63,51,52,49
2016-04-06,53,42,42,71,,57,52,47,43
2016-04-07,52,40,34,43,,52,46,31,34
2016-04-08,52,41,44,57,,52,41,42,43
2016-04-09,41,32,29,66,,49,41,35,33
2016-04-10,37,38,28,54,,43,34,33,34
2016-04-11,36,30,18,29,,32,35,27,22
2016-04-12,32,19,17,9,,26,34,20,17
2016-04-13,37,33,32,51,,42,44,33,34
2016-04-14,47,44,34,56,,57,47,37,46
2016-04-15,51,47,33,52,,50,48,40,37
2016-04-16,38,32,25,44,62,33,30,32,26
2016-04-17,39,35,38,60,,55,36,40,38
2016-04-18,46,29,45,28,,58,44,42,42
2016-04-19,52,49,47,58,2,58,48,43,41
2016-04-20,53,48,47,62,2,58,48,46,45
2016-04-21,42,38,43,48,64,55,42,41,38
2016-04-22,49,39,52,56,,53,43,47,43
2016-04-23,39,34,28,52,,40,33,32,34
2016-04-24,33,24,27,40,,31,26,25,23
2016-04-25,38,32,28,51,,46,34,30,26
2016-04-26,28,,5,26,,27,30,20,22
2016-04-27,27,40,,41,,33,33,24,21
2016-04-28,28,25,4,17,,31,27,23,17
2016-04-29,44,37,28,43,,56,53,37,31
2016-04-30,40,27,21,12,,36,34,30,26
2016-05-01,47,33,24,67,,59,50,46,36
2016-05-02,39,31,19,44,,30,35,35,27
2016-05-03,45,35,18,28,,46,40,37,33
2016-05-04,42,32,,34,,43,39,31,27
2016-05-05,44,38,4,34,,52,43,36,39
2016-05-06,48,36,28,6,9,48,41,34,35
2016-05-07,34,18,16,,63,36,27,25,17
2016-05-08,32,27,21,,66,42,30,28,26
2016-05-09,25,34,16,,41,,22,22,17
2016-05-10,39,35,13,,58,,27,24,14
2016-05-11,44,31,25,35,16,31,46,41,32
2016-05-12,52,50,40,69,,58,50,49,43
2016-05-13,53,45,40,59,,55,52,47,40
2016-05-14,49,40,43,60,,55,47,48,39
2016-05-15,28,22,26,31,,34,24,25,23
2016-05-16,45,35,37,39,,43,44,39,30
2016-05-17,35,,27,25,,41,37,31,34
2016-05-18,42,,34,32,,48,41,37,29
2016-05-19,46,,48,51,,49,48,37,31
2016-05-20,46,41,53,57,,53,55,42,38
2016-05-21,46,36,52,52,,52,52,36,37
2016-05-22,31,26,35,45,,41,35,32,30
2016-05-23,46,33,40,33,,52,48,41,37
2016-05-24,45,38,53,59,,52,43,44,37
2016-05-25,43,34,39,52,,51,39,38,33
2016-05-26,41,28,11,41,,42,39,31,26
2016-05-27,56,47,35,66,,61,58,49,37
2016-05-28,57,33,36,59,,57,48,44,35
2016-05-29,45,27,17,9,,39,34,25,26
2016-05-30,33,24,21,8,,44,32,27,25
2016-05-31,40,19,17,36,,,36,27,20
2016-06-01,58,33,21,44,,,46,36,32
2016-06-02,47,35,21,46,,,46,30,29
2016-06-03,53,36,19,54,,,46,38,30
2016-06-04,41,28,23,33,,,41,32,25
2016-06-05,46,36,24,47,,,41,31,30
2016-06-06,32,22,21,35,,,27,24,26
2016-06-07,44,33,26,37,,,41,34,28
2016-06-08,41,23,28,53,,,37,32,29
2016-06-09,43,34,35,52,,,38,32,28
2016-06-10,52,31,38,48,,,45,32,30
2016-06-11,47,37,49,59,,,43,40,36
2016-06-12,40,34,45,60,,,31,36,44
2016-06-13,49,33,29,48,,,,38,37
2016-06-14,,42,43,44,,,47,32,29
2016-06-15,,42,52,49,,,46,36,36
2016-06-16,57,51,51,66,,,54,43,46
2016-06-17,58,47,52,58,,33,55,49,44
2016-06-18,54,44,53,58,83,56,52,44,54
2016-06-19,31,28,36,49,60,45,32,25,28
2016-06-20,39,16,38,42,60,24,36,22,23
2016-06-21,46,32,,52,82,47,51,34,28
2016-06-22,53,38,47,5,86,65,54,40,40
2016-06-23,51,41,46,29,73,51,49,39,41
2016-06-24,51,35,37,52,76,53,48,31,33
2016-06-25,31,33,28,36,71,35,35,27,21
2016-06-26,30,29,32,2,68,46,38,28,25
2016-06-27,52,40,40,57,81,59,52,42,37
2016-06-28,55,44,43,55,81,54,54,41,39
2016-06-29,51,40,42,53,65,54,48,36,35
2016-06-30,42,36,45,42,65,52,46,36,37
2016-07-01,38,38,38,49,78,45,46,29,30
2016-07-02,34,25,36,44,70,39,34,26,24
2016-07-03,29,19,37,44,65,40,23,21,20
2016-07-04,29,26,26,38,60,41,28,24,27
2016-07-05,47,39,35,48,72,48,47,31,31
2016-07-06,47,36,29,56,77,52,51,,32
2016-07-07,55,43,84,65,89,62,52,,40
2016-07-08,47,31,61,59,73,53,46,,43
2016-07-09,48,33,45,36,66,55,44,,37
2016-07-10,37,26,41,36,58,48,32,,36
2016-07-11,46,30,42,52,67,52,41,,34
2016-07-12,48,28,39,46,53,52,40,,32
2016-07-13,46,32,41,42,57,48,44,,30
2016-07-14,54,35,46,52,70,56,41,,35
2016-07-15,41,31,39,47,63,51,47,,
2016-07-16,44,29,40,6,70,60,41,,33
2016-07-17,42,33,45,2,82,65,34,,44
2016-07-18,41,28,34,40,63,45,38,,27
2016-07-19,48,34,43,45,68,51,42,,
2016-07-20,41,37,34,58,67,64,39,,
2016-07-21,49,41,27,50,63,53,46,,
2016-07-22,53,40,39,56,78,51,48,,34
2016-07-23,52,29,45,55,66,56,43,,36
2016-07-24,27,24,34,34,55,35,24,,21
2016-07-25,45,37,28,33,72,56,36,,28
2016-07-26,66,45,58,71,94,56,54,,38
2016-07-27,48,32,46,48,66,46,45,,30
2016-07-28,45,38,40,53,82,55,48,,32
2016-07-29,48,41,39,51,67,56,47,,37
2016-07-30,48,44,40,53,70,56,44,,
2016-07-31,44,35,46,52,65,53,36,,
2016-08-01,52,35,36,54,59,51,43,,
2016-08-02,55,44,44,55,76,64,49,,52
2016-08-03,55,42,45,53,74,53,50,,45
2016-08-04,52,45,47,56,72,59,45,,45
2016-08-05,52,49,51,61,82,6,52,,52
2016-08-06,50,46,49,58,85,40,51,,47
2016-08-07,35,32,48,53,60,55,39,,46
2016-08-08,40,35,46,44,62,53,43,,
2016-08-09,50,44,53,66,78,57,53,,
2016-08-10,,42,34,56,69,55,53,,
2016-08-11,,39,9,57,76,,51,34,38
2016-08-12,44,37,42,55,64,,47,36,37
2016-08-13,51,42,49,64,81,39,52,41,40
2016-08-14,38,41,44,58,33,52,42,36,41
2016-08-15,32,42,38,47,,46,35,27,33
2016-08-16,44,40,46,53,,52,46,30,36
2016-08-17,39,38,46,51,,49,40,26,
2016-08-18,43,39,41,54,,53,48,29,
2016-08-19,35,28,41,47,20,44,41,31,
2016-08-20,44,42,49,55,87,56,49,33,
2016-08-21,38,36,40,38,70,52,37,24,
2016-08-22,57,43,39,47,71,56,46,31,
2016-08-23,55,52,52,55,81,85,53,34,52
2016-08-24,48,49,58,65,89,66,51,34,52
2016-08-25,42,38,42,55,72,60,42,31,43
2016-08-26,43,34,45,54,74,54,46,30,39
2016-08-27,38,30,43,64,72,51,39,29,37
2016-08-28,36,33,43,47,69,52,39,30,38
2016-08-29,34,27,49,43,65,48,37,22,32
2016-08-30,39,32,46,39,66,53,44,31,33
2016-08-31,46,33,49,56,75,64,43,34,37
2016-09-01,26,21,40,36,60,2,33,18,19
2016-09-02,36,36,47,49,70,52,46,24,32
2016-09-03,39,36,64,64,70,49,42,25,35
2016-09-04,37,26,36,24,57,46,36,23,33
2016-09-05,38,33,45,7,70,1,47,25,31
2016-09-06,36,29,47,42,54,6,45,25,34
2016-09-07,57,40,39,35,77,62,56,40,33
2016-09-08,54,33,48,61,61,60,61,38,
2016-09-09,40,17,41,41,61,46,55,28,
2016-09-10,43,16,36,33,44,,54,32,33
2016-09-11,51,19,32,28,20,,44,23,28
2016-09-12,54,15,44,40,42,9,57,27,27
2016-09-13,53,16,36,32,17,41,56,36,31
2016-09-14,46,,28,23,51,39,53,25,19
2016-09-15,42,,50,45,57,49,52,31,30
2016-09-16,55,,50,64,72,55,65,43,53
2016-09-17,52,20,45,36,63,58,58,34,45
2016-09-18,38,17,41,27,52,53,49,25,35
2016-09-19,56,26,39,39,72,57,62,35,45
2016-09-20,56,23,38,50,71,54,58,40,47
2016-09-21,48,22,34,38,68,49,55,29,40
2016-09-22,43,19,50,42,70,39,55,27,38
2016-09-23,42,17,46,41,67,34,54,27,30
2016-09-24,55,18,43,46,72,56,62,35,39
2016-09-25,38,16,47,40,65,44,47,31,35
2016-09-26,50,17,44,42,62,49,58,35,41
2016-09-27,54,22,48,50,72,49,63,32,43
2016-09-28,53,22,49,47,66,53,59,35,43
2016-09-29,57,18,40,41,64,47,68,40,42
2016-09-30,55,35,47,46,83,63,65,37,41
2016-10-01,37,,31,32,53,34,49,22,23
2016-10-02,32,10,34,32,46,26,30,19,21
2016-10-03,32,13,30,24,58,31,48,22,25
2016-10-04,29,,37,30,42,28,49,19,24
2016-10-05,51,19,42,41,57,43,69,32,41
2016-10-06,43,16,28,22,57,29,56,31,32
2016-10-07,54,14,33,32,77,53,63,27,31
2016-10-08,55,16,42,44,65,42,63,32,29
2016-10-09,30,9,26,,42,25,40,17,18
2016-10-10,52,16,33,37,59,51,64,29,32
2016-10-11,56,19,19,15,63,46,72,36,36
2016-10-12,55,24,44,42,72,57,70,42,38
2016-10-13,54,21,42,37,65,52,65,38,41
2016-10-14,49,26,42,45,54,40,60,35,30
2016-10-15,49,22,32,31,60,43,62,34,38
2016-10-16,43,23,,46,56,41,53,25,34
2016-10-17,33,16,,34,19,34,57,26,30
2016-10-18,41,14,,32,12,31,54,26,25
2016-10-19,53,21,,42,56,54,60,37,42
2016-10-20,52,18,,44,53,50,64,32,
2016-10-21,49,24,,42,55,54,61,36,
2016-10-22,43,22,,26,52,41,63,31,
2016-10-23,28,29,,33,19,27,30,14,
2016-10-24,47,17,,31,38,39,53,24,
2016-10-25,34,11,,25,7,26,52,23,21
2016-10-26,41,22,32,30,,42,57,30,31
2016-10-27,43,27,35,33,,49,55,28,34
2016-10-28,44,28,36,40,,44,57,30,44
2016-10-29,41,19,19,34,,37,51,30,25
2016-10-30,39,24,,39,,37,49,27,31
2016-10-31,49,16,,25,,28,63,23,24
2016-11-01,53,25,,34,,53,61,30,31
2016-11-02,47,18,71,38,,42,,23,36
2016-11-03,38,17,34,34,,34,,27,27
2016-11-04,46,20,29,34,,39,,,36
2016-11-05,47,26,,39,,52,58,29,43
2016-11-06,36,15,,13,,36,53,27,37
2016-11-07,42,18,17,6,,31,56,26,27
2016-11-08,45,25,3,30,,35,55,26,30
2016-11-09,26,23,35,34,,34,59,27,30
2016-11-10,11,18,36,28,,45,68,35,39
2016-11-11,5,11,23,26,,35,,29,25
2016-11-12,26,20,47,47,,53,,33,40
2016-11-13,27,25,34,31,,29,,15,22
2016-11-14,16,14,25,6,,23,,14,21
2016-11-15,17,13,28,21,,42,52,28,29
2016-11-16,14,19,24,25,,49,56,32,42
2016-11-17,52,17,35,17,,40,53,28,35
2016-11-18,46,18,27,,,38,52,34,34
2016-11-19,26,12,19,,,30,43,18,22
2016-11-20,31,26,33,,,42,42,24,32
2016-11-21,50,27,41,,,52,54,34,40
2016-11-22,53,46,50,,,56,62,40,49
2016-11-23,56,28,43,,,59,58,43,53
2016-11-24,57,21,35,4,,54,62,36,46
2016-11-25,41,16,24,19,,35,53,28,27
2016-11-26,35,13,34,25,,45,36,21,25
2016-11-27,44,19,28,27,,37,44,23,33
2016-11-28,44,22,34,32,,44,48,28,34
2016-11-29,55,3,33,,,46,53,38,33
2016-11-30,50,32,34,14,,53,53,35,45
2016-12-01,56,23,37,19,,49,58,43,41
2016-12-02,53,20,31,7,,46,62,61,39
2016-12-03,45,15,25,29,,51,46,43,32
2016-12-04,53,22,31,32,,54,44,45,37
2016-12-05,42,25,27,28,,42,,,28
2016-12-06,58,27,37,41,,59,,46,36
2016-12-07,44,22,38,34,,69,,41,43
2016-12-08,54,18,36,30,,58,,31,34
2016-12-09,52,19,35,36,,38,,30,24
2016-12-10,58,28,41,6,,54,53,37,35
2016-12-11,45,22,40,46,,35,33,25,27
2016-12-12,54,28,37,34,,49,52,31,32
2016-12-13,60,20,40,36,,53,59,36,39
2016-12-14,59,23,39,39,,57,57,37,52
2016-12-15,67,24,36,,,64,57,36,53
2016-12-16,57,21,34,33,,53,55,35,
2016-12-17,53,20,30,29,,38,47,32,
2016-12-18,55,28,44,47,,46,44,34,
2016-12-19,57,27,34,35,,28,55,35,
2016-12-20,56,18,25,23,,15,52,33,40
2016-12-21,30,11,3,22,,19,35,16,
2016-12-22,52,24,50,41,,41,54,27,32
2016-12-23,53,27,39,67,,50,55,32,35
2016-12-24,39,16,34,6,,35,35,29,25
2016-12-25,60,21,27,,,43,33,32,32
2016-12-26,52,21,30,28,,37,45,31,32
2016-12-27,42,17,32,24,,46,49,29,37
2016-12-28,55,27,43,41,,48,58,39,40
2016-12-29,42,20,37,5,,49,52,34,40
2016-12-30,38,30,27,40,,36,39,26,26
2016-12-31,52,22,29,28,,71,44,36,39
2017-01-01,60,21,38,31,,94,43,46,48
2017-01-02,29,23,34,36,,29,33,21,24
2017-01-03,38,27,11,41,,36,40,28,33
2017-01-04,36,19,22,29,,32,40,33,27
2017-01-05,51,17,23,19,,64,54,40,40
2017-01-06,48,27,41,34,,52,53,32,41
2017-01-07,44,23,40,39,,46,49,31,35
2017-01-08,29,12,22,32,,31,32,22,21
2017-01-09,37,21,31,30,,42,36,27,29
2017-01-10,39,28,40,37,,47,41,23,27
2017-01-11,37,25,25,24,,33,45,23,25
2017-01-12,36,39,31,31,,42,45,22,23
2017-01-13,43,16,27,22,,41,44,28,31
2017-01-14,40,28,22,5,,44,39,26,28
2017-01-15,31,23,30,,,35,25,20,27
2017-01-16,27,22,22,28,,36,36,19,24
2017-01-17,36,19,27,17,,39,39,22,29
2017-01-18,27,16,23,21,,23,32,18,21
2017-01-19,51,23,37,35,,47,50,31,31
2017-01-20,32,17,28,28,,29,34,24,21
2017-01-21,39,28,26,30,,45,36,19,27
2017-01-22,41,34,28,34,,40,32,22,35
2017-01-23,54,38,40,39,,52,49,31,35
2017-01-24,52,31,47,50,,54,50,31,40
2017-01-25,54,45,45,55,,60,52,37,52
2017-01-26,58,30,52,64,,61,62,46,50
2017-01-27,57,28,53,59,,61,58,39,51
2017-01-28,49,31,34,43,,47,53,32,32
2017-01-29,43,25,47,44,,46,37,32,34
2017-01-30,54,22,40,44,,53,55,34,39
2017-01-31,53,27,41,44,,54,54,38,44
2017-02-01,49,31,37,42,,53,54,37,37
2017-02-02,51,26,37,33,,55,53,31,38
2017-02-03,48,22,42,34,,55,49,32,39
2017-02-04,51,29,58,61,,54,53,40,42
2017-02-05,47,33,45,45,,52,46,35,41
2017-02-06,52,28,47,43,,54,52,37,45
2017-02-07,54,22,51,42,,56,54,39,45
2017-02-08,55,19,44,38,,58,55,37,53
2017-02-09,48,17,37,32,,51,54,28,40
2017-02-10,42,16,32,33,,46,48,31,33
2017-02-11,41,22,42,47,,53,44,28,41
2017-02-12,31,15,28,,,30,33,16,23
2017-02-13,35,16,31,,,43,,,31
2017-02-14,48,18,38,47,,46,,,37
2017-02-15,53,24,34,63,,57,,,50
2017-02-16,49,18,36,64,,54,49,,42
2017-02-17,40,21,32,62,,53,46,,37
2017-02-18,52,23,44,63,,53,47,,42
2017-02-19,49,16,47,63,,47,45,32,47
2017-02-20,51,19,39,65,,41,51,35,
2017-02-21,50,20,31,53,,43,49,29,
2017-02-22,52,20,25,58,,53,52,33,43
2017-02-23,57,23,44,85,,58,56,39,53
2017-02-24,60,23,60,94,,56,60,45,52
2017-02-25,57,19,41,82,,48,52,39,36
2017-02-26,44,17,28,78,,51,47,30,37
2017-02-27,38,15,35,39,,49,45,27,37
2017-02-28,40,15,25,31,,35,45,26,27
2017-03-01,53,19,36,77,,52,54,33,42
2017-03-02,46,16,28,64,,41,,33,37
2017-03-03,34,20,28,56,,44,,22,40
2017-03-04,50,21,37,72,,55,50,30,48
2017-03-05,41,13,40,70,,45,38,24,
2017-03-06,49,16,33,66,,43,49,27,
2017-03-07,45,12,27,63,,40,48,29,34
2017-03-08,43,11,28,79,,40,47,34,28
2017-03-09,52,17,39,72,,54,49,36,42
2017-03-10,39,17,30,51,,44,43,24,41
2017-03-11,39,14,28,54,,40,43,26,28
2017-03-12,22,9,16,50,,33,25,14,19
2017-03-13,46,25,32,62,,40,49,31,31
2017-03-14,44,22,21,57,,40,47,28,27
2017-03-15,49,25,18,47,,55,55,29,35
2017-03-16,47,33,39,66,,51,57,36,46
2017-03-17,36,16,30,66,,44,40,24,36
2017-03-18,47,25,28,57,,46,45,30,40
2017-03-19,40,28,31,71,,46,40,31,32
2017-03-20,37,29,25,64,,40,33,24,42
2017-03-21,53,30,35,77,,53,56,38,44
2017-03-22,44,23,31,67,,47,49,29,44
2017-03-23,47,35,24,69,,44,47,29,36
2017-03-24,38,29,24,54,,37,37,18,27
2017-03-25,52,40,30,61,,45,50,32,40
2017-03-26,30,20,19,51,,32,34,21,27
2017-03-27,54,45,24,58,,47,57,38,40
2017-03-28,65,25,34,69,,37,54,35,43
2017-03-29,62,18,32,66,,52,54,37,40
2017-03-30,60,16,24,69,,46,53,29,35
2017-03-31,45,22,29,49,,35,34,22,31
2017-04-01,61,38,29,81,,52,54,36,45
2017-04-02,59,41,37,67,,52,47,32,43
2017-04-03,55,33,44,66,,55,47,32,38
2017-04-04,60,34,42,64,,59,54,35,51
2017-04-05,58,34,51,79,,63,57,,54
2017-04-06,69,41,48,83,,69,60,,59
2017-04-07,62,32,71,81,3,60,54,,52
2017-04-08,54,28,48,69,75,52,54,30,40
2017-04-09,29,26,24,49,3,33,28,20,22
2017-04-10,49,39,36,5,8,51,54,36,34
2017-04-11,45,16,41,57,59,42,52,,43
2017-04-12,48,39,35,65,57,45,49,,38
2017-04-13,37,34,34,60,42,44,40,,37
2017-04-14,18,16,22,43,11,21,23,,27
2017-04-15,38,30,34,63,45,42,44,,29
2017-04-16,32,19,34,62,56,37,32,,37
2017-04-17,28,14,19,49,61,29,34,,21
2017-04-18,39,23,27,51,64,37,44,,31
2017-04-19,34,28,36,55,49,32,41,,23
2017-04-20,37,14,17,54,62,32,43,,22
2017-04-21,55,23,31,73,93,57,59,,52
2017-04-22,56,36,44,73,85,61,56,,49
2017-04-23,46,27,30,64,55,51,43,,42
2017-04-24,44,20,28,71,53,52,53,,38
2017-04-25,43,24,33,65,61,54,54,,41
2017-04-26,35,22,16,62,65,38,45,,29
2017-04-27,53,34,49,69,75,60,57,,42
2017-04-28,54,22,47,78,83,62,64,,53
2017-04-29,42,22,34,74,64,52,49,,44
2017-04-30,31,12,22,61,59,33,30,,25
2017-05-01,34,18,22,54,,38,32,,23
2017-05-02,33,13,26,31,12,37,41,,29
2017-05-03,52,18,28,58,90,53,59,40,
2017-05-04,57,29,30,34,100,58,59,36,
2017-05-05,46,21,3,50,64,41,50,32,
2017-05-06,36,16,21,54,72,48,40,20,
2017-05-07,27,22,16,52,53,37,33,22,
2017-05-08,37,17,32,57,71,41,49,25,
2017-05-09,38,14,20,42,56,41,41,,
2017-05-10,28,14,18,43,53,29,37,,
2017-05-11,34,20,31,53,45,32,36,,
2017-05-12,35,22,24,48,53,37,42,,
2017-05-13,31,29,16,38,54,40,42,,
2017-05-14,30,18,17,,56,42,38,,
2017-05-15,37,25,31,32,57,41,49,,
2017-05-16,37,32,23,39,50,34,35,17,
2017-05-17,43,28,28,60,78,57,52,27,
2017-05-18,45,22,38,57,64,60,52,33,
2017-05-19,48,26,38,60,58,55,48,33,
2017-05-20,52,18,32,61,65,56,53,29,
2017-05-21,29,13,26,48,45,32,27,21,
2017-05-22,36,11,16,57,65,39,41,24,
2017-05-23,48,34,42,67,70,54,55,,
2017-05-24,51,47,51,72,70,56,55,,
2017-05-25,41,29,47,62,15,44,54,,
2017-05-26,48,26,51,40,16,47,52,,
2017-05-27,44,31,43,65,67,52,52,,
2017-05-28,36,24,31,45,61,52,33,,
2017-05-29,37,22,29,42,56,45,38,,
2017-05-30,42,26,37,49,52,49,41,,
2017-05-31,48,35,44,64,63,56,55,,
2017-06-01,51,44,,67,65,55,54,,
2017-06-02,52,46,,81,68,57,54,,
2017-06-03,53,44,,62,66,58,54,,
2017-06-04,45,41,,,55,52,44,,
2017-06-05,53,48,38,42,59,57,53,,
2017-06-06,52,42,51,72,60,59,46,,
2017-06-07,43,49,17,61,61,40,48,,
2017-06-08,35,29,26,46,59,35,38,,
2017-06-09,44,39,38,82,79,54,56,,
2017-06-10,54,53,47,79,80,55,57,,
2017-06-11,21,20,22,,11,33,22,,
2017-06-12,34,9,27,3,59,35,40,,
2017-06-13,46,35,31,66,62,45,,,
2017-06-14,46,52,28,68,72,56,,,
2017-06-15,53,45,35,16,71,58,,,
2017-06-16,44,39,40,,63,50,,,
2017-06-17,52,31,29,,64,43,,,
2017-06-18,40,33,30,,66,45,,,
2017-06-19,26,28,29,,35,27,,,
2017-06-20,40,53,33,31,53,47,,,
2017-06-21,39,28,28,69,71,46,,,
2017-06-22,45,50,36,70,66,52,,,
2017-06-23,40,43,40,68,64,49,,,
2017-06-24,47,46,39,62,72,58,,35,
2017-06-25,30,27,34,69,59,52,,27,
2017-06-26,33,52,34,56,49,44,,26,
2017-06-27,42,30,27,52,56,36,,26,
2017-06-28,51,41,37,76,59,53,,42,
2017-06-29,44,36,42,67,69,52,,39,
2017-06-30,42,35,39,57,64,47,,30,
2017-07-01,54,61,47,69,75,60,,39,
2017-07-02,40,31,43,58,57,53,,30,
2017-07-03,38,29,36,63,53,53,,29,
2017-07-04,46,49,45,68,60,51,,32,
2017-07-05,41,53,39,65,55,46,,34,
2017-07-06,54,50,52,71,75,58,,,
2017-07-07,52,38,46,66,67,55,54,,24
2017-07-08,46,38,52,70,72,54,51,,24
2017-07-09,49,39,40,43,67,53,52,,23
2017-07-10,42,32,33,22,62,54,43,,22
2017-07-11,52,55,31,67,3,55,53,,22
2017-07-12,46,51,35,72,,56,50,,26
2017-07-13,52,43,37,70,,55,47,,19
2017-07-14,38,31,39,70,,53,43,,21
2017-07-15,43,32,42,74,,45,43,,22
2017-07-16,26,27,37,72,,35,30,,14
2017-07-17,43,33,42,75,,42,41,,17
2017-07-18,45,41,43,74,23,50,46,,20
2017-07-19,9,26,43,69,64,42,43,,
2017-07-20,,31,31,64,58,44,32,,
2017-07-21,9,41,50,80,71,51,39,,
2017-07-22,51,40,38,82,73,56,49,,23
2017-07-23,30,28,43,75,40,45,31,,19
2017-07-24,43,36,40,80,55,52,41,,22
2017-07-25,46,36,42,81,61,52,47,,24
2017-07-26,44,43,44,69,42,53,,,23
2017-07-27,44,37,38,72,54,55,43,,26
2017-07-28,40,56,32,69,16,53,44,,20
2017-07-29,52,44,38,63,12,62,44,,26
2017-07-30,46,53,41,77,54,59,48,,
2017-07-31,38,35,37,64,17,55,41,,
2017-08-01,49,47,41,79,46,55,47,,
2017-08-02,52,57,45,92,64,63,50,,
2017-08-03,55,47,48,89,56,60,54,,32
2017-08-04,45,40,38,78,59,58,48,36,26
2017-08-05,49,46,47,78,60,55,44,34,25
2017-08-06,40,43,43,92,25,50,42,35,24
2017-08-07,51,43,38,95,23,59,46,35,27
2017-08-08,41,44,37,80,22,52,38,31,23
2017-08-09,49,33,37,96,69,55,50,39,30
2017-08-10,49,48,,88,60,62,52,33,27
2017-08-11,39,27,,9,42,34,34,21,14
2017-08-12,47,44,,64,63,55,42,33,20
2017-08-13,34,46,,80,51,40,34,29,18
2017-08-14,37,10,,70,19,42,36,28,18
2017-08-15,49,,,79,72,51,45,36,23
2017-08-16,44,,,41,65,50,47,37,24
2017-08-17,44,30,,84,72,50,42,35,22
2017-08-18,28,53,,72,59,37,33,28,
2017-08-19,37,23,,75,66,11,32,33,14
2017-08-20,29,22,,73,55,31,36,24,14
2017-08-21,36,28,,78,58,43,37,28,17
2017-08-22,46,34,,91,71,53,44,31,20
2017-08-23,47,38,,86,64,53,48,31,26
2017-08-24,43,38,,81,52,55,45,30,23
2017-08-25,46,29,,92,63,42,49,38,20
2017-08-26,40,39,,82,72,53,,33,23
2017-08-27,34,28,,78,48,39,,26,17
2017-08-28,37,26,,72,9,41,,25,17
2017-08-29,39,30,,80,17,44,39,41,17
2017-08-30,39,31,,86,68,42,40,40,17
2017-08-31,48,42,,85,60,54,41,43,24
2017-09-01,53,52,,86,67,60,,48,26
2017-09-02,60,49,,94,95,65,,53,29
2017-09-03,54,32,,83,52,52,,36,23
2017-09-04,61,38,,88,31,52,,42,25
2017-09-05,52,44,,91,33,52,,44,23
2017-09-06,39,36,,29,28,44,,32,17
2017-09-07,39,25,,69,26,36,,32,13
2017-09-08,45,28,,72,64,46,,41,17
2017-09-09,42,30,,4,67,35,,36,15
2017-09-10,37,19,,,54,32,,29,14
2017-09-11,11,40,,14,53,39,,30,19
2017-09-12,,44,,41,63,52,38,41,22
2017-09-13,,28,,36,58,35,34,31,16
2017-09-14,,39,,74,73,54,49,47,20
2017-09-15,,27,,9,51,33,30,26,12
2017-09-16,26,27,,,61,37,38,29,17
2017-09-17,47,31,,,55,38,33,34,16
2017-09-18,42,47,,40,60,41,41,41,16
2017-09-19,39,32,,70,53,37,35,31,12
2017-09-20,45,40,,73,69,46,45,,19
2017-09-21,36,53,43,61,63,41,40,,18
2017-09-22,42,39,46,72,49,50,43,,21
2017-09-23,40,46,38,82,66,34,41,39,16
2017-09-24,34,27,36,,52,38,22,21,11
2017-09-25,32,16,35,21,53,37,37,30,15
2017-09-26,40,28,41,,55,44,42,36,19
2017-09-27,35,45,45,13,49,46,45,46,19
2017-09-28,31,6,31,58,54,34,31,26,14
2017-09-29,41,,22,59,70,53,44,40,19
2017-09-30,40,,13,66,89,52,35,36,16
2017-10-01,37,,21,69,16,53,39,42,18
2017-10-02,38,,39,66,11,43,42,34,16
2017-10-03,30,,40,62,58,34,37,31,13
2017-10-04,28,,33,54,57,28,28,24,10
2017-10-05,37,16,22,51,58,29,35,31,11
2017-10-06,37,36,40,62,62,47,46,35,16
2017-10-07,43,39,46,74,80,59,49,48,22
2017-10-08,41,29,47,70,63,53,39,42,21
2017-10-09,47,14,32,70,5,51,51,46,20
2017-10-10,51,30,43,80,,49,53,,21
2017-10-11,51,39,34,82,3,47,53,,22
2017-10-12,39,52,51,68,61,52,46,43,19
2017-10-13,46,58,41,74,72,54,45,46,21
2017-10-14,43,39,41,71,60,43,46,51,20
2017-10-15,44,41,47,82,75,54,44,48,23
2017-10-16,37,31,38,13,57,41,34,37,
2017-10-17,43,34,49,47,48,54,45,39,
2017-10-18,49,29,41,38,56,56,51,48,21
2017-10-19,37,36,36,69,57,30,47,38,15
2017-10-20,38,33,47,77,55,54,47,44,18
2017-10-21,42,30,33,67,49,43,47,42,17
2017-10-22,34,19,22,11,40,34,35,40,15
2017-10-23,37,40,43,69,60,49,41,42,20
2017-10-24,41,32,17,78,80,53,47,41,15
2017-10-25,56,54,64,91,98,77,62,56,25
2017-10-26,42,59,30,66,65,37,49,43,17
2017-10-27,40,40,40,59,70,53,51,41,17
2017-10-28,38,55,24,70,64,41,44,39,13
2017-10-29,48,33,32,90,68,49,49,49,21
2017-10-30,49,35,28,70,61,49,51,41,17
2017-10-31,46,53,36,71,4,49,51,54,20
2017-11-01,51,29,44,78,15,54,52,51,22
2017-11-02,29,,41,51,40,34,37,30,12
2017-11-03,38,,36,69,44,39,47,40,17
2017-11-04,24,,33,57,42,30,28,25,10
2017-11-05,27,,32,61,52,11,27,32,12
2017-11-06,25,,32,52,12,,26,34,13
2017-11-07,37,,34,58,38,30,35,42,16
2017-11-08,29,,34,61,9,38,33,,15
2017-11-09,29,,34,25,42,40,45,,12
2017-11-10,32,,33,33,49,38,42,,12
2017-11-11,39,,41,53,50,47,40,,18
2017-11-12,29,,32,58,37,10,32,,17
2017-11-13,34,,25,48,49,,33,,16
2017-11-14,24,,21,56,52,,26,,11
2017-11-15,39,,28,53,60,,47,,12
2017-11-16,31,,32,48,50,,42,,13
2017-11-17,38,,26,46,60,,45,,16
2017-11-18,46,,33,63,57,,44,,17
2017-11-19,20,,23,44,9,,23,,10
2017-11-20,39,,21,43,65,,47,,11
2017-11-21,30,,23,51,37,,41,31,13
2017-11-22,41,,35,53,49,,51,35,18
2017-11-23,35,4,28,52,37,,41,33,18
2017-11-24,49,35,24,53,78,,56,36,18
2017-11-25,53,36,42,77,72,,52,48,22
2017-11-26,35,25,38,66,16,,34,39,17
2017-11-27,38,28,33,59,41,,44,35,17
2017-11-28,36,27,39,64,49,7,44,40,16
2017-11-29,39,32,30,51,52,47,52,38,20
2017-11-30,37,30,35,54,47,41,42,39,17
2017-12-01,32,27,24,53,41,29,36,33,13
2017-12-02,27,20,36,61,53,27,32,28,13
2017-12-03,31,30,35,7,17,30,28,25,12
2017-12-04,38,31,23,28,57,39,41,35,16
2017-12-05,46,38,46,64,63,44,48,43,23
2017-12-06,53,36,42,55,59,39,51,47,23
2017-12-07,46,40,41,47,20,16,42,39,25
2017-12-08,34,58,32,45,21,13,42,42,19
2017-12-09,32,32,33,31,23,35,34,29,16
2017-12-10,23,23,19,4,11,,29,22,
2017-12-11,35,30,14,10,5,17,44,31,
2017-12-12,37,28,19,44,9,35,46,31,16
2017-12-13,51,55,51,72,61,51,56,51,30
2017-12-14,51,50,45,72,54,53,52,36,31
2017-12-15,55,53,50,83,74,55,56,52,28
2017-12-16,53,52,51,88,58,54,56,48,30
2017-12-17,41,41,46,78,51,51,42,45,28
2017-12-18,43,46,42,75,57,52,47,44,28
2017-12-19,41,45,40,68,53,49,29,,28
2017-12-20,44,44,40,67,56,44,51,,23
2017-12-21,44,41,41,67,56,48,54,,5
2017-12-22,45,36,41,64,54,33,46,44,12
2017-12-23,44,35,37,64,54,45,43,42,
2017-12-24,35,28,32,64,57,35,31,31,
2017-12-25,24,18,21,56,51,21,22,26,
2017-12-26,27,23,28,24,54,22,31,,
2017-12-27,40,38,27,10,59,37,52,,
2017-12-28,28,25,25,22,53,28,34,,
2017-12-29,34,28,25,56,67,32,37,,
2017-12-30,37,27,32,59,73,37,37,,
2017-12-31,26,22,25,52,49,30,26,,
2018-01-01,,,,6,,,1,,
2018-01-02,27,19,27,56,13,19,27,,
2018-01-03,37,32,27,58,57,27,39,1,
2018-01-04,36,37,25,57,58,26,39,,
2018-01-05,34,38,17,59,10,24,32,0,
2018-01-06,51,46,20,72,12,44,43,1,
2018-01-07,45,39,26,71,57,46,40,,
2018-01-08,28,28,17,64,42,23,25,,
2018-01-09,,31,19,55,8,25,32,,
2018-01-10,34,28,21,22,55,33,35,0,
2018-01-11,52,47,32,55,74,56,50,40,
2018-01-12,58,54,28,58,82,60,56,43,9
2018-01-13,51,49,27,57,72,58,54,37,7
2018-01-14,39,33,21,53,62,49,38,25,6
2018-01-15,51,46,22,67,79,55,50,36,7
2018-01-16,43,,20,24,71,52,46,33,5
2018-01-17,54,16,20,23,69,51,52,34,6
2018-01-18,54,72,25,26,9,45,52,,7
2018-01-19,47,51,33,50,15,38,51,,6
2018-01-20,56,49,45,30,11,56,54,,7
2018-01-21,55,52,49,69,58,57,52,,9
2018-01-22,47,37,41,71,9,48,48,,9
2018-01-23,44,35,39,67,51,47,48,,8
2018-01-24,52,44,33,66,17,65,47,,11
2018-01-25,56,51,34,79,61,62,54,,11
2018-01-26,59,49,43,83,59,64,55,,12
2018-01-27,61,51,54,84,16,66,55,,12
2018-01-28,63,56,52,95,72,63,59,,14
2018-01-29,53,44,39,81,59,60,43,,11
2018-01-30,52,47,39,68,57,54,52,,11
2018-01-31,54,50,40,70,66,53,54,,12
2018-02-01,54,47,43,72,63,51,51,,11
2018-02-02,48,42,33,67,62,39,46,,10
2018-02-03,53,41,21,,64,39,49,,9
2018-02-04,44,33,30,,61,37,35,,9
2018-02-05,36,27,27,,12,28,31,,
2018-02-06,45,38,23,55,53,32,42,,
2018-02-07,48,40,24,52,54,,44,,
2018-02-08,44,33,35,60,57,,42,,
2018-02-09,35,33,36,67,55,,39,,15
2018-02-10,42,37,29,67,57,,40,,15
2018-02-11,35,30,17,,57,,30,,12
2018-02-12,36,28,27,,19,,33,,11
2018-02-13,55,40,34,81,18,,51,,16
2018-02-14,53,43,38,78,16,,51,,17
2018-02-15,46,35,28,73,68,,45,,14
2018-02-16,38,30,23,69,67,,37,26,11
2018-02-17,49,38,19,,66,,41,31,13
2018-02-18,43,29,23,,63,,35,23,12
2018-02-19,29,32,22,,55,,30,21,9
2018-02-20,42,34,25,,62,,43,27,14
2018-02-21,37,30,22,,16,,36,27,14
2018-02-22,38,37,22,,12,,35,28,15
2018-02-23,36,34,22,23,16,,38,24,10
2018-02-24,35,28,22,65,16,,33,20,9
2018-02-25,25,15,23,55,14,,25,17,6
2018-02-26,39,14,28,62,14,,35,26,13
2018-02-27,51,47,32,74,18,,43,30,13
2018-02-28,56,48,36,77,77,81,52,35,14
2018-03-01,56,48,41,81,69,65,52,0,13
2018-03-02,49,46,36,85,70,56,44,34,13
2018-03-03,57,52,35,86,90,69,55,36,14
2018-03-04,52,42,33,79,89,53,48,33,11
2018-03-05,49,39,26,73,78,50,43,29,13
2018-03-06,50,42,31,79,69,49,44,29,12
2018-03-07,58,52,44,88,85,50,52,38,14
2018-03-08,57,51,51,83,81,53,53,44,15
2018-03-09,54,46,48,90,69,45,51,43,14
2018-03-10,56,46,50,91,79,47,53,41,14
2018-03-11,57,45,39,91,75,51,53,41,16
2018-03-12,54,48,38,78,75,51,45,39,15
2018-03-13,54,52,39,71,70,54,45,41,14
2018-03-14,53,54,43,85,73,54,53,36,15
2018-03-15,54,52,46,80,75,54,53,44,16
2018-03-16,65,54,38,94,97,53,59,49,18
2018-03-17,61,51,42,95,92,57,57,45,17
2018-03-18,54,50,35,89,84,54,47,32,16
2018-03-19,44,58,26,85,73,41,37,29,10
2018-03-20,44,44,26,87,73,37,38,26,10
2018-03-21,59,56,36,95,93,52,59,40,14
2018-03-22,52,49,41,98,79,51,51,38,13
2018-03-23,52,14,36,96,70,49,47,35,13
2018-03-24,53,18,34,98,79,51,47,34,14
2018-03-25,62,18,37,99,129,70,55,40,14
2018-03-26,44,15,28,92,70,50,41,31,11
2018-03-27,44,19,24,90,64,45,40,32,10
2018-03-28,55,42,29,96,11,49,52,40,12
2018-03-29,53,38,39,98,62,56,48,37,14
2018-03-30,39,34,35,93,60,46,32,30,11
2018-03-31,28,,21,,58,25,25,20,7
2018-04-01,29,4,22,,52,29,26,20,7
2018-04-02,34,25,15,12,58,29,31,24,8
2018-04-03,44,35,21,79,64,35,38,31,10
2018-04-04,43,35,17,89,69,,40,30,9
2018-04-05,58,46,20,91,84,58,55,43,13
2018-04-06,43,33,16,79,60,31,41,30,8
2018-04-07,54,44,22,85,62,52,47,36,13
2018-04-08,51,41,25,85,63,53,44,32,13
2018-04-09,45,38,31,94,68,48,42,34,12
2018-04-10,43,41,27,92,69,,41,31,10
2018-04-11,47,44,22,82,81,49,47,36,10
2018-04-12,45,35,22,75,73,45,40,31,9
2018-04-13,60,54,25,84,91,60,53,43,16
2018-04-14,47,36,23,80,70,44,41,30,10
2018-04-15,51,45,29,89,75,54,46,38,12
2018-04-16,44,37,29,86,68,44,35,33,11
2018-04-17,57,41,29,85,85,54,48,37,13
2018-04-18,57,49,30,98,83,,55,48,14
2018-04-19,63,51,45,126,84,,58,68,
2018-04-20,56,,34,92,81,49,53,58,
2018-04-21,61,,41,104,13,59,55,64,28
2018-04-22,58,,45,104,14,46,52,60,25
2018-04-23,47,,30,86,12,34,40,49,18
2018-04-24,52,,28,80,84,41,47,46,19
2018-04-25,54,,23,86,79,46,48,49,22
2018-04-26,58,,34,99,85,49,49,45,23
2018-04-27,53,,27,81,73,47,46,47,21
2018-04-28,54,,23,81,73,38,47,40,
2018-04-29,55,,21,90,88,40,50,41,
2018-04-30,56,,34,84,14,45,46,43,
2018-05-01,53,,35,93,16,38,42,46,
2018-05-02,51,,27,35,14,43,47,38,
2018-05-03,51,15,28,23,11,42,49,40,21
2018-05-04,57,14,26,29,12,42,52,40,22
2018-05-05,50,17,28,,80,32,45,37,16
2018-05-06,47,9,23,,74,38,40,41,21
2018-05-07,33,,13,,73,21,32,27,12
2018-05-08,43,,14,22,75,22,42,29,13
2018-05-09,10,,21,27,71,27,52,38,17
2018-05-10,11,,,28,65,26,40,36,16
2018-05-11,11,,27,90,74,38,51,45,22
2018-05-12,11,,28,85,71,43,48,40,21
2018-05-13,3,,23,81,64,40,44,34,21
2018-05-14,,,18,80,65,32,30,31,16
2018-05-15,,,19,81,69,32,39,36,17
2018-05-16,9,,25,71,69,45,46,37,21
2018-05-17,58,,23,55,79,49,57,1,24
2018-05-18,51,,27,24,73,46,53,0,19
2018-05-19,53,,21,63,79,38,49,1,17
2018-05-20,52,,17,62,76,16,45,,14
2018-05-21,41,,15,60,52,10,37,0,16
2018-05-22,55,14,27,,,42,53,1,23
2018-05-23,54,9,22,,62,34,53,38,17
2018-05-24,52,21,20,,85,46,56,43,
2018-05-25,53,43,26,24,68,42,53,44,
2018-05-26,52,11,27,60,75,41,49,39,
2018-05-27,47,11,18,62,68,31,42,30,
2018-05-28,27,,13,54,50,,24,20,
2018-05-29,54,,20,57,81,56,52,39,
2018-05-30,49,44,23,61,79,35,49,36,
2018-05-31,55,54,,,87,58,54,45,
2018-06-01,50,41,10,,75,35,48,37,
2018-06-02,57,47,,31,87,49,54,45,
2018-06-03,53,40,,69,93,43,48,39,
2018-06-04,44,35,,63,73,36,34,33,
2018-06-05,51,35,,72,70,41,47,40,
2018-06-06,48,36,22,70,73,43,49,,
2018-06-07,43,34,14,54,68,40,45,,
2018-06-08,52,40,19,73,72,50,51,36,
2018-06-09,55,44,47,79,84,54,51,39,
2018-06-10,55,35,23,78,80,43,41,35,
2018-06-11,34,26,14,,75,25,27,23,
2018-06-12,42,28,22,,59,26,42,,
2018-06-13,45,36,35,87,69,39,48,1,
2018-06-14,52,47,40,101,84,51,48,40,
2018-06-15,52,43,28,86,78,46,51,37,
2018-06-16,52,41,40,89,77,45,52,40,
2018-06-17,51,41,40,90,76,48,45,41,
2018-06-18,54,39,41,85,75,51,43,44,
2018-06-19,56,47,35,82,78,55,52,43,
2018-06-20,49,37,31,78,70,46,46,34,
2018-06-21,51,,36,84,67,43,48,43,
2018-06-22,64,,42,87,79,65,55,45,
2018-06-23,61,43,51,95,72,56,53,45,
2018-06-24,47,28,27,80,59,47,41,36,
2018-06-25,49,37,30,82,60,39,41,35,
2018-06-26,56,48,29,74,76,46,53,36,
2018-06-27,52,44,38,77,70,57,52,34,
2018-06-28,40,31,11,74,9,30,40,0,
2018-06-29,34,32,15,81,54,35,43,23,
2018-06-30,32,31,9,78,52,35,43,26,
2018-07-01,41,31,20,85,57,37,40,34,
2018-07-02,28,26,19,75,46,29,30,24,
2018-07-03,34,31,26,86,38,35,41,31,
2018-07-04,49,45,39,92,66,54,49,38,
2018-07-05,55,45,43,96,72,55,55,47,
2018-07-06,54,44,43,93,66,52,53,46,
2018-07-07,52,45,51,98,65,52,53,42,
2018-07-08,48,43,36,98,71,51,49,35,
2018-07-09,43,44,43,97,65,50,46,37,
2018-07-10,47,45,48,98,63,51,51,37,
2018-07-11,40,38,29,91,55,35,45,31,
2018-07-12,52,47,49,91,21,51,54,40,
2018-07-13,51,46,43,96,63,46,54,42,
2018-07-14,51,43,45,88,64,50,54,38,
2018-07-15,39,37,32,80,53,42,41,34,
2018-07-16,36,36,24,70,52,37,41,27,
2018-07-17,46,42,38,85,68,54,47,31,
2018-07-18,44,41,40,90,65,59,48,36,
2018-07-19,42,47,36,85,58,49,48,34,
2018-07-20,44,43,47,76,52,34,49,40,
2018-07-21,36,33,36,68,48,35,39,33,
2018-07-22,34,33,44,66,53,36,40,35,
2018-07-23,42,48,34,66,57,45,46,34,
2018-07-24,39,38,36,64,58,42,43,27,
2018-07-25,47,46,28,76,85,57,53,34,
2018-07-26,42,35,,79,69,49,43,31,
2018-07-27,61,52,51,,95,76,51,36,
2018-07-28,56,38,37,,73,43,49,33,
2018-07-29,41,26,33,,57,37,42,29,
2018-07-30,32,27,33,,53,29,35,25,
2018-07-31,30,23,17,18,50,23,34,21,
2018-08-01,51,29,26,75,54,33,46,35,
2018-08-02,46,31,28,82,61,36,48,33,
2018-08-03,47,32,36,74,64,46,51,38,
2018-08-04,42,27,22,65,56,38,42,27,
2018-08-05,29,20,19,,49,29,30,21,
2018-08-06,48,36,29,32,16,52,47,35,
2018-08-07,47,36,,82,19,46,48,38,
2018-08-08,47,34,,78,16,44,50,37,
2018-08-09,51,35,,81,15,50,51,37,
2018-08-10,54,42,46,80,13,56,55,41,
2018-08-11,58,52,38,78,60,61,56,45,
2018-08-12,58,50,42,,57,51,56,43,
2018-08-13,48,32,44,,56,44,49,43,
2018-08-14,48,28,29,79,61,39,49,42,
2018-08-15,48,33,25,77,74,44,47,36,
2018-08-16,57,44,36,88,87,69,59,48,
2018-08-17,58,47,31,94,89,68,60,51,
2018-08-18,56,46,55,102,80,61,55,53,
2018-08-19,53,29,47,85,70,54,48,51,
2018-08-20,47,30,40,82,67,59,40,49,
2018-08-21,40,33,,85,64,52,41,1,
2018-08-22,51,34,,90,73,54,51,0,
2018-08-23,51,37,,93,72,60,52,0,
2018-08-24,54,36,39,87,65,54,51,50,
2018-08-25,52,31,34,77,66,53,48,50,
2018-08-26,46,31,40,87,62,54,45,39,
2018-08-27,40,28,31,83,56,56,36,33,
2018-08-28,51,33,35,,66,61,52,44,
2018-08-29,53,35,46,,16,62,53,47,
2018-08-30,49,31,39,34,52,53,48,41,
2018-08-31,52,32,51,88,55,61,50,49,
2018-09-01,46,30,40,83,,51,44,54,
2018-09-02,44,33,24,81,,46,37,40,
2018-09-03,38,26,29,32,,55,37,35,
2018-09-04,52,32,33,65,60,58,52,43,
2018-09-05,44,28,27,64,57,,49,43,
2018-09-06,47,31,36,68,58,39,47,40,
2018-09-07,44,32,33,25,51,35,45,39,
2018-09-08,53,31,35,38,58,43,47,43,
2018-09-09,52,35,42,30,73,53,46,43,
2018-09-10,53,31,25,37,61,53,42,44,
2018-09-11,57,27,53,73,62,57,53,47,
2018-09-12,61,20,44,75,64,68,54,46,
2018-09-13,49,8,,22,51,58,42,38,
2018-09-14,34,33,,,45,50,29,25,
2018-09-15,36,21,,,,51,34,22,
2018-09-16,39,20,,,12,51,34,24,
2018-09-17,53,33,,38,55,60,47,38,
2018-09-18,53,40,,73,61,53,45,38,
2018-09-19,55,37,31,63,58,52,49,35,
2018-09-20,61,43,36,68,75,57,54,41,
2018-09-21,54,40,35,68,61,56,51,42,
2018-09-22,52,39,33,66,55,54,48,39,
2018-09-23,49,38,35,65,59,51,46,35,
2018-09-24,49,33,30,62,18,50,43,33,
2018-09-25,59,39,44,77,76,61,53,39,
2018-09-26,59,40,47,81,81,62,53,44,
2018-09-27,46,39,32,69,69,53,44,40,
2018-09-28,48,32,33,65,69,61,48,36,
2018-09-29,47,30,29,67,70,62,44,37,
2018-09-30,52,32,27,61,75,80,48,35,
2018-10-01,35,26,28,59,58,45,29,29,
2018-10-02,51,31,27,61,61,49,39,31,
2018-10-03,43,12,31,72,,49,37,29,
2018-10-04,33,21,37,,,50,32,29,
2018-10-05,26,20,21,64,51,40,29,16,
2018-10-06,45,21,26,71,57,49,37,30,
2018-10-07,53,23,35,91,67,54,50,42,
2018-10-08,45,9,24,83,62,51,39,33,
2018-10-09,61,18,26,80,83,66,58,46,
2018-10-10,44,13,23,71,64,50,39,29,
2018-10-11,36,13,22,72,61,49,32,26,
2018-10-12,45,20,31,87,73,61,40,39,
2018-10-13,41,21,23,77,59,48,38,30,
2018-10-14,45,18,30,74,66,54,41,34,
2018-10-15,46,18,31,76,58,50,38,31,
2018-10-16,43,15,29,72,56,51,37,32,
2018-10-17,47,20,28,73,56,52,44,33,
2018-10-18,48,16,32,74,61,56,44,29,
2018-10-19,42,19,29,74,66,54,40,31,
2018-10-20,38,15,36,82,66,52,37,31,
2018-10-21,43,14,20,,65,,41,29,
2018-10-22,31,19,16,,57,19,34,22,
2018-10-23,38,18,19,68,57,48,38,25,
2018-10-24,41,15,25,67,56,49,40,26,
2018-10-25,49,14,25,74,69,62,46,33,
2018-10-26,51,,31,81,67,57,46,33,
2018-10-27,33,,18,72,62,52,37,26,
2018-10-28,41,,17,66,69,51,38,27,
2018-10-29,37,,21,69,56,50,36,27,
2018-10-30,59,,24,75,,67,61,43,
2018-10-31,40,,23,72,59,55,42,32,
2018-11-01,44,,21,76,64,53,45,33,
2018-11-02,44,,17,68,63,54,41,27,
2018-11-03,34,,12,65,59,51,35,0,
2018-11-04,42,,16,65,69,57,40,0,
2018-11-05,25,,,59,51,37,21,0,
2018-11-06,48,,,73,73,57,43,0,
2018-11-07,45,,28,76,74,62,2,0,
2018-11-08,47,,33,82,73,61,3,0,
2018-11-09,46,,9,73,69,60,2,34,
2018-11-10,51,,26,74,65,52,3,38,
2018-11-11,48,,26,78,73,55,1,37,
2018-11-12,33,,18,69,62,47,2,24,
2018-11-13,48,,20,73,60,51,2,37,
2018-11-14,52,9,23,73,64,57,1,38,
2018-11-15,54,17,29,81,77,71,3,37,
2018-11-16,53,23,40,89,78,74,2,39,
2018-11-17,54,7,44,87,80,64,1,41,
2018-11-18,53,15,45,83,80,63,1,47,
2018-11-19,10,12,24,81,59,51,3,29,
2018-11-20,,16,24,84,72,56,2,31,
2018-11-21,8,13,27,87,69,54,2,32,
2018-11-22,48,13,25,76,62,53,2,0,
2018-11-23,43,9,27,81,64,58,2,0,
2018-11-24,42,9,24,84,66,55,,0,
2018-11-25,39,14,22,70,65,56,,0,
2018-11-26,35,4,18,71,56,49,,0,
2018-11-27,29,13,16,67,53,38,,0,
2018-11-28,41,16,24,83,75,66,,32,
2018-11-29,14,,34,99,86,80,,49,
2018-11-30,,8,29,89,79,68,,41,
2018-12-01,34,11,11,67,60,50,,26,
2018-12-02,39,12,17,73,71,55,,32,
2018-12-03,40,19,19,71,60,52,,35,
2018-12-04,43,13,23,73,62,50,,33,
2018-12-05,33,10,21,67,54,49,,22,
2018-12-06,30,16,15,60,52,41,,19,
2018-12-07,35,10,19,73,63,54,,27,
2018-12-08,53,20,27,79,80,65,,36,
2018-12-09,50,24,32,88,79,58,,34,
2018-12-10,55,22,36,95,84,65,,41,
2018-12-11,60,14,50,95,80,59,55,,
2018-12-12,64,25,54,103,6,62,58,1,
2018-12-13,61,22,46,90,6,61,56,1,
2018-12-14,53,12,51,92,72,63,49,1,
2018-12-15,62,57,29,87,124,73,61,45,
2018-12-16,61,48,0,99,87,64,56,47,
2018-12-17,52,40,24,28,65,64,46,39,
2018-12-18,52,43,39,73,63,61,47,39,
2018-12-19,56,49,47,74,82,77,54,43,
2018-12-20,55,50,36,72,73,67,54,43,
2018-12-21,43,52,25,61,57,53,44,34,
2018-12-22,61,51,24,63,85,58,56,43,
2018-12-23,58,48,32,69,91,65,54,44,
2018-12-24,56,43,39,77,81,56,53,41,
2018-12-25,57,42,41,79,83,57,53,44,
2018-12-26,54,34,39,73,68,55,45,,
2018-12-27,62,43,47,75,70,58,55,,
2018-12-28,65,45,,77,67,62,55,,
2018-12-29,64,45,32,69,88,61,54,,
2018-12-30,57,38,39,74,72,54,48,,
2018-12-31,54,35,36,73,66,48,45,,
2019-01-01,25,39,34,83,113,61,51,,
2019-01-02,19,31,32,65,64,43,40,,
2019-01-03,22,38,28,67,66,35,46,,
2019-01-04,23,41,43,82,62,29,47,,
2019-01-05,18,35,43,86,71,28,50,44,
2019-01-06,14,32,34,77,72,19,45,38,
2019-01-07,7,,23,66,63,10,37,32,
2019-01-08,14,,21,69,61,19,42,34,
2019-01-09,6,20,19,58,51,12,33,27,
2019-01-10,13,33,18,64,68,20,40,30,
2019-01-11,18,31,27,65,71,24,45,28,
2019-01-12,15,39,31,74,74,25,50,32,
2019-01-13,14,29,26,18,59,20,38,30,
2019-01-14,11,22,19,0,48,18,31,18,
2019-01-15,18,35,29,59,62,24,42,28,
2019-01-16,10,36,36,64,65,17,42,33,
2019-01-17,19,39,38,64,61,28,44,33,
2019-01-18,14,40,46,70,67,19,44,43,
2019-01-19,18,43,54,82,72,24,46,47,
2019-01-20,10,34,48,69,63,12,41,40,
2019-01-21,20,26,37,58,56,23,36,33,
2019-01-22,23,32,44,70,64,24,43,40,
2019-01-23,23,35,43,71,68,57,46,40,
2019-01-24,20,41,45,72,79,75,51,41,
2019-01-25,21,39,46,74,76,74,49,39,
2019-01-26,21,34,44,72,66,65,45,44,
2019-01-27,17,34,42,71,62,65,44,45,
2019-01-28,6,23,29,56,52,50,32,31,
2019-01-29,19,32,36,65,63,60,41,30,
2019-01-30,14,31,46,78,71,66,44,38,
2019-01-31,14,32,35,61,58,52,38,32,
2019-02-01,9,39,30,61,65,60,36,30,
2019-02-02,18,40,29,67,80,66,48,39,
2019-02-03,17,32,33,70,66,58,41,35,
2019-02-04,12,35,42,71,66,66,46,34,
2019-02-05,17,39,54,84,86,83,57,47,
2019-02-06,17,36,57,85,83,72,58,49,
2019-02-07,11,33,42,68,72,64,53,38,
2019-02-08,37,26,29,62,63,57,41,29,
2019-02-09,55,32,31,64,73,63,53,33,
2019-02-10,40,28,29,62,59,55,39,26,
2019-02-11,44,22,33,35,51,54,39,31,
2019-02-12,47,24,34,65,63,59,42,33,
2019-02-13,56,39,45,73,71,65,47,40,
2019-02-14,53,38,43,66,69,69,50,38,
2019-02-15,57,38,49,77,75,77,52,40,
2019-02-16,56,36,46,65,65,74,50,37,
2019-02-17,46,30,38,62,57,61,41,33,
2019-02-18,28,,27,54,46,47,31,19,
2019-02-19,47,,32,61,64,53,42,31,
2019-02-20,54,,32,64,85,71,52,35,
2019-02-21,55,,28,68,82,70,52,35,
2019-02-22,54,,27,61,67,61,47,37,
2019-02-23,,,28,59,63,66,44,35,
2019-02-24,,,27,59,59,51,34,25,
2019-02-25,53,,26,58,56,53,38,29,
2019-02-26,49,,23,57,55,54,35,28,
2019-02-27,41,34,24,53,57,52,33,27,
2019-02-28,42,42,,60,66,61,40,26,
2019-03-01,49,31,,70,,60,52,41,
2019-03-02,56,36,,68,,62,53,44,
2019-03-03,58,40,,76,,63,53,46,
2019-03-04,52,28,,17,,56,48,32,
2019-03-05,52,35,46,89,,77,51,45,
2019-03-06,57,38,48,91,,76,55,47,
2019-03-07,56,34,50,78,,74,54,42,
2019-03-08,58,35,46,86,,71,56,42,
2019-03-09,60,38,55,92,,58,57,52,
2019-03-10,59,33,48,88,,65,55,49,
2019-03-11,43,28,37,66,,51,36,31,
2019-03-12,48,27,41,79,73,75,46,37,
2019-03-13,61,42,41,93,91,86,55,51,
2019-03-14,,35,43,83,72,15,51,45,
2019-03-15,,38,30,62,63,61,48,38,
2019-03-16,,35,42,80,74,81,54,42,
2019-03-17,,29,42,79,71,73,48,42,
2019-03-18,,27,42,74,60,59,45,41,
2019-03-19,,21,30,61,51,52,38,29,
2019-03-20,,31,30,68,67,53,54,41,
2019-03-21,,34,39,78,70,66,56,44,
2019-03-22,,31,35,10,68,66,56,,
2019-03-23,,34,39,73,84,73,58,,
2019-03-24,,34,40,0,87,70,55,46,
2019-03-25,,32,40,0,79,68,47,44,
2019-03-26,,32,37,0,70,61,44,36,
2019-03-27,,32,40,0,68,58,47,39,
2019-03-28,51,31,51,0,69,58,45,43,
2019-03-29,46,30,42,0,59,60,1,32,
2019-03-30,57,47,28,0,86,55,1,40,
2019-03-31,58,43,39,0,96,56,57,43,
2019-04-01,37,24,35,0,60,11,1,28,
2019-04-02,43,27,14,0,66,58,42,28,
2019-04-03,54,,,7,,63,50,35,
2019-04-04,51,32,,0,70,65,51,36,
2019-04-05,41,32,,15,61,52,39,31,
2019-04-06,39,26,24,62,56,50,35,25,
2019-04-07,51,41,30,0,80,58,42,35,
2019-04-08,52,33,36,14,,55,49,37,
2019-04-09,49,40,32,75,,,51,36,
2019-04-10,55,34,29,73,,,48,35,
2019-04-11,63,36,34,77,,,56,39,
2019-04-12,52,32,36,79,58,55,47,35,
2019-04-13,42,40,27,68,57,48,39,27,
2019-04-14,48,31,34,76,68,54,43,33,
2019-04-15,34,23,21,68,50,49,31,22,
2019-04-16,59,51,38,83,71,68,60,41,
2019-04-17,48,34,29,83,66,57,47,36,
2019-04-18,51,29,30,76,69,54,49,36,
2019-04-19,32,26,22,0,52,42,33,24,
2019-04-20,39,22,24,0,50,49,37,28,
2019-04-21,30,19,21,0,48,49,29,22,
2019-04-22,31,21,24,8,50,40,32,,
2019-04-23,39,25,28,10,53,40,42,,
2019-04-24,,27,,75,50,48,42,,
2019-04-25,61,39,37,0,71,67,54,,
2019-04-26,,35,30,0,70,61,55,,
2019-04-27,,33,25,0,68,58,56,,
2019-04-28,,38,23,0,60,55,54,,
2019-04-29,,35,34,0,64,58,51,,
2019-04-30,,41,39,0,66,60,53,,
2019-05-01,50,51,39,83,67,73,54,,
2019-05-02,56,43,40,92,73,68,53,,
2019-05-03,58,57,44,100,73,69,57,,
2019-05-04,56,38,39,91,70,65,56,,
2019-05-05,48,32,36,89,68,59,45,,
2019-05-06,48,33,40,83,57,58,44,,
2019-05-07,51,36,39,89,60,61,52,,
2019-05-08,48,37,29,79,61,57,46,,
2019-05-09,41,32,18,66,52,56,42,,
2019-05-10,41,30,17,63,63,49,43,,
2019-05-11,50,38,33,72,69,61,53,,
2019-05-12,43,25,26,79,55,56,49,,
2019-05-13,53,33,26,87,67,69,46,,
2019-05-14,52,36,27,89,17,64,47,,
2019-05-15,48,32,29,75,53,56,44,35,
2019-05-16,47,36,25,0,55,38,42,31,
2019-05-17,46,32,20,0,69,36,43,33,
2019-05-18,53,32,20,0,71,62,55,34,
2019-05-19,36,20,13,0,58,41,36,25,
2019-05-20,45,27,31,0,75,40,49,27,
2019-05-21,50,30,32,0,81,61,56,38,
2019-05-22,47,32,29,0,71,65,56,41,
2019-05-23,30,25,,0,56,,38,27,
2019-05-24,43,31,,0,64,53,44,28,
2019-05-25,36,28,20,72,66,49,42,27,
2019-05-26,42,27,15,70,74,52,37,27,
2019-05-27,53,33,22,73,70,57,,37,
2019-05-28,53,33,25,75,72,65,,38,
2019-05-29,43,24,18,66,64,43,,26,
2019-05-30,46,34,24,83,82,57,,35,
2019-05-31,,21,16,78,78,57,,29,
2019-06-01,54,28,16,74,79,54,,39,
2019-06-02,59,31,17,72,74,54,,43,
2019-06-03,48,30,16,72,65,48,,31,
2019-06-04,48,35,27,79,71,51,,36,
2019-06-05,51,43,27,78,71,53,,40,
2019-06-06,49,31,24,71,70,50,,39,
2019-06-07,33,22,20,67,61,42,,0,
2019-06-08,49,28,27,77,67,49,,1,
2019-06-09,52,40,30,93,83,55,,1,
2019-06-10,52,36,26,75,76,50,,1,
2019-06-11,44,,23,75,80,49,,1,
2019-06-12,46,35,29,81,73,50,,1,
2019-06-13,46,34,21,85,73,62,,44,
2019-06-14,47,29,31,76,70,53,,40,
2019-06-15,51,38,33,77,84,53,,35,
2019-06-16,47,30,23,74,83,50,,34,
2019-06-17,59,40,41,77,104,67,,51,
2019-06-18,62,44,35,4,106,70,,51,
2019-06-19,68,52,26,83,98,69,,52,
2019-06-20,76,51,49,99,119,89,,63,
2019-06-21,63,46,52,102,97,75,1,59,
2019-06-22,72,,48,98,120,91,1,57,
2019-06-23,63,,51,94,110,66,1,53,
2019-06-24,51,,37,82,68,54,1,36,
2019-06-25,41,,31,76,66,45,1,31,
2019-06-26,54,37,23,76,74,62,42,39,
2019-06-27,57,33,36,89,84,59,48,39,
2019-06-28,58,42,37,85,81,60,52,49,
2019-06-29,57,38,,84,82,60,52,48,
2019-06-30,49,33,,80,85,57,42,39,
2019-07-01,42,24,,79,89,60,32,29,
2019-07-02,51,28,,86,79,51,37,37,
2019-07-03,53,34,,84,75,15,45,46,
2019-07-04,56,35,,92,80,23,51,51,
2019-07-05,55,41,34,81,77,57,45,38,
2019-07-06,52,34,39,78,71,54,42,38,
2019-07-07,52,32,32,83,71,53,39,40,
2019-07-08,46,29,36,74,68,49,37,33,
2019-07-09,49,39,27,74,79,59,44,33,
2019-07-10,49,40,33,81,80,59,43,38,
2019-07-11,46,35,38,80,70,54,36,41,
2019-07-12,47,30,33,88,72,56,38,35,
2019-07-13,60,35,37,95,91,64,53,48,
2019-07-14,59,33,37,91,84,55,49,44,
2019-07-15,33,23,28,79,74,50,28,23,
2019-07-16,52,33,38,82,29,57,40,37,
2019-07-17,59,44,38,95,127,78,51,51,
2019-07-18,61,44,45,103,105,75,49,46,
2019-07-19,62,38,50,100,95,71,51,47,
2019-07-20,67,45,54,106,100,72,51,51,
2019-07-21,54,34,44,91,,53,39,37,
2019-07-22,46,25,40,77,,51,38,33,
2019-07-23,40,26,31,77,,49,36,30,
2019-07-24,54,35,31,97,92,55,45,36,
2019-07-25,48,32,34,94,83,56,40,35,
2019-07-26,48,31,,89,,59,43,30,
2019-07-27,52,31,36,96,83,59,43,41,
2019-07-28,50,31,43,88,88,54,42,41,
2019-07-29,48,32,37,84,73,55,41,35,
2019-07-30,56,39,42,81,77,56,41,45,
2019-07-31,60,41,46,78,90,55,47,43,
2019-08-01,58,38,38,75,85,56,43,45,
2019-08-02,58,37,40,76,80,60,51,43,
2019-08-03,59,36,44,77,86,59,52,48,
2019-08-04,52,33,41,75,80,54,44,44,
2019-08-05,46,32,34,74,79,62,1,34,
2019-08-06,53,39,34,75,77,57,46,43,
2019-08-07,54,37,33,76,79,59,47,45,
2019-08-08,58,35,41,74,86,60,50,37,
2019-08-09,58,45,39,70,80,58,54,37,
2019-08-10,61,40,43,72,86,62,55,42,
2019-08-11,54,43,42,72,96,59,49,41,
2019-08-12,56,41,35,73,88,63,49,35,
2019-08-13,56,40,41,73,81,63,49,41,
2019-08-14,60,51,46,79,84,73,52,57,
2019-08-15,83,56,,154,143,152,64,67,
2019-08-16,81,59,70,151,135,107,65,63,
2019-08-17,80,43,58,112,114,95,59,59,
2019-08-18,66,43,58,104,110,92,53,60,
2019-08-19,63,42,57,96,99,87,52,58,
2019-08-20,61,40,57,94,76,68,49,44,
2019-08-21,59,45,44,83,85,70,51,35,
2019-08-22,73,60,51,96,112,91,61,51,
2019-08-23,72,54,46,96,101,84,60,51,
2019-08-24,66,47,48,86,83,77,54,49,
2019-08-25,63,39,46,80,85,74,51,42,
2019-08-26,63,38,43,87,76,72,51,49,
2019-08-27,66,46,46,87,80,72,54,51,
2019-08-28,64,54,39,82,74,68,55,46,
2019-08-29,68,54,42,88,78,72,56,21,
2019-08-30,70,50,51,89,,72,54,3,
2019-08-31,69,47,56,92,,68,55,3,
2019-09-01,60,36,54,94,66,60,52,1,
2019-09-02,61,31,44,88,61,56,47,1,
2019-09-03,80,45,49,81,77,56,53,0,
2019-09-04,80,44,60,131,74,65,56,0,
2019-09-05,72,37,55,123,72,66,51,0,
2019-09-06,76,38,55,99,87,72,54,0,
2019-09-07,68,37,54,98,77,68,2,0,
2019-09-08,65,39,54,95,79,70,1,44,
2019-09-09,65,38,56,102,85,72,2,54,
2019-09-10,75,37,54,98,79,68,49,54,
2019-09-11,74,34,53,113,82,68,52,57,
2019-09-12,68,35,43,82,76,,43,51,
2019-09-13,66,33,30,85,112,,1,36,
2019-09-14,64,28,40,87,98,57,40,43,
2019-09-15,60,34,38,89,90,71,45,45,
2019-09-16,60,31,33,79,79,65,51,43,
2019-09-17,60,36,33,84,84,70,53,46,
2019-09-18,59,28,31,79,79,62,50,42,
2019-09-19,42,24,38,72,81,50,35,26,
2019-09-20,54,40,20,76,,60,50,30,
2019-09-21,78,55,31,82,129,70,65,45,
2019-09-22,62,33,40,84,99,56,54,42,
2019-09-23,53,27,33,35,79,49,50,35,
2019-09-24,66,38,45,74,84,53,55,47,
2019-09-25,67,39,36,80,90,60,56,46,
2019-09-26,52,34,37,71,77,47,37,32,
2019-09-27,58,30,32,72,75,43,38,36,
2019-09-28,57,,34,70,76,51,36,31,
2019-09-29,13,,33,75,87,56,42,34,
2019-09-30,13,,31,70,78,48,37,27,
2019-10-01,17,,42,66,76,41,35,29,
2019-10-02,61,38,21,80,,58,50,42,
2019-10-03,49,36,22,71,76,46,41,31,
2019-10-04,56,54,37,81,82,58,53,46,
2019-10-05,60,47,37,80,85,57,,46,
2019-10-06,52,40,26,67,75,52,,33,
2019-10-07,57,30,30,69,69,40,,30,
2019-10-08,74,46,29,76,85,53,48,36,
2019-10-09,73,38,,84,81,55,51,36,
2019-10-10,75,38,38,84,14,55,52,41,
2019-10-11,70,30,37,83,,42,44,40,
2019-10-12,59,31,37,72,59,36,39,34,
2019-10-13,52,26,22,68,66,27,33,28,
2019-10-14,53,28,25,63,50,32,29,26,
2019-10-15,60,28,25,69,56,37,35,31,
2019-10-16,69,33,,77,65,45,41,38,
2019-10-17,34,56,,82,79,,47,40,
2019-10-18,16,33,,84,69,,42,39,
2019-10-19,14,25,,71,60,50,28,23,
2019-10-20,15,26,,76,63,41,28,23,
2019-10-21,8,29,,79,61,45,39,30,
2019-10-22,19,30,33,75,57,48,41,31,
2019-10-23,24,,28,83,63,48,36,,
2019-10-24,33,75,29,84,64,49,43,,
2019-10-25,30,69,27,76,74,52,48,,
2019-10-26,22,63,32,84,71,53,55,41,
2019-10-27,14,53,28,81,59,48,42,31,
2019-10-28,17,56,29,86,66,52,47,39,
2019-10-29,8,56,24,79,62,52,46,37,
2019-10-30,17,61,32,89,67,53,52,44,
2019-10-31,18,65,33,0,75,58,49,39,
2019-11-01,15,69,34,93,79,62,52,40,
2019-11-02,16,68,39,80,67,52,49,36,
2019-11-03,13,59,33,80,75,52,42,35,
2019-11-04,13,46,29,75,55,37,29,28,
2019-11-05,18,60,28,81,65,51,47,33,
2019-11-06,14,58,29,74,65,52,46,34,
2019-11-07,,72,29,82,72,52,47,34,
2019-11-08,,64,37,87,69,58,47,42,
2019-11-09,,24,30,77,63,50,42,35,
2019-11-10,,3,18,75,71,42,38,27,
2019-11-11,,2,26,80,56,41,30,26,
2019-11-12,,5,,76,57,36,32,25,
2019-11-13,,16,,68,56,42,35,20,
2019-11-14,,21,,75,73,54,47,31,
2019-11-15,,19,,77,64,46,44,,
2019-11-16,,19,,80,65,52,47,,
2019-11-17,,30,21,79,84,53,48,,
2019-11-18,,22,19,70,52,42,35,,
2019-11-19,,37,32,81,59,52,47,,
2019-11-20,,35,32,81,69,59,48,,
2019-11-21,,38,27,90,73,64,50,,
2019-11-22,,24,19,78,54,42,27,,
2019-11-23,,32,23,75,60,43,38,,
2019-11-24,,39,28,80,67,50,38,,
2019-11-25,,36,36,86,65,51,48,,
2019-11-26,,45,49,95,79,57,57,,
2019-11-27,39,29,54,102,80,62,59,51,
2019-11-28,31,19,51,101,82,59,57,52,
2019-11-29,50,34,34,87,78,57,54,39,
2019-11-30,51,36,32,90,93,73,56,43,
2019-12-01,42,20,35,96,97,70,53,45,
2019-12-02,25,20,36,86,65,50,33,28,
2019-12-03,34,27,29,80,61,54,43,32,
2019-12-04,41,20,30,83,65,54,46,34,
2019-12-05,32,23,32,77,64,57,39,32,
2019-12-06,31,24,25,79,69,56,42,35,
2019-12-07,32,28,24,74,59,53,38,25,
2019-12-08,50,24,27,94,91,71,42,42,
2019-12-09,43,29,37,88,75,61,53,36,
2019-12-10,45,41,41,95,76,68,55,39,
2019-12-11,34,42,35,85,64,58,46,34,
2019-12-12,32,28,26,78,66,56,43,30,
2019-12-13,29,29,21,74,69,52,38,30,
2019-12-14,31,21,21,72,64,47,42,24,
2019-12-15,36,29,26,80,79,52,43,29,
2019-12-16,29,33,40,88,82,54,46,31,
2019-12-17,42,35,30,95,97,74,51,43,
2019-12-18,36,31,29,87,76,55,53,43,
2019-12-19,34,45,33,79,83,61,55,39,
2019-12-20,43,45,39,8,81,61,55,45,
2019-12-21,40,39,41,87,74,56,54,44,
2019-12-22,41,40,46,97,85,65,53,43,
2019-12-23,25,30,46,90,76,58,43,35,
2019-12-24,60,36,34,80,74,56,46,33,
2019-12-25,57,27,34,86,65,53,40,33,
2019-12-26,53,29,29,76,66,47,43,36,
2019-12-27,53,38,30,76,,49,44,39,
2019-12-28,61,34,40,7,,67,50,47,
2019-12-29,65,49,37,7,120,66,54,48,
2019-12-30,46,22,24,78,52,47,33,30,
2019-12-31,40,19,22,66,46,31,24,17,
2020-01-01,,,,,,,,,
2020-01-02,31,10,17,65,42,36,25,21,
2020-01-03,36,12,20,65,38,36,30,24,
2020-01-04,45,29,31,72,56,46,37,29,
2020-01-05,44,33,26,80,53,42,35,31,
2020-01-06,38,22,23,70,49,35,28,25,
2020-01-07,52,31,27,81,59,51,39,33,
2020-01-08,61,42,38,95,73,65,45,39,
2020-01-09,75,44,51,107,89,75,55,53,
2020-01-10,78,46,53,115,96,86,57,55,
2020-01-11,72,39,53,107,82,72,54,52,
2020-01-12,60,36,40,91,65,54,44,44,
2020-01-13,64,35,43,96,72,60,50,41,
2020-01-14,61,34,51,94,68,59,47,43,
2020-01-15,72,41,51,94,85,69,52,47,
2020-01-16,65,36,46,91,81,60,49,48,
2020-01-17,74,39,47,90,83,63,55,44,
2020-01-18,75,40,48,87,82,69,56,45,
2020-01-19,66,35,49,86,67,59,46,40,
2020-01-20,54,28,42,81,59,53,39,33,
2020-01-21,54,28,34,,58,44,41,29,
2020-01-22,52,24,25,,70,55,38,30,
2020-01-23,57,32,35,,79,63,47,38,
2020-01-24,65,40,42,99,75,71,51,39,
2020-01-25,69,40,48,99,81,79,49,42,
2020-01-26,77,34,26,94,92,78,57,47,
2020-01-27,34,21,,72,57,52,27,18,
2020-01-28,35,22,22,65,41,25,28,18,
2020-01-29,67,33,25,78,65,55,45,34,70
2020-01-30,60,43,53,88,90,75,54,57,92
2020-01-31,54,43,60,87,77,68,48,60,83
2020-02-01,54,70,64,98,72,64,99,65,78
2020-02-02,47,59,61,97,67,56,86,62,69
2020-02-03,36,57,54,84,59,57,72,50,66
2020-02-04,40,60,54,84,61,55,71,49,66
2020-02-05,49,66,54,87,66,66,76,51,75
2020-02-06,52,73,55,94,78,67,80,61,76
2020-02-07,58,77,64,99,85,75,99,65,87
2020-02-08,57,74,68,100,80,68,99,64,80
2020-02-09,51,93,55,92,74,68,95,57,80
2020-02-10,52,67,55,96,72,59,89,66,70
2020-02-11,64,78,68,100,87,78,94,66,86
2020-02-12,69,76,69,102,80,71,89,67,81
2020-02-13,57,67,64,99,82,61,87,65,70
2020-02-14,56,74,66,100,85,71,89,66,81
2020-02-15,58,76,68,110,91,79,85,67,94
2020-02-16,56,73,67,112,87,69,88,72,86
2020-02-17,51,67,55,89,75,61,78,57,66
2020-02-18,59,82,71,102,87,73,102,75,79
2020-02-19,59,82,72,103,87,76,99,69,82
2020-02-20,55,69,65,96,77,67,88,61,76
2020-02-21,53,74,50,86,87,66,93,54,69
2020-02-22,53,70,56,94,87,66,91,67,66
2020-02-23,54,81,63,104,,68,94,75,71
2020-02-24,42,68,48,86,78,58,76,59,61
2020-02-25,53,63,36,80,72,51,72,51,51
2020-02-26,52,57,38,83,69,52,74,56,53
2020-02-27,52,73,40,81,79,66,74,51,64
2020-02-28,52,74,52,87,81,64,78,58,65
2020-02-29,56,77,53,95,79,70,73,64,76
2020-03-01,54,71,55,92,75,70,71,57,67
2020-03-02,54,66,49,86,81,66,75,63,63
2020-03-03,56,69,51,91,82,66,79,61,72
2020-03-04,60,73,54,97,81,75,86,64,71
2020-03-05,61,79,72,114,89,75,87,133,81
2020-03-06,59,66,65,106,76,66,80,66,69
2020-03-07,54,65,56,90,72,61,76,60,64
2020-03-08,52,67,59,96,77,62,81,66,75
2020-03-09,53,69,68,108,76,67,79,69,72
2020-03-10,50,65,67,104,79,66,73,63,26
2020-03-11,41,71,51,87,79,62,47,56,27
2020-03-12,39,62,55,91,74,60,46,57,24
2020-03-13,29,50,41,77,61,30,36,22,19
2020-03-14,38,51,26,76,64,41,42,24,22
2020-03-15,36,53,27,82,65,39,34,26,29
2020-03-16,45,57,33,86,64,48,39,31,17
2020-03-17,53,65,36,90,72,52,51,36,25
2020-03-18,44,60,35,84,63,50,41,35,27
2020-03-19,52,69,43,84,69,57,48,36,27
2020-03-20,44,65,41,86,64,56,39,35,12
2020-03-21,32,49,28,56,54,52,27,20,29
2020-03-22,18,49,29,45,52,54,20,19,28
2020-03-23,33,59,29,52,60,51,,23,30
2020-03-24,31,58,28,53,58,44,,24,30
2020-03-25,36,,38,63,64,26,30,30,29
2020-03-26,33,,39,67,14,24,29,30,30
2020-03-27,32,,31,49,14,24,28,,29
2020-03-28,31,,25,,58,24,24,,25
2020-03-29,24,,22,,51,19,21,,17
2020-03-30,26,,23,,53,18,24,,
2020-03-31,37,,23,,59,53,33,,
2020-04-01,31,,18,,55,43,28,,
2020-04-02,26,,21,,54,28,25,,
2020-04-03,23,35,19,32,55,32,20,16,
2020-04-04,28,33,25,45,55,34,26,21,
2020-04-05,28,21,25,46,54,33,25,21,
2020-04-06,29,19,21,44,56,31,27,19,
2020-04-07,28,21,27,47,60,32,27,20,
2020-04-08,26,21,24,40,53,35,22,19,
2020-04-09,27,21,24,45,50,38,22,20,
2020-04-10,27,22,21,39,55,42,23,17,
2020-04-11,20,19,18,33,44,31,19,16,
2020-04-12,16,18,15,25,46,25,19,16,
2020-04-13,18,14,12,21,42,23,17,15,
2020-04-14,18,19,,,35,19,16,14,17
2020-04-15,27,19,,,45,31,23,16,22
2020-04-16,37,13,,41,57,44,24,20,19
2020-04-17,40,28,,40,59,40,28,21,27
2020-04-18,30,17,,43,59,47,27,21,23
2020-04-19,25,24,,33,55,35,21,16,26
2020-04-20,30,19,,49,56,38,27,21,25
2020-04-21,33,19,24,48,50,39,,22,22
2020-04-22,36,20,25,48,53,50,3,23,57
2020-04-23,31,7,25,50,59,46,48,24,56
2020-04-24,28,40,23,33,56,43,45,40,48
2020-04-25,26,52,30,30,55,34,46,44,48
2020-04-26,26,52,28,35,52,36,50,42,50
2020-04-27,33,48,33,39,54,36,46,47,49
2020-04-28,27,48,29,38,51,38,46,41,44
2020-04-29,30,47,32,31,52,36,42,41,44
2020-04-30,24,42,33,32,51,35,40,36,38
2020-05-01,25,47,35,36,54,35,42,37,44
2020-05-02,26,45,48,50,52,31,46,49,45
2020-05-03,29,49,39,40,54,39,45,46,52
2020-05-04,36,50,41,49,59,47,52,48,53
2020-05-05,39,53,44,53,59,52,52,50,53
2020-05-06,41,49,40,46,59,64,49,43,50
2020-05-07,54,63,57,67,72,65,64,68,65
2020-05-08,62,96,70,82,98,86,79,83,131
2020-05-09,54,79,66,76,81,72,72,76,86
2020-05-10,45,60,59,63,62,54,57,60,67
2020-05-11,34,48,32,41,53,49,46,41,52
2020-05-12,47,52,29,37,64,48,52,45,56
2020-05-13,39,56,32,50,61,50,57,54,52
2020-05-14,52,65,53,64,73,65,61,64,71
2020-05-15,47,62,50,55,70,56,55,56,59
2020-05-16,45,64,57,58,67,53,61,62,62
2020-05-17,41,58,54,55,65,54,55,55,64
2020-05-18,31,46,34,32,49,34,39,35,43
2020-05-19,29,47,32,31,50,35,38,34,42
2020-05-20,40,51,30,38,55,43,48,39,54
2020-05-21,45,56,42,46,62,48,54,48,53
2020-05-22,42,52,50,50,62,44,54,42,51
2020-05-23,38,54,53,49,60,50,50,34,56
2020-05-24,35,53,47,47,59,50,50,44,64
2020-05-25,32,41,46,48,53,36,41,49,53
2020-05-26,37,46,48,52,59,42,49,50,52
2020-05-27,46,60,50,56,65,56,60,54,69
2020-05-28,47,58,55,58,60,56,59,56,60
2020-05-29,36,45,34,37,49,36,49,50,50
2020-05-30,28,39,18,22,37,32,40,33,37
2020-05-31,24,46,30,38,41,38,39,28,46
2020-06-01,31,48,28,35,50,34,48,23,46
2020-06-02,47,55,40,51,64,48,60,46,60
2020-06-03,31,42,39,34,51,37,50,42,49
2020-06-04,44,55,40,56,58,46,58,51,55
2020-06-05,43,52,53,59,58,49,53,50,57
2020-06-06,55,67,48,56,70,63,62,55,69
2020-06-07,60,94,60,68,95,90,78,69,112
2020-06-08,51,59,59,63,61,56,55,55,67
2020-06-09,52,61,55,60,64,57,57,59,67
2020-06-10,44,52,38,50,52,51,47,40,53
2020-06-11,41,50,39,48,52,43,50,42,51
2020-06-12,50,57,45,52,58,53,49,45,59
2020-06-13,61,76,61,70,79,67,74,65,78
2020-06-14,50,62,57,64,70,59,59,57,67
2020-06-15,43,61,60,68,65,58,60,63,69
2020-06-16,51,63,63,73,68,58,58,62,66
2020-06-17,5,52,40,30,63,8,5,49,14
2020-06-18,9,49,34,29,10,14,5,40,24
2020-06-19,10,14,39,,10,17,5,2,26
2020-06-20,10,18,25,,10,15,4,1,23
2020-06-21,12,17,29,,15,16,3,1,26
2020-06-22,12,17,26,,15,18,3,1,23
2020-06-23,,10,26,,8,,,1,6
2020-06-24,,,27,,10,,,1,
2020-06-25,,,29,,,,,,
2020-06-26,,,26,,,,,,
2020-06-27,,,26,,,,,,
2020-06-28,,,17,,,,,,
2020-06-29,,,31,,,,,,
2020-06-30,,,20,,,,,,
2020-07-01,,,25,22,,,,,
2020-07-02,,,28,24,,,,,
2020-07-03,,,23,23,,,,,
2020-07-04,,,23,26,,,,,
2020-07-05,,,20,18,,,,,
2020-07-06,,,25,24,,,,,
2020-07-07,,,25,24,,,,,
2020-07-08,,,27,26,,,,,
2020-07-09,,27,28,28,,,,,
2020-07-10,,7,12,18,5,,,,
2020-07-11,,16,28,30,12,,,2,
2020-07-12,,18,29,29,15,,,2,
2020-07-13,,21,32,30,14,,,1,
2020-07-14,18,22,35,36,17,60,3,1,
2020-07-15,43,23,41,39,21,56,51,1,
2020-07-16,29,64,33,32,70,63,51,1,
2020-07-17,29,59,29,31,67,66,52,51,4
2020-07-18,43,58,49,37,69,64,51,47,5
2020-07-19,42,58,47,35,66,64,50,48,5
2020-07-20,27,49,50,31,51,48,36,42,5
2020-07-21,25,51,51,32,55,56,50,44,4
2020-07-22,23,45,,26,51,54,44,35,4
2020-07-23,22,44,35,23,48,45,43,33,4
2020-07-24,24,42,31,20,48,40,37,31,4
2020-07-25,28,43,42,22,53,46,43,42,4
2020-07-26,32,56,50,29,66,56,50,52,5
2020-07-27,31,56,53,30,66,51,52,49,5
2020-07-28,48,54,63,33,66,57,53,54,5
2020-07-29,49,55,56,31,62,53,53,54,5
2020-07-30,56,61,51,40,62,58,49,50,
2020-07-31,55,55,49,33,66,61,50,50,
2020-08-01,54,53,48,33,58,58,41,37,
2020-08-02,62,57,45,28,65,64,47,44,
2020-08-03,53,51,40,30,58,56,42,39,
2020-08-04,56,63,58,43,73,77,53,53,
2020-08-05,64,78,54,44,83,79,61,53,32
2020-08-06,65,80,61,47,81,70,60,56,24
2020-08-07,62,66,74,59,73,66,60,66,37
2020-08-08,56,71,79,58,77,70,62,68,29
2020-08-09,48,53,51,43,67,53,44,49,28
2020-08-10,52,51,46,37,56,51,46,41,26
2020-08-11,57,60,60,51,67,57,,53,64
2020-08-12,52,50,50,38,57,49,,46,51
2020-08-13,56,60,50,39,15,57,51,44,60
2020-08-14,53,55,54,37,9,53,47,45,57
2020-08-15,46,52,57,28,9,57,45,52,51
2020-08-16,52,57,57,31,17,67,51,55,63
2020-08-17,42,56,57,28,10,70,48,51,68
2020-08-18,49,51,50,23,8,65,51,49,61
2020-08-19,52,49,28,14,59,60,52,33,49
2020-08-20,50,53,41,29,65,64,52,42,58
2020-08-21,53,54,36,,61,60,45,37,52
2020-08-22,53,54,37,,63,61,49,37,53
2020-08-23,43,51,43,,60,60,44,46,56
2020-08-24,40,48,48,,56,57,44,44,50
2020-08-25,38,36,42,,55,54,36,37,47
2020-08-26,41,35,36,,48,51,36,33,45
2020-08-27,51,44,44,,55,59,39,37,52
2020-08-28,55,57,58,,60,72,53,49,68
2020-08-29,52,52,49,,60,71,45,39,62
2020-08-30,32,44,37,,51,56,40,39,53
2020-08-31,56,64,55,,82,79,54,52,75
2020-09-01,56,61,44,,74,76,54,44,63
2020-09-02,56,54,40,55,71,68,51,38,59
2020-09-03,60,59,49,58,75,78,50,45,73
2020-09-04,55,53,54,65,65,57,47,47,54
2020-09-05,53,56,52,62,67,62,51,53,54
2020-09-06,50,50,43,55,59,58,44,48,51
2020-09-07,53,36,36,42,49,56,31,30,43
2020-09-08,54,40,41,50,54,62,38,40,48
2020-09-09,53,54,36,49,62,65,43,35,54
2020-09-10,58,53,52,57,63,67,45,36,62
2020-09-11,62,58,53,63,69,70,51,55,57
2020-09-12,61,56,51,59,67,76,53,44,61
2020-09-13,52,60,61,68,70,71,54,54,65
2020-09-14,54,61,58,67,70,74,54,56,62
2020-09-15,64,55,54,65,73,70,50,58,55
2020-09-16,62,50,41,52,62,61,44,36,50
2020-09-17,56,49,35,49,63,63,48,35,51
2020-09-18,51,49,35,43,58,60,45,31,49
2020-09-19,57,65,52,68,76,77,59,52,64
2020-09-20,54,60,53,68,72,75,54,55,63
2020-09-21,54,51,45,55,62,69,39,44,56
2020-09-22,56,59,43,56,61,67,50,35,54
2020-09-23,55,53,44,58,69,84,45,39,55
2020-09-24,59,55,53,63,71,72,54,49,55
2020-09-25,57,52,50,57,65,73,,46,55
2020-09-26,55,50,50,57,59,67,44,39,50
2020-09-27,52,50,50,63,68,72,56,54,67
2020-09-28,52,52,49,64,68,66,62,63,64
2020-09-29,58,58,50,61,71,74,52,50,57
2020-09-30,61,61,39,58,71,69,64,38,52
